,entropy,perplexity,per_word_perplexity,passed_quality_check,n_stop_words,alpha_ratio,mean_word_length,doc_length,symbol_to_word_ratio_#,proportion_ellipsis,proportion_bullet_points,contains_lorem ipsum,duplicate_line_chr_fraction,duplicate_paragraph_chr_fraction,duplicate_ngram_chr_fraction_5,duplicate_ngram_chr_fraction_6,duplicate_ngram_chr_fraction_7,duplicate_ngram_chr_fraction_8,duplicate_ngram_chr_fraction_9,duplicate_ngram_chr_fraction_10,top_ngram_chr_fraction_2,top_ngram_chr_fraction_3,top_ngram_chr_fraction_4,oov_ratio,token_length_mean,token_length_median,token_length_std,sentence_length_mean,sentence_length_median,sentence_length_std,syllables_per_token_mean,syllables_per_token_median,syllables_per_token_std,n_tokens,n_unique_tokens,proportion_unique_tokens,n_characters,n_sentences,flesch_reading_ease,flesch_kincaid_grade,smog,gunning_fog,automated_readability_index,coleman_liau_index,lix,rix,dependency_distance_mean,dependency_distance_std,prop_adjacent_dependency_relation_mean,prop_adjacent_dependency_relation_std,pos_prop_ADJ,pos_prop_ADP,pos_prop_ADV,pos_prop_AUX,pos_prop_CCONJ,pos_prop_DET,pos_prop_INTJ,pos_prop_NOUN,pos_prop_NUM,pos_prop_PART,pos_prop_PRON,pos_prop_PROPN,pos_prop_PUNCT,pos_prop_SCONJ,pos_prop_SYM,pos_prop_VERB,pos_prop_X,pos_prop_SPACE,first_order_coherence,second_order_coherence,id
0,2.179815750968977,8.844676485511258,0.1881846060747076,True,23.0,0.7872340425531915,3.021276595744681,47.0,0.0,0.0,0.0,0.0,0.0,0.0,0.0,0.0,0.0,0.0,0.0,0.0,0.0,0.0,0.0,0.0425531914893617,3.5428571428571427,3.0,1.6620616653998843,5.0,5.0,3.070597894314954,1.0571428571428572,1.0,0.23211538298959888,35,29,0.8285714285714286,141,7,112.32571428571431,-1.1657142857142837,3.1291,2.0,-2.243142857142857,-0.8880000000000035,10.714285714285715,0.2857142857142857,1.4235209235209234,0.6210122308384884,0.45526695526695526,0.0732101061700769,0.1276595744680851,0.02127659574468085,0.0,0.14893617021276595,0.02127659574468085,0.1276595744680851,0.0425531914893617,0.10638297872340426,0.0,0.0,0.14893617021276595,0.0,0.1702127659574468,0.0,0.0,0.0425531914893617,0.0,0.0425531914893617,0.5589529971281687,0.6306557059288025,dailydialog-10476
1,0.014302229746807116,1.0144049959789476,0.5072024979894738,False,0.0,0.5,2.5,2.0,0.0,0.0,0.0,0.0,0.0,0.0,0.0,0.0,0.0,0.0,0.0,0.0,0.0,0.0,0.0,0.5,2.5,2.5,1.5,2.0,2.0,0.0,1.0,1.0,0.0,2,2,1.0,5,1,120.20500000000001,-3.01,,0.8,-8.655,-15.9,2.0,0.0,0.5,0.0,0.5,0.0,0.0,0.0,0.0,0.0,0.0,0.0,0.0,0.5,0.0,0.0,0.0,0.0,0.0,0.0,0.0,0.0,0.0,0.5,,,dailydialog-1824
2,2.2116888087060453,9.13112410092032,0.1601951596652688,True,30.0,0.8771929824561403,3.456140350877193,57.0,0.0,0.0,0.0,0.0,0.0,0.0,0.0,0.0,0.0,0.0,0.0,0.0,0.09876543209876543,0.12345679012345678,0.0,0.017543859649122806,3.8541666666666665,3.0,1.7439130250356207,24.0,24.0,4.0,1.125,1.0,0.3886407938787006,48,21,0.4375,197,2,87.30000000000003,7.044999999999998,,10.433333333333334,8.723125,5.629166666666663,38.583333333333336,3.5,3.422348484848485,0.21401515151515138,0.4412878787878788,0.01704545454545453,0.05263157894736842,0.15789473684210525,0.017543859649122806,0.0,0.0,0.15789473684210525,0.0,0.2982456140350877,0.0,0.05263157894736842,0.03508771929824561,0.0,0.10526315789473684,0.03508771929824561,0.0,0.07017543859649122,0.0,0.017543859649122806,0.9389092922210693,,dailydialog-409
3,0.7899753934722493,2.20334220898768,0.09180592537448667,True,14.0,0.8333333333333334,3.5833333333333335,24.0,0.0,0.0,0.0,0.0,0.0,0.0,0.0,0.0,0.0,0.0,0.0,0.0,0.0,0.0,0.0,0.041666666666666664,4.222222222222222,3.5,2.739739556875101,6.0,8.0,3.559026084010437,1.3333333333333333,1.0,0.816496580927726,18,16,0.8888888888888888,86,3,87.94500000000002,2.4833333333333343,7.793537801064561,6.844444444444445,1.456666666666667,4.093333333333334,28.22222222222222,1.3333333333333333,1.3915343915343914,0.9972106333864977,0.25396825396825395,0.18374344290143213,0.125,0.041666666666666664,0.0,0.16666666666666666,0.041666666666666664,0.0,0.041666666666666664,0.08333333333333333,0.0,0.041666666666666664,0.20833333333333334,0.0,0.125,0.0,0.0,0.08333333333333333,0.0,0.041666666666666664,0.27694618701934814,0.0,dailydialog-4506
4,1.1427422998174854,3.135354669232435,0.08958156197806957,True,19.0,0.8571428571428571,3.5714285714285716,35.0,0.0,0.0,0.0,0.0,0.0,0.0,0.0,0.0,0.0,0.0,0.0,0.0,0.0,0.0,0.0,0.02857142857142857,3.903225806451613,4.0,2.0533974790760707,15.5,15.5,0.5,1.1612903225806452,1.0,0.36779852422552833,31,29,0.9354838709677419,125,2,92.85733870967744,4.158225806451615,,6.2,4.704193548387096,5.241290322580642,31.629032258064516,2.5,2.6797385620915035,0.20915032679738554,0.3741830065359477,0.09640522875816993,0.0,0.02857142857142857,0.11428571428571428,0.05714285714285714,0.0,0.05714285714285714,0.0,0.17142857142857143,0.0,0.05714285714285714,0.17142857142857143,0.0,0.11428571428571428,0.05714285714285714,0.0,0.14285714285714285,0.0,0.02857142857142857,0.7714295387268066,,dailydialog-4012
5,0.39202630765371793,1.4799766456032557,0.1345433314184778,True,7.0,0.8181818181818182,3.0,11.0,0.0,0.0,0.0,0.0,0.0,0.0,0.0,0.0,0.0,0.0,0.0,0.0,0.0,0.0,0.0,0.09090909090909091,3.3333333333333335,3.0,2.160246899469287,4.5,4.5,3.5,1.1111111111111112,1.0,0.3142696805273545,9,8,0.8888888888888888,33,2,108.26750000000001,-0.7238888888888866,,1.8,-3.479999999999997,-2.777777777777777,15.61111111111111,0.5,1.0,1.0,0.25,0.25,0.0,0.09090909090909091,0.09090909090909091,0.09090909090909091,0.0,0.0,0.0,0.0,0.0,0.0,0.2727272727272727,0.0,0.09090909090909091,0.09090909090909091,0.0,0.18181818181818182,0.0,0.09090909090909091,0.0,,dailydialog-3657
6,0.5302440318341948,1.699346952777125,0.14161224606476042,False,4.0,0.6666666666666666,2.5,12.0,0.0,0.0,0.0,0.0,0.0,0.0,0.0,0.0,0.0,0.0,0.0,0.0,0.0,0.0,0.0,0.08333333333333333,3.125,3.5,1.5360257159305635,4.0,4.0,0.0,1.0,1.0,0.0,8,8,1.0,30,2,118.17500000000001,-2.2299999999999986,,1.6,-4.71125,-4.824999999999999,4.0,0.0,1.5142857142857142,0.08571428571428574,0.41428571428571426,0.014285714285714263,0.08333333333333333,0.0,0.0,0.08333333333333333,0.0,0.0,0.08333333333333333,0.0,0.0,0.08333333333333333,0.16666666666666666,0.08333333333333333,0.25,0.0,0.0,0.08333333333333333,0.0,0.08333333333333333,0.47827428579330444,,dailydialog-2286
7,0.480913964370022,1.6175521117999025,0.16175521117999025,False,5.0,0.7,2.8,10.0,0.0,0.0,0.0,0.0,0.0,0.0,0.0,0.0,0.0,0.0,0.0,0.0,0.0,0.0,0.0,0.1,3.4285714285714284,3.0,2.1285234893930483,2.3333333333333335,3.0,0.9428090415820634,1.1428571428571428,1.0,0.3499271061118826,7,7,1.0,28,3,107.7809523809524,-1.194285714285714,3.1291,0.9333333333333335,-4.114761904761906,-8.32571428571429,16.619047619047617,0.3333333333333333,0.7999999999999999,0.5887840577551898,0.3,0.21602468994692867,0.1,0.0,0.1,0.2,0.0,0.0,0.0,0.0,0.0,0.0,0.2,0.0,0.2,0.0,0.0,0.1,0.0,0.1,0.29974737763404846,0.0,dailydialog-1679
8,1.3041581720574043,3.6845860003009547,0.08986795122685255,True,20.0,0.8292682926829268,3.7560975609756095,41.0,0.0,0.0,0.0,0.0,0.0,0.0,0.0,0.0,0.0,0.0,0.0,0.0,0.0,0.0,0.0,0.04878048780487805,4.264705882352941,3.5,2.9932160898527913,8.5,7.5,6.576473218982953,1.4705882352941178,1.0,0.8823529411764706,34,28,0.8235294117647058,154,4,73.79573529411766,5.077941176470592,9.516144504307135,9.282352941176471,2.9067647058823525,5.7941176470588225,34.970588235294116,2.25,1.8375,1.250687311041413,0.2875,0.16723860200324564,0.07317073170731707,0.04878048780487805,0.0,0.07317073170731707,0.024390243902439025,0.07317073170731707,0.024390243902439025,0.17073170731707318,0.0,0.04878048780487805,0.14634146341463414,0.04878048780487805,0.12195121951219512,0.0,0.0,0.0975609756097561,0.0,0.04878048780487805,0.37313808997472125,0.21947093307971954,dailydialog-11087
9,3.7924252505834835,44.363863396399914,0.4185270131735841,False,59.0,0.7830188679245284,3.0849056603773586,106.0,0.0,0.0,0.0,0.0,0.0,0.0,0.27543424317617865,0.1687344913151365,0.1687344913151365,0.1687344913151365,0.1687344913151365,0.0,0.05955334987593052,0.08188585607940446,0.10421836228287841,0.018867924528301886,3.6790123456790123,3.0,1.9615259900710285,5.4,6.0,3.0724582991474434,1.1481481481481481,1.0,0.5237828008789241,81,44,0.5432098765432098,326,15,104.22066666666669,0.06414814814814918,5.2151,3.147654320987655,-1.401851851851852,0.35111111111110915,15.276543209876543,0.5333333333333333,1.5112938912938914,0.6781286765469746,0.4184247234247235,0.14689759973829095,0.03773584905660377,0.0660377358490566,0.02830188679245283,0.10377358490566038,0.02830188679245283,0.03773584905660377,0.03773584905660377,0.1509433962264151,0.0,0.018867924528301886,0.19811320754716982,0.009433962264150943,0.18867924528301888,0.0,0.0,0.07547169811320754,0.0,0.018867924528301886,0.5653940332787377,0.6384368745180277,dailydialog-8935
10,0.8911954773849637,2.4380425345135395,0.10158510560473082,True,13.0,0.7916666666666666,3.5416666666666665,24.0,0.0,0.0,0.0,0.0,0.0,0.0,0.0,0.0,0.0,0.0,0.0,0.0,0.0,0.0,0.0,0.08333333333333333,4.0,3.0,3.1304951684997055,10.0,10.0,4.0,1.4,1.0,0.9695359714832658,20,19,0.95,84,2,78.24500000000002,4.830000000000002,,8.0,2.41,4.759999999999998,30.0,2.0,1.8781512605042017,0.592436974789916,0.49159663865546216,0.07983193277310924,0.125,0.0,0.0,0.16666666666666666,0.041666666666666664,0.041666666666666664,0.0,0.041666666666666664,0.0,0.041666666666666664,0.20833333333333334,0.0,0.125,0.041666666666666664,0.0,0.08333333333333333,0.0,0.08333333333333333,0.6407607793807983,,dailydialog-1424
11,1.3215197939734178,3.749114931929121,0.10711756948368917,True,17.0,0.8285714285714286,3.8,35.0,0.0,0.0,0.0,0.0,0.0,0.0,0.0,0.0,0.0,0.0,0.0,0.0,0.0,0.0,0.0,0.05714285714285714,4.275862068965517,4.0,2.9231130279341713,7.25,5.5,6.722164829874376,1.5172413793103448,1.0,0.8952244817756668,29,24,0.8275862068965517,133,4,71.11762931034485,5.140948275862069,8.841846274778883,8.417241379310346,2.3343103448275855,5.259310344827586,34.83620689655172,2.0,1.119047619047619,1.1316413941253471,0.2113095238095238,0.21135143782834515,0.08571428571428572,0.05714285714285714,0.02857142857142857,0.11428571428571428,0.02857142857142857,0.05714285714285714,0.0,0.2,0.0,0.02857142857142857,0.14285714285714285,0.02857142857142857,0.11428571428571428,0.0,0.0,0.05714285714285714,0.0,0.05714285714285714,0.31941015521685284,0.0663631334900856,dailydialog-9674
12,0.6850108414240125,1.9837933425653564,0.09446634964596935,True,11.0,0.8095238095238095,4.095238095238095,21.0,0.0,0.0,0.0,0.0,0.0,0.0,0.0,0.0,0.0,0.0,0.0,0.0,0.0,0.0,0.0,0.047619047619047616,4.611111111111111,4.0,3.1116071033200994,9.0,9.0,2.0,1.5,1.0,1.0137937550497031,18,15,0.8333333333333334,86,2,70.80000000000003,5.6200000000000045,,8.044444444444444,4.78833333333333,8.024444444444441,25.666666666666664,1.5,1.8894230769230769,0.26442307692307687,0.4423076923076923,0.05769230769230768,0.0,0.09523809523809523,0.0,0.09523809523809523,0.0,0.047619047619047616,0.047619047619047616,0.14285714285714285,0.0,0.0,0.23809523809523808,0.0,0.14285714285714285,0.0,0.0,0.14285714285714285,0.0,0.047619047619047616,0.8156481981277466,,dailydialog-6912
13,0.014302229746807116,1.0144049959789476,0.5072024979894738,False,0.0,0.5,2.5,2.0,0.0,0.0,0.0,0.0,0.0,0.0,0.0,0.0,0.0,0.0,0.0,0.0,0.0,0.0,0.0,0.5,2.5,2.5,1.5,2.0,2.0,0.0,1.0,1.0,0.0,2,2,1.0,5,1,120.20500000000001,-3.01,,0.8,-8.655,-15.9,2.0,0.0,0.5,0.0,0.5,0.0,0.0,0.0,0.0,0.0,0.0,0.0,0.0,0.5,0.0,0.0,0.0,0.0,0.0,0.0,0.0,0.0,0.0,0.5,,,dailydialog-520
14,3.100931053712789,22.218628390654498,0.26139562812534706,True,49.0,0.8352941176470589,3.235294117647059,85.0,0.0,0.0,0.0,0.0,0.0,0.0,0.0,0.0,0.0,0.0,0.0,0.0,0.0,0.0,0.0,0.011764705882352941,3.7058823529411766,3.0,2.4317678363052218,7.555555555555555,5.0,4.399775527382962,1.1764705882352942,1.0,0.4832846095633819,68,50,0.7352941176470589,275,9,99.63669934640524,1.2390196078431366,5.033348758259628,3.6104575163398693,-0.19751633986927786,2.0729411764705894,22.26143790849673,1.1111111111111112,1.9230399230399229,0.5227644230787428,0.387999037999038,0.0738472191986815,0.03529411764705882,0.047058823529411764,0.023529411764705882,0.10588235294117647,0.03529411764705882,0.07058823529411765,0.011764705882352941,0.09411764705882353,0.0,0.047058823529411764,0.2,0.011764705882352941,0.15294117647058825,0.023529411764705882,0.0,0.12941176470588237,0.0,0.011764705882352941,0.5649704709649086,0.6259201552186694,dailydialog-488
15,2.3953595409587303,10.972142284538936,0.15239086506304078,True,34.0,0.7916666666666666,3.263888888888889,72.0,0.0,0.0,0.0,0.0,0.0,0.0,0.0,0.0,0.0,0.0,0.0,0.0,0.0,0.0,0.0,0.013888888888888888,3.9074074074074074,3.0,1.9556993493710417,5.4,5.0,2.4166091947189146,1.1851851851851851,1.0,0.546845298527163,54,42,0.7777777777777778,235,10,101.08733333333336,0.5011851851851858,5.683917801722854,3.641481481481482,-0.3261111111111106,1.6940740740740736,12.807407407407407,0.4,1.7375613275613275,0.564098448378387,0.43433982683982686,0.13116509904610094,0.05555555555555555,0.05555555555555555,0.027777777777777776,0.1111111111111111,0.0,0.013888888888888888,0.027777777777777776,0.1111111111111111,0.0,0.0,0.19444444444444445,0.05555555555555555,0.19444444444444445,0.041666666666666664,0.0,0.09722222222222222,0.0,0.013888888888888888,0.6309730741712782,0.6470441110432148,dailydialog-1535
16,0.6338449440230047,1.8848437835603675,0.11087316373884515,True,9.0,0.7647058823529411,3.5294117647058822,17.0,0.0,0.0,0.0,0.0,0.0,0.0,0.0,0.0,0.0,0.0,0.0,0.0,0.0,0.0,0.0,0.058823529411764705,4.333333333333333,3.5,2.9533408577782247,4.0,5.0,2.160246899469287,1.4166666666666667,1.0,0.759202798262025,12,11,0.9166666666666666,60,3,82.92500000000001,2.6866666666666674,7.793537801064561,8.266666666666666,0.9800000000000004,2.2799999999999976,29.0,1.0,1.2751322751322751,0.9160929131205042,0.24338624338624337,0.18389573753420915,0.058823529411764705,0.0,0.0,0.17647058823529413,0.0,0.0,0.058823529411764705,0.058823529411764705,0.0,0.058823529411764705,0.23529411764705882,0.0,0.17647058823529413,0.0,0.0,0.11764705882352941,0.0,0.058823529411764705,0.3038319945335388,0.0,dailydialog-3582
17,2.0060487960431295,7.4338864403327864,0.1351615716424143,True,30.0,0.8363636363636363,3.290909090909091,55.0,0.0,0.0,0.0,0.0,0.0,0.0,0.0,0.0,0.0,0.0,0.0,0.0,0.0,0.0,0.0,0.01818181818181818,3.880952380952381,3.5,2.2382218809154324,6.0,6.0,3.625307868699863,1.1904761904761905,1.0,0.39267672624930094,42,34,0.8095238095238095,181,7,100.0307142857143,0.7976190476190474,3.1291,2.4000000000000004,-0.1507142857142867,2.0866666666666625,20.285714285714285,0.8571428571428571,1.7857142857142858,1.000889626957675,0.3666666666666667,0.1652319197418807,0.01818181818181818,0.07272727272727272,0.09090909090909091,0.09090909090909091,0.01818181818181818,0.05454545454545454,0.01818181818181818,0.10909090909090909,0.0,0.0,0.16363636363636364,0.01818181818181818,0.14545454545454545,0.03636363636363636,0.0,0.14545454545454545,0.0,0.01818181818181818,0.5339660247166952,0.4969385385513306,dailydialog-3811
18,4.5759230996664,97.11764703964164,0.9076415611181462,True,50.0,0.7757009345794392,3.02803738317757,107.0,0.0,0.0,0.0,0.0,0.0,0.0,0.0,0.0,0.0,0.0,0.0,0.0,0.0,0.0,0.0,0.009345794392523364,3.6296296296296298,3.0,1.8555518592407925,5.4,5.0,2.870540018881465,1.1728395061728396,1.0,0.5619657618143724,81,53,0.654320987654321,324,15,102.13177777777778,0.35550617283950814,6.42735559955562,4.629135802469136,-1.6344444444444441,0.06074074074074076,12.807407407407407,0.4,1.6999063899063898,0.5912227010391722,0.3856715506715506,0.07720325788651504,0.11214953271028037,0.04672897196261682,0.028037383177570093,0.06542056074766354,0.037383177570093455,0.06542056074766354,0.06542056074766354,0.14018691588785046,0.0,0.0,0.14018691588785046,0.0,0.21495327102803738,0.0,0.0,0.07476635514018691,0.0,0.009345794392523364,0.6038054951599666,0.6263716885676751,dailydialog-8279
19,0.6729857857240559,1.9600809741366048,0.10316215653350551,True,11.0,0.7894736842105263,3.0,19.0,0.0,0.0,0.0,0.0,0.0,0.0,0.0,0.0,0.0,0.0,0.0,0.0,0.0,0.0,0.0,0.05263157894736842,3.6153846153846154,3.0,1.902971827208151,4.333333333333333,4.0,2.8674417556808756,1.2307692307692308,1.0,0.5756395979652217,13,11,0.8461538461538461,57,3,98.31358974358974,0.6230769230769262,6.42735559955562,4.810256410256411,-2.2348717948717933,-1.3723076923076931,12.025641025641026,0.3333333333333333,1.2102564102564102,0.9205378183878068,0.26153846153846155,0.185042241565833,0.10526315789473684,0.0,0.0,0.21052631578947367,0.0,0.0,0.05263157894736842,0.0,0.0,0.05263157894736842,0.2631578947368421,0.0,0.15789473684210525,0.0,0.0,0.10526315789473684,0.0,0.05263157894736842,0.3092786371707916,0.0,dailydialog-9863
20,0.014302229746807116,1.0144049959789476,0.5072024979894738,False,0.0,0.5,2.5,2.0,0.0,0.0,0.0,0.0,0.0,0.0,0.0,0.0,0.0,0.0,0.0,0.0,0.0,0.0,0.0,0.5,2.5,2.5,1.5,2.0,2.0,0.0,1.0,1.0,0.0,2,2,1.0,5,1,120.20500000000001,-3.01,,0.8,-8.655,-15.9,2.0,0.0,0.5,0.0,0.5,0.0,0.0,0.0,0.0,0.0,0.0,0.0,0.0,0.5,0.0,0.0,0.0,0.0,0.0,0.0,0.0,0.0,0.0,0.5,,,dailydialog-434
21,0.014557049569323103,1.0146635194170317,0.33822117313901057,False,0.0,0.0,2.0,3.0,0.0,0.0,0.0,0.0,0.0,0.0,0.0,0.0,0.0,0.0,0.0,0.0,0.0,0.0,0.0,0.3333333333333333,2.0,1.0,1.4142135623730951,3.0,3.0,0.0,1.0,1.0,0.0,3,3,1.0,6,1,119.19000000000003,-2.619999999999999,,1.2000000000000002,-10.51,-13.906666666666666,3.0,0.0,1.0,0.0,0.3333333333333333,0.0,0.0,0.0,0.0,0.0,0.0,0.0,0.0,0.0,0.3333333333333333,0.0,0.0,0.0,0.0,0.0,0.3333333333333333,0.0,0.0,0.3333333333333333,,,dailydialog-9195
22,0.014302229746807116,1.0144049959789476,0.5072024979894738,False,0.0,0.5,2.5,2.0,0.0,0.0,0.0,0.0,0.0,0.0,0.0,0.0,0.0,0.0,0.0,0.0,0.0,0.0,0.0,0.5,2.5,2.5,1.5,2.0,2.0,0.0,1.0,1.0,0.0,2,2,1.0,5,1,120.20500000000001,-3.01,,0.8,-8.655,-15.9,2.0,0.0,0.5,0.0,0.5,0.0,0.0,0.0,0.0,0.0,0.0,0.0,0.0,0.5,0.0,0.0,0.0,0.0,0.0,0.0,0.0,0.0,0.0,0.5,,,dailydialog-3257
23,1.8186729125859162,6.163673286628058,0.1257892507475114,True,22.0,0.7959183673469388,3.4081632653061225,49.0,0.0,0.0,0.0,0.0,0.0,0.0,0.0,0.0,0.0,0.0,0.0,0.0,0.0,0.0,0.0,0.02040816326530612,3.8292682926829267,4.0,2.0230674491051435,10.25,11.0,6.417748826496718,1.1951219512195121,1.0,0.5045892894043219,41,32,0.7804878048780488,167,4,95.32393292682929,2.5099390243902455,7.168621630094336,6.051219512195122,1.730853658536585,3.828292682926829,20.00609756097561,1.0,1.6676479468599035,0.963166697306383,0.3435235507246377,0.2146025983408275,0.04081632653061224,0.10204081632653061,0.0,0.061224489795918366,0.04081632653061224,0.12244897959183673,0.0,0.2653061224489796,0.04081632653061224,0.0,0.08163265306122448,0.0,0.14285714285714285,0.0,0.0,0.08163265306122448,0.0,0.02040816326530612,0.5136350989341736,0.3494017422199249,dailydialog-10647
24,3.644414648073634,38.26037051398807,0.39854552618737576,False,57.0,0.8229166666666666,2.90625,96.0,0.0,0.0,0.0,0.0,0.0,0.0,0.0,0.0,0.0,0.0,0.0,0.0,0.0,0.0,0.0,0.010416666666666666,3.375,3.0,1.5937159582421063,5.538461538461538,5.0,3.1037293848972327,1.0833333333333333,1.0,0.3632415786283895,72,50,0.6944444444444444,279,13,109.56346153846157,-0.6466666666666665,5.369823440869386,3.3264957264957262,-2.7645192307692312,-1.299444444444445,9.705128205128204,0.23076923076923078,1.6266941391941394,0.6644955754371309,0.3528083028083028,0.13041769905119932,0.07291666666666667,0.020833333333333332,0.09375,0.14583333333333334,0.052083333333333336,0.010416666666666666,0.020833333333333332,0.03125,0.010416666666666666,0.052083333333333336,0.17708333333333334,0.041666666666666664,0.16666666666666666,0.010416666666666666,0.0,0.08333333333333333,0.0,0.010416666666666666,0.5619733283917109,0.6296681761741638,dailydialog-8928
25,0.6192910840753425,1.8576106851574234,0.10927121677396609,True,7.0,0.7647058823529411,3.9411764705882355,17.0,0.0,0.0,0.0,0.0,0.0,0.0,0.0,0.0,0.0,0.0,0.0,0.0,0.0,0.0,0.0,0.058823529411764705,4.769230769230769,3.0,3.925338714514792,6.5,6.5,5.5,1.6153846153846154,1.0,1.2733034890189885,13,12,0.9230769230769231,67,2,63.57596153846157,6.006538461538462,,8.753846153846155,4.283076923076923,7.689230769230765,29.576923076923077,1.5,1.25,1.25,0.1875,0.1875,0.23529411764705882,0.058823529411764705,0.0,0.11764705882352941,0.0,0.0,0.0,0.058823529411764705,0.0,0.11764705882352941,0.11764705882352941,0.0,0.11764705882352941,0.0,0.0,0.11764705882352941,0.0,0.058823529411764705,0.0,,dailydialog-6873
26,0.21090729344205483,1.2347978758941593,0.2057996459823599,False,2.0,0.6666666666666666,3.1666666666666665,6.0,0.0,0.0,0.0,0.0,0.0,0.0,0.0,0.0,0.0,0.0,0.0,0.0,0.0,0.0,0.0,0.16666666666666666,3.6,3.0,2.4166091947189146,5.0,5.0,0.0,1.2,1.0,0.4,5,5,1.0,19,1,100.24000000000002,0.5199999999999996,,2.0,-1.9740000000000002,-0.5520000000000014,25.0,1.0,1.0,0.0,0.6666666666666666,0.0,0.16666666666666666,0.0,0.0,0.16666666666666666,0.0,0.0,0.0,0.16666666666666666,0.0,0.0,0.16666666666666666,0.0,0.16666666666666666,0.0,0.0,0.0,0.0,0.16666666666666666,,,dailydialog-3611
27,0.927525220996332,2.5282445824620696,0.11492020829373044,False,11.0,0.7727272727272727,2.272727272727273,22.0,0.0,0.0,0.0,0.0,0.0,0.0,0.0,0.0,0.0,0.0,0.0,0.0,0.0,0.0,0.0,0.045454545454545456,2.625,2.0,1.1110243021644486,4.0,3.5,2.7386127875258306,1.0,1.0,0.0,16,14,0.875,50,4,118.17500000000001,-2.2299999999999986,3.1291,1.6,-7.06625,-7.765000000000001,4.0,0.0,1.2285714285714286,0.827832182540024,0.35714285714285715,0.20824828195876072,0.09090909090909091,0.09090909090909091,0.045454545454545456,0.09090909090909091,0.0,0.0,0.045454545454545456,0.0,0.0,0.045454545454545456,0.22727272727272727,0.0,0.18181818181818182,0.0,0.0,0.13636363636363635,0.0,0.045454545454545456,0.3363252580165863,0.32118910551071167,dailydialog-7359
28,0.6729857857240559,1.9600809741366048,0.10316215653350551,True,11.0,0.7894736842105263,3.0,19.0,0.0,0.0,0.0,0.0,0.0,0.0,0.0,0.0,0.0,0.0,0.0,0.0,0.0,0.0,0.0,0.05263157894736842,3.6153846153846154,3.0,1.902971827208151,4.333333333333333,4.0,2.8674417556808756,1.2307692307692308,1.0,0.5756395979652217,13,11,0.8461538461538461,57,3,98.31358974358974,0.6230769230769262,6.42735559955562,4.810256410256411,-2.2348717948717933,-1.3723076923076931,12.025641025641026,0.3333333333333333,1.2102564102564102,0.9205378183878068,0.26153846153846155,0.185042241565833,0.10526315789473684,0.0,0.0,0.21052631578947367,0.0,0.0,0.05263157894736842,0.0,0.0,0.05263157894736842,0.2631578947368421,0.0,0.15789473684210525,0.0,0.0,0.10526315789473684,0.0,0.05263157894736842,0.3092786371707916,0.0,dailydialog-9654
29,3.689878544942297,40.039983603434244,0.37074058892068745,True,60.0,0.8796296296296297,3.8518518518518516,108.0,0.0,0.0,0.0,0.0,0.0,0.0,0.0,0.0,0.0,0.0,0.0,0.0,0.0,0.0,0.0,0.009259259259259259,4.25531914893617,4.0,2.2735115318330803,9.4,9.5,3.746998799039039,1.2765957446808511,1.0,0.5137317645808355,94,63,0.6702127659574468,416,10,89.29400000000001,3.1398297872340457,6.2581,5.036595744680851,3.3125531914893607,6.072340425531909,27.485106382978728,1.7,2.1058980235450826,0.5696026865325334,0.376880766292531,0.07143598572440937,0.08333333333333333,0.037037037037037035,0.06481481481481481,0.1111111111111111,0.037037037037037035,0.046296296296296294,0.009259259259259259,0.12037037037037036,0.0,0.037037037037037035,0.18518518518518517,0.0,0.1111111111111111,0.018518518518518517,0.0,0.12962962962962962,0.0,0.009259259259259259,0.7421088483598497,0.726543240249157,dailydialog-4557
30,0.6272567321189054,1.8724668490098115,0.15603890408415097,True,6.0,0.75,3.1666666666666665,12.0,0.0,0.0,0.0,0.0,0.0,0.0,0.0,0.0,0.0,0.0,0.0,0.0,0.0,0.0,0.0,0.08333333333333333,3.875,2.5,3.2572035551988456,4.0,4.0,3.0,1.375,1.0,0.6959705453537527,8,7,0.875,38,2,86.45000000000002,2.1950000000000003,,6.6000000000000005,-1.1787500000000009,-0.41499999999999915,29.0,1.0,1.0909090909090908,1.0909090909090908,0.18181818181818182,0.18181818181818182,0.08333333333333333,0.0,0.0,0.16666666666666666,0.0,0.08333333333333333,0.0,0.08333333333333333,0.0,0.08333333333333333,0.16666666666666666,0.0,0.16666666666666666,0.0,0.0,0.08333333333333333,0.0,0.08333333333333333,0.0,,dailydialog-106
31,3.7097088416304027,40.84191333077585,0.39271070510361394,True,48.0,0.8076923076923077,3.2788461538461537,104.0,0.0,0.0,0.0,0.0,0.0,0.0,0.0,0.0,0.0,0.0,0.0,0.0,0.0,0.0,0.0,0.009615384615384616,3.8395061728395063,4.0,1.8152766692062026,5.4,6.0,2.916619047230314,1.1481481481481481,1.0,0.4190262407031393,81,55,0.6790123456790124,341,15,104.22066666666669,0.06414814814814918,5.2151,3.147654320987655,-0.6459259259259262,1.2948148148148135,16.511111111111113,0.6,1.5848220298220297,0.7739816533318038,0.35278499278499276,0.15813275912183616,0.057692307692307696,0.057692307692307696,0.038461538461538464,0.07692307692307693,0.0,0.07692307692307693,0.057692307692307696,0.11538461538461539,0.0,0.038461538461538464,0.125,0.04807692307692308,0.18269230769230768,0.019230769230769232,0.0,0.09615384615384616,0.0,0.009615384615384616,0.5086546173053128,0.47418187902523923,dailydialog-2615
32,1.3015972249848025,3.675162042848405,0.08963809860605866,True,19.0,0.8536585365853658,3.951219512195122,41.0,0.0,0.0,0.0,0.0,0.0,0.0,0.0,0.0,0.0,0.0,0.0,0.0,0.0,0.0,0.0,0.024390243902439025,4.428571428571429,4.0,3.0169588688489823,11.666666666666666,14.0,7.93025150224688,1.457142857142857,1.0,0.9053131153002776,35,32,0.9142857142857143,162,3,71.71904761904764,6.154285714285717,9.725611199111238,9.238095238095239,5.261904761904763,7.702857142857145,31.666666666666664,2.3333333333333335,1.7083333333333333,1.217636599683538,0.2916666666666667,0.21245914639969937,0.0975609756097561,0.12195121951219512,0.024390243902439025,0.0975609756097561,0.024390243902439025,0.024390243902439025,0.0,0.24390243902439024,0.0,0.024390243902439025,0.12195121951219512,0.024390243902439025,0.12195121951219512,0.0,0.0,0.04878048780487805,0.0,0.024390243902439025,0.3978162705898285,0.0,dailydialog-6924
33,4.245212063449357,69.77055435961259,0.6840250427412999,False,59.0,0.8137254901960784,2.980392156862745,102.0,0.0,0.0,0.0,0.0,0.0,0.0,0.0,0.0,0.0,0.0,0.0,0.0,0.031746031746031744,0.0,0.0,0.00980392156862745,3.526315789473684,3.0,1.6738993572409737,5.846153846153846,5.0,3.591574624593462,1.105263157894737,1.0,0.4160891658116289,76,51,0.6710526315789473,304,13,107.3958906882591,-0.26789473684210385,4.713530739802397,2.8647773279352227,-1.897975708502024,-0.1284210526315821,11.109311740890687,0.3076923076923077,1.604573367808662,0.6122852729574959,0.37196724843783663,0.14093075092004212,0.058823529411764705,0.058823529411764705,0.09803921568627451,0.12745098039215685,0.0,0.0784313725490196,0.0196078431372549,0.09803921568627451,0.0,0.049019607843137254,0.12745098039215685,0.0,0.17647058823529413,0.00980392156862745,0.0,0.08823529411764706,0.0,0.00980392156862745,0.5333997135361036,0.5863655372099443,dailydialog-5574
34,3.0745504236361247,21.64015082392134,0.29644042224549777,True,36.0,0.7808219178082192,3.0684931506849313,73.0,0.0,0.0,0.0,0.0,0.0,0.0,0.0,0.0,0.0,0.0,0.0,0.0,0.11636363636363636,0.12,0.0,0.0136986301369863,3.642857142857143,4.0,1.505093393264677,7.0,9.0,3.774917217635375,1.0357142857142858,1.0,0.18557687223952257,56,34,0.6071428571428571,224,8,112.10857142857145,-0.6385714285714261,3.1291,2.8000000000000003,-0.7721428571428568,1.3914285714285697,8.785714285714285,0.125,1.725022893772894,1.0348751670930358,0.4141483516483516,0.16935598826370943,0.1095890410958904,0.0958904109589041,0.0547945205479452,0.0958904109589041,0.0136986301369863,0.0684931506849315,0.0136986301369863,0.1095890410958904,0.0273972602739726,0.0273972602739726,0.1232876712328767,0.0136986301369863,0.2054794520547945,0.0136986301369863,0.0,0.0136986301369863,0.0,0.0136986301369863,0.6143227304731097,0.5618950724601746,dailydialog-4552
35,2.9553086420828296,19.207650094198858,0.2065338719806329,True,44.0,0.8279569892473119,3.3548387096774195,93.0,0.0,0.0,0.0,0.0,0.0,0.0,0.0,0.0,0.0,0.0,0.0,0.0,0.0,0.0,0.0,0.021505376344086023,3.9295774647887325,3.0,2.387313556834773,6.454545454545454,5.0,5.382862306577259,1.2816901408450705,1.0,0.6539823530278253,71,54,0.7605633802816901,312,11,91.85265044814341,2.0512163892445585,6.574015621080383,4.835339308578746,0.3055825864276578,2.7200000000000024,20.539052496798977,0.9090909090909091,1.759078884078884,0.43728305206856616,0.4114357864357864,0.10483414173190338,0.043010752688172046,0.043010752688172046,0.08602150537634409,0.11827956989247312,0.0,0.021505376344086023,0.010752688172043012,0.053763440860215055,0.010752688172043012,0.08602150537634409,0.15053763440860216,0.043010752688172046,0.16129032258064516,0.021505376344086023,0.0,0.13978494623655913,0.0,0.010752688172043012,0.6323343753814697,0.5840585562917922,dailydialog-2547
36,3.427234253524676,30.791363768204242,0.38014029343462025,False,49.0,0.7777777777777778,3.037037037037037,81.0,0.045454545454545456,0.0,0.0,0.0,0.3543046357615894,0.0,0.9966887417218543,0.9966887417218543,0.9966887417218543,0.9966887417218543,0.9966887417218543,0.9966887417218543,0.07947019867549669,0.039735099337748346,0.0695364238410596,0.07407407407407407,3.5737704918032787,3.0,2.911024924534384,8.714285714285714,11.0,3.7688302737922625,1.2295081967213115,1.0,0.42051656847149704,61,18,0.29508196721311475,246,7,93.97360655737707,2.316768149882904,3.1291,3.4857142857142858,-0.24039812646369896,1.8170491803278672,23.46838407494145,1.2857142857142858,1.80187074829932,0.8343195347974671,0.3979591836734694,0.16579670213542774,0.037037037037037035,0.07407407407407407,0.037037037037037035,0.13580246913580246,0.024691358024691357,0.1111111111111111,0.0,0.1728395061728395,0.037037037037037035,0.037037037037037035,0.12345679012345678,0.0,0.1111111111111111,0.0,0.0,0.06172839506172839,0.0,0.037037037037037035,0.6127769847710928,0.7756250143051148,dailydialog-3527
37,1.103372605805396,3.014314996340847,0.10047716654469489,True,14.0,0.8,3.3666666666666667,30.0,0.0,0.0,0.0,0.0,0.0,0.0,0.0,0.0,0.0,0.0,0.0,0.0,0.0,0.0,0.0,0.03333333333333333,3.84,4.0,1.616910634512619,6.25,6.0,3.491060010942235,1.08,1.0,0.2712931993250107,25,22,0.88,101,4,109.12325000000001,-0.4084999999999983,3.1291,2.5,-0.21860000000000213,2.043199999999999,10.25,0.25,1.452991452991453,0.4531526886089423,0.45128205128205123,0.11993862116437434,0.03333333333333333,0.03333333333333333,0.0,0.06666666666666667,0.03333333333333333,0.06666666666666667,0.03333333333333333,0.13333333333333333,0.03333333333333333,0.0,0.16666666666666666,0.0,0.16666666666666666,0.0,0.0,0.2,0.0,0.03333333333333333,0.7183521787325541,0.6732779741287231,dailydialog-5514
38,1.5428798157454149,4.678042792590998,0.09953282537427655,True,25.0,0.8936170212765957,4.1063829787234045,47.0,0.0,0.0,0.0,0.0,0.0,0.0,0.0,0.0,0.0,0.0,0.0,0.0,0.0,0.0,0.0,0.02127659574468085,4.428571428571429,3.5,2.821202522590214,21.0,21.0,13.0,1.4761904761904763,1.0,0.8234103078947896,42,39,0.9285714285714286,193,2,60.634285714285724,10.019047619047623,,13.161904761904763,9.92857142857143,8.830476190476194,44.80952380952381,5.0,2.402046783625731,0.6242690058479532,0.4064327485380117,0.038011695906432746,0.0425531914893617,0.06382978723404255,0.02127659574468085,0.0851063829787234,0.0851063829787234,0.06382978723404255,0.0,0.2127659574468085,0.0,0.0425531914893617,0.10638297872340426,0.02127659574468085,0.0851063829787234,0.02127659574468085,0.0,0.1276595744680851,0.0,0.02127659574468085,0.8037349581718445,,dailydialog-1674
39,0.4133911663245151,1.511936328854218,0.11630279452724754,False,6.0,0.8461538461538461,2.6153846153846154,13.0,0.0,0.0,0.0,0.0,0.0,0.0,0.0,0.0,0.0,0.0,0.0,0.0,0.0,0.0,0.0,0.07692307692307693,2.8181818181818183,3.0,1.5850541612875177,11.0,11.0,0.0,1.0909090909090908,1.0,0.28747978728803447,11,11,1.0,34,1,103.37909090909093,1.572727272727274,,4.4,-2.6563636363636363,-1.9200000000000017,11.0,0.0,2.230769230769231,0.0,0.5384615384615384,0.0,0.15384615384615385,0.15384615384615385,0.07692307692307693,0.07692307692307693,0.0,0.07692307692307693,0.0,0.07692307692307693,0.0,0.0,0.07692307692307693,0.07692307692307693,0.07692307692307693,0.0,0.0,0.07692307692307693,0.0,0.07692307692307693,,,dailydialog-1519
40,3.1247770446179937,22.754821218066667,0.30749758402792793,True,36.0,0.8378378378378378,3.3783783783783785,74.0,0.0,0.0,0.0,0.0,0.0,0.0,0.0,0.0,0.0,0.0,0.0,0.0,0.02922077922077922,0.0,0.0,0.013513513513513514,3.8833333333333333,3.0,2.229287379909154,6.0,5.5,3.7416573867739413,1.3,1.0,0.714142842854285,60,48,0.8,250,10,90.76500000000001,2.09,7.168621630094336,5.733333333333333,-0.13950000000000173,2.1006666666666653,24.333333333333332,1.1,1.5561111111111112,0.7484323121872318,0.39888888888888885,0.16074287419645783,0.0945945945945946,0.08108108108108109,0.013513513513513514,0.08108108108108109,0.013513513513513514,0.06756756756756757,0.0,0.14864864864864866,0.0,0.02702702702702703,0.16216216216216217,0.02702702702702703,0.14864864864864866,0.013513513513513514,0.0,0.10810810810810811,0.0,0.013513513513513514,0.5373120374149747,0.49450432881712914,dailydialog-6224
41,0.76436350688482,2.147626989742896,0.09337508651056069,True,13.0,0.8260869565217391,3.869565217391304,23.0,0.0,0.0,0.0,0.0,0.0,0.0,0.0,0.0,0.0,0.0,0.0,0.0,0.0,0.0,0.0,0.043478260869565216,4.5,4.0,2.6718699236468995,6.0,6.0,4.08248290463863,1.3333333333333333,1.0,0.7453559924999299,18,17,0.9444444444444444,89,3,87.94500000000002,2.4833333333333343,6.42735559955562,4.622222222222223,2.7650000000000006,5.726666666666667,28.22222222222222,1.3333333333333333,1.326984126984127,0.9650375930809435,0.22857142857142856,0.1682240165014828,0.13043478260869565,0.0,0.0,0.13043478260869565,0.0,0.0,0.043478260869565216,0.13043478260869565,0.0,0.08695652173913043,0.17391304347826086,0.0,0.13043478260869565,0.0,0.0,0.13043478260869565,0.0,0.043478260869565216,0.35122209787368774,0.0,dailydialog-1584
42,0.6729857857240559,1.9600809741366048,0.10316215653350551,True,11.0,0.7894736842105263,3.0,19.0,0.0,0.0,0.0,0.0,0.0,0.0,0.0,0.0,0.0,0.0,0.0,0.0,0.0,0.0,0.0,0.05263157894736842,3.6153846153846154,3.0,1.902971827208151,4.333333333333333,4.0,2.8674417556808756,1.2307692307692308,1.0,0.5756395979652217,13,11,0.8461538461538461,57,3,98.31358974358974,0.6230769230769262,6.42735559955562,4.810256410256411,-2.2348717948717933,-1.3723076923076931,12.025641025641026,0.3333333333333333,1.2102564102564102,0.9205378183878068,0.26153846153846155,0.185042241565833,0.10526315789473684,0.0,0.0,0.21052631578947367,0.0,0.0,0.05263157894736842,0.0,0.0,0.05263157894736842,0.2631578947368421,0.0,0.15789473684210525,0.0,0.0,0.10526315789473684,0.0,0.05263157894736842,0.3092786371707916,0.0,dailydialog-5881
43,2.638237831049297,13.988531719837932,0.16078772091767737,True,39.0,0.8505747126436781,4.011494252873563,87.0,0.0,0.0,0.0,0.0,0.0,0.0,0.0,0.0,0.0,0.0,0.0,0.0,0.0,0.0,0.0,0.011494252873563218,4.527027027027027,4.0,2.326248417940836,12.333333333333334,11.0,6.342099196813483,1.364864864864865,1.0,0.6891891891891891,74,54,0.7297297297297297,349,6,78.84909909909909,5.325405405405409,7.793537801064561,7.095495495495496,6.058963963963965,8.41891891891892,32.6036036036036,2.5,2.276426024955437,0.35733672486506857,0.4049104490280961,0.06992588409082703,0.06896551724137931,0.04597701149425287,0.022988505747126436,0.05747126436781609,0.034482758620689655,0.05747126436781609,0.0,0.1839080459770115,0.0,0.04597701149425287,0.16091954022988506,0.034482758620689655,0.12643678160919541,0.0,0.0,0.13793103448275862,0.011494252873563218,0.011494252873563218,0.6237844228744507,0.5323215387761593,dailydialog-5635
44,2.7532242332635,15.69314877359234,0.15385439974110138,True,54.0,0.8137254901960784,3.4313725490196076,102.0,0.0,0.0,0.0,0.0,0.0,0.0,0.0,0.0,0.0,0.0,0.0,0.0,0.0,0.0,0.0,0.0196078431372549,4.051282051282051,4.0,2.1357604536368,6.0,4.0,4.038278384125134,1.1923076923076923,1.0,0.5324758886485945,78,57,0.7307692307692307,349,13,99.87576923076924,0.8192307692307708,6.67199483983844,4.964102564102564,0.6515384615384612,3.088205128205125,18.820512820512818,0.7692307692307693,1.677258852258852,0.7609010894141017,0.4146520146520147,0.15764943919190294,0.11764705882352941,0.049019607843137254,0.11764705882352941,0.12745098039215685,0.0392156862745098,0.029411764705882353,0.00980392156862745,0.058823529411764705,0.00980392156862745,0.00980392156862745,0.16666666666666666,0.0,0.1568627450980392,0.0392156862745098,0.0,0.049019607843137254,0.0,0.0196078431372549,0.5220365660885969,0.5420719222588972,dailydialog-9891
45,0.9546993606082134,2.597889437603429,0.10391557750413716,True,12.0,0.84,3.28,25.0,0.0,0.0,0.0,0.0,0.0,0.0,0.0,0.0,0.0,0.0,0.0,0.0,0.0,0.0,0.0,0.04,3.619047619047619,3.0,1.6754868653103983,7.0,7.0,1.632993161855452,1.1428571428571428,1.0,0.34992710611188255,21,16,0.7619047619047619,82,3,103.04428571428575,0.6257142857142846,3.1291,2.8000000000000003,-0.8842857142857135,1.2514285714285727,11.761904761904763,0.3333333333333333,1.8118686868686869,0.6475118766832565,0.42424242424242425,0.10713739108887084,0.12,0.0,0.12,0.12,0.0,0.12,0.0,0.12,0.0,0.08,0.04,0.0,0.12,0.04,0.0,0.08,0.0,0.04,0.6661556363105774,0.506705105304718,dailydialog-4333
46,0.6338449440230047,1.8848437835603675,0.11087316373884515,True,9.0,0.7647058823529411,3.5294117647058822,17.0,0.0,0.0,0.0,0.0,0.0,0.0,0.0,0.0,0.0,0.0,0.0,0.0,0.0,0.0,0.0,0.058823529411764705,4.333333333333333,3.5,2.9533408577782247,4.0,5.0,2.160246899469287,1.4166666666666667,1.0,0.759202798262025,12,11,0.9166666666666666,60,3,82.92500000000001,2.6866666666666674,7.793537801064561,8.266666666666666,0.9800000000000004,2.2799999999999976,29.0,1.0,1.2751322751322751,0.9160929131205042,0.24338624338624337,0.18389573753420915,0.058823529411764705,0.0,0.0,0.17647058823529413,0.0,0.0,0.058823529411764705,0.058823529411764705,0.0,0.058823529411764705,0.23529411764705882,0.0,0.17647058823529413,0.0,0.0,0.11764705882352941,0.0,0.058823529411764705,0.3038319945335388,0.0,dailydialog-711
47,0.7429990706257533,2.1022308084263686,0.10010622897268422,False,12.0,0.8095238095238095,2.7142857142857144,21.0,0.0,0.0,0.0,0.0,0.0,0.0,0.0,0.0,0.0,0.0,0.0,0.0,0.0,0.0,0.0,0.047619047619047616,3.0588235294117645,3.0,1.211250604822,5.666666666666667,6.0,2.0548046676563256,1.0,1.0,0.0,17,16,0.9411764705882353,57,3,116.48333333333335,-1.5799999999999983,3.1291,2.266666666666667,-4.1896078431372565,-3.0376470588235307,5.666666666666667,0.0,1.6296296296296298,0.4475202212442434,0.40277777777777773,0.07081971546656646,0.047619047619047616,0.0,0.047619047619047616,0.14285714285714285,0.0,0.0,0.0,0.047619047619047616,0.0,0.047619047619047616,0.2857142857142857,0.0,0.14285714285714285,0.047619047619047616,0.0,0.14285714285714285,0.0,0.047619047619047616,0.7044981122016907,0.6680904626846313,dailydialog-7527
48,2.3857985671143442,10.867737818642542,0.1530667298400358,True,26.0,0.7746478873239436,3.5774647887323945,71.0,0.0,0.0,0.0,0.0,0.0,0.0,0.0,0.0,0.0,0.0,0.0,0.0,0.0,0.0,0.0,0.028169014084507043,4.2105263157894735,4.0,1.9976902636941383,9.5,9.0,5.251983752196243,1.1578947368421053,1.0,0.48808518397345807,57,45,0.7894736842105263,253,6,99.23460526315789,1.778157894736843,7.168621630094336,5.905263157894737,3.151578947368421,5.842105263157894,23.535087719298247,1.3333333333333333,2.1820350241545894,0.985418996123424,0.4242451690821256,0.06859624965645267,0.18309859154929578,0.04225352112676056,0.056338028169014086,0.056338028169014086,0.056338028169014086,0.07042253521126761,0.0,0.16901408450704225,0.04225352112676056,0.0,0.056338028169014086,0.0,0.19718309859154928,0.0,0.0,0.04225352112676056,0.0,0.028169014084507043,0.5848897695541382,0.5858469307422638,dailydialog-8785
49,0.014302229746807116,1.0144049959789476,0.5072024979894738,False,0.0,0.5,2.5,2.0,0.0,0.0,0.0,0.0,0.0,0.0,0.0,0.0,0.0,0.0,0.0,0.0,0.0,0.0,0.0,0.5,2.5,2.5,1.5,2.0,2.0,0.0,1.0,1.0,0.0,2,2,1.0,5,1,120.20500000000001,-3.01,,0.8,-8.655,-15.9,2.0,0.0,0.5,0.0,0.5,0.0,0.0,0.0,0.0,0.0,0.0,0.0,0.0,0.5,0.0,0.0,0.0,0.0,0.0,0.0,0.0,0.0,0.0,0.5,,,dailydialog-2045
50,3.8403935147129102,46.543786501302904,0.45188142234274664,False,56.0,0.8737864077669902,2.766990291262136,103.0,0.0,0.0,0.0,0.0,0.7202216066481995,0.0,1.0,1.0,1.0,1.0,1.0,1.0,0.038781163434903045,0.07756232686980609,0.11634349030470914,0.06796116504854369,2.9444444444444446,2.0,1.858082112233598,11.25,13.0,3.929058411375428,1.0666666666666667,1.0,0.24944382578492946,90,12,0.13333333333333333,285,8,105.17625000000002,1.384166666666669,3.1291,4.5,-1.9366666666666674,-1.1177777777777784,17.916666666666668,0.75,1.7270833333333335,0.6865745033214613,0.46249999999999997,0.17514874630819752,0.1262135922330097,0.06796116504854369,0.13592233009708737,0.06796116504854369,0.0,0.06796116504854369,0.0,0.06796116504854369,0.0,0.06796116504854369,0.13592233009708737,0.0,0.05825242718446602,0.0,0.0,0.13592233009708737,0.0,0.06796116504854369,0.8561912434441703,0.832223117351532,dailydialog-6201
51,1.5592871060705784,4.75542991933241,0.049535728326379265,False,32.0,0.6666666666666666,3.1354166666666665,96.0,0.0,0.0,0.0,0.0,0.0,0.0,0.9862637362637363,0.9862637362637363,0.9862637362637363,0.9862637362637363,0.9862637362637363,0.9862637362637363,0.17582417582417584,0.3076923076923077,0.6153846153846154,0.010416666666666666,4.153846153846154,3.0,1.807937790205857,4.0625,4.0,0.24206145913796356,1.476923076923077,1.0,0.49946717171532085,65,6,0.09230769230769231,300,16,77.7638701923077,3.4220673076923127,3.1291,1.625,0.1658653846153868,1.3384615384615408,4.0625,0.0,1.4892857142857143,0.028793777672494834,0.34345238095238095,0.027244744027013833,0.0,0.0,0.0,0.3229166666666667,0.0,0.0,0.0,0.16666666666666666,0.0,0.0,0.16666666666666666,0.0,0.15625,0.0,0.0,0.17708333333333334,0.0,0.010416666666666666,0.9960115909576416,0.9957267045974731,dailydialog-1291
52,0.6729857857240559,1.9600809741366048,0.10316215653350551,True,11.0,0.7894736842105263,3.0,19.0,0.0,0.0,0.0,0.0,0.0,0.0,0.0,0.0,0.0,0.0,0.0,0.0,0.0,0.0,0.0,0.05263157894736842,3.6153846153846154,3.0,1.902971827208151,4.333333333333333,4.0,2.8674417556808756,1.2307692307692308,1.0,0.5756395979652217,13,11,0.8461538461538461,57,3,98.31358974358974,0.6230769230769262,6.42735559955562,4.810256410256411,-2.2348717948717933,-1.3723076923076931,12.025641025641026,0.3333333333333333,1.2102564102564102,0.9205378183878068,0.26153846153846155,0.185042241565833,0.10526315789473684,0.0,0.0,0.21052631578947367,0.0,0.0,0.05263157894736842,0.0,0.0,0.05263157894736842,0.2631578947368421,0.0,0.15789473684210525,0.0,0.0,0.10526315789473684,0.0,0.05263157894736842,0.3092786371707916,0.0,dailydialog-9044
53,3.6449090369967374,38.279290693942336,0.3544378767957624,True,52.0,0.8333333333333334,3.1944444444444446,108.0,0.0,0.0,0.0,0.0,0.0,0.0,0.0,0.0,0.0,0.0,0.0,0.0,0.1111111111111111,0.10416666666666667,0.0,0.009259259259259259,3.6179775280898876,4.0,1.5758401930721768,7.416666666666667,7.0,3.4751099103321734,1.0898876404494382,1.0,0.3229237722067397,89,53,0.5955056179775281,345,12,107.10258895131088,0.16317415730337181,4.7782277997778095,3.4161048689138584,-0.6809925093632963,1.482696629213482,16.40543071161049,0.6666666666666666,1.848656204906205,0.624565489063039,0.42146013708513713,0.05858192576261945,0.037037037037037035,0.06481481481481481,0.05555555555555555,0.046296296296296294,0.009259259259259259,0.046296296296296294,0.027777777777777776,0.16666666666666666,0.0,0.018518518518518517,0.19444444444444445,0.018518518518518517,0.1574074074074074,0.018518518518518517,0.0,0.12962962962962962,0.0,0.009259259259259259,0.7340620783242312,0.7363684862852097,dailydialog-4803
54,2.025471798810202,7.57968618809797,0.09717546394997398,True,37.0,0.8717948717948718,4.32051282051282,78.0,0.0,0.0,0.0,0.0,0.0,0.0,0.0,0.0,0.0,0.0,0.0,0.0,0.0,0.0,0.0,0.01282051282051282,4.647887323943662,4.0,2.49562203456709,23.666666666666668,24.0,0.4714045207910317,1.3943661971830985,1.0,0.638635721056599,71,58,0.8169014084507042,337,3,64.84995305164321,10.093521126760564,9.725611199111238,11.72018779342723,12.294882629107981,10.278873239436617,50.42723004694835,6.333333333333333,2.8686419753086425,0.13677496907632025,0.43584045584045583,0.009205762617667583,0.08974358974358974,0.07692307692307693,0.01282051282051282,0.0641025641025641,0.038461538461538464,0.05128205128205128,0.0,0.19230769230769232,0.01282051282051282,0.05128205128205128,0.10256410256410256,0.0,0.08974358974358974,0.01282051282051282,0.01282051282051282,0.1794871794871795,0.0,0.01282051282051282,0.8738426864147186,0.750694990158081,dailydialog-10299
55,3.624351376269126,37.500391625523456,0.3605806887069563,True,52.0,0.8269230769230769,3.8173076923076925,104.0,0.0,0.0,0.0,0.0,0.0,0.0,0.0,0.0,0.0,0.0,0.0,0.0,0.03164556962025317,0.0,0.0,0.04807692307692308,4.32183908045977,4.0,2.6716659440569357,8.7,7.0,5.933801479658718,1.3448275862068966,1.0,0.7853191196569529,87,62,0.7126436781609196,397,10,84.23208620689657,3.6719655172413788,7.168621630094336,5.778850574712644,3.275862068965516,6.210114942528737,28.24022988505747,1.7,1.5339097744360901,0.7288525558734186,0.4545112781954887,0.17345372889219654,0.0673076923076923,0.0673076923076923,0.019230769230769232,0.07692307692307693,0.0,0.057692307692307696,0.028846153846153848,0.07692307692307693,0.0,0.028846153846153848,0.15384615384615385,0.08653846153846154,0.125,0.028846153846153848,0.0,0.1346153846153846,0.0,0.04807692307692308,0.48092832167943317,0.42851217836141586,dailydialog-10133
56,1.964611867470714,7.132143835845154,0.11143974743508053,True,32.0,0.875,3.953125,64.0,0.0,0.0,0.0,0.0,0.0,0.0,0.0,0.0,0.0,0.0,0.0,0.0,0.0,0.0,0.0,0.015625,4.315789473684211,4.0,2.5488758770054742,11.4,10.0,7.683749084919419,1.368421052631579,1.0,0.7165115037425311,57,45,0.7894736842105263,253,5,79.49557894736843,5.003368421052635,8.238735603445708,7.3670175438596495,4.597368421052632,6.980350877192983,30.698245614035088,2.2,2.2111168831168833,1.2297590525683983,0.2718701298701299,0.13885043784007003,0.03125,0.09375,0.015625,0.0625,0.03125,0.0625,0.0,0.21875,0.0,0.046875,0.171875,0.0,0.09375,0.015625,0.015625,0.125,0.0,0.015625,0.6362282484769821,0.5675004720687866,dailydialog-5925
57,1.649514150011294,5.204450630544451,0.11828296887601025,False,20.0,0.8181818181818182,3.909090909090909,44.0,0.0,0.0,0.0,0.0,0.4951923076923077,0.0,1.0,1.0,1.0,1.0,1.0,1.0,0.0,0.0,0.0,0.045454545454545456,4.2,3.5,2.9765752132274437,8.0,7.0,4.560701700396552,1.4,1.0,0.66332495807108,40,19,0.475,172,5,80.27500000000002,4.050000000000001,8.238735603445708,7.2,2.3520000000000003,5.195999999999998,28.0,1.6,1.692857142857143,0.8920281866142379,0.35714285714285715,0.18070158058105026,0.0,0.18181818181818182,0.0,0.09090909090909091,0.0,0.09090909090909091,0.0,0.18181818181818182,0.045454545454545456,0.0,0.09090909090909091,0.09090909090909091,0.09090909090909091,0.0,0.0,0.09090909090909091,0.0,0.045454545454545456,0.5668934434652328,0.6666666269302368,dailydialog-9459
58,1.3944196557863464,4.03263357784383,0.08766594734443109,True,19.0,0.8913043478260869,4.391304347826087,46.0,0.0,0.0,0.0,0.0,0.0,0.0,0.0,0.0,0.0,0.0,0.0,0.0,0.0,0.0,0.0,0.021739130434782608,4.85,4.0,2.603363209388963,13.333333333333334,10.0,11.67142760000773,1.475,1.0,0.8058380730643099,40,35,0.875,202,3,68.51666666666668,7.015000000000001,11.20814326018867,11.333333333333336,8.080166666666667,10.497999999999998,38.333333333333336,3.3333333333333335,1.765151515151515,1.3305037698570858,0.2626262626262626,0.19218482414586313,0.08695652173913043,0.08695652173913043,0.06521739130434782,0.043478260869565216,0.0,0.08695652173913043,0.0,0.1956521739130435,0.0,0.08695652173913043,0.043478260869565216,0.043478260869565216,0.08695652173913043,0.021739130434782608,0.0,0.13043478260869565,0.0,0.021739130434782608,0.33597704768180847,0.0,dailydialog-3150
59,0.19814525883807735,1.2191394717433846,0.15239243396792307,False,3.0,0.75,3.875,8.0,0.0,0.0,0.0,0.0,0.0,0.0,0.0,0.0,0.0,0.0,0.0,0.0,0.0,0.0,0.0,0.125,4.285714285714286,4.0,2.864276807966203,7.0,7.0,0.0,1.4285714285714286,1.0,0.7284313590846836,7,7,1.0,31,1,78.87285714285717,3.997142857142858,,8.514285714285714,2.2557142857142836,5.171428571428571,21.285714285714285,1.0,1.375,0.0,0.625,0.0,0.0,0.125,0.0,0.0,0.0,0.125,0.0,0.25,0.0,0.0,0.125,0.0,0.125,0.0,0.0,0.125,0.0,0.125,,,dailydialog-1139
60,1.6122670329931124,5.014165631486311,0.09831697316639824,True,26.0,0.8235294117647058,3.2941176470588234,51.0,0.0,0.0,0.0,0.0,0.0,0.0,0.0,0.0,0.0,0.0,0.0,0.0,0.0,0.0,0.0,0.0196078431372549,3.825,3.0,2.0234562016510265,5.0,5.0,2.958039891549808,1.2,1.0,0.5099019513592785,40,32,0.8,168,8,100.24000000000002,0.5199999999999996,5.985473137389441,4.0,-0.9142499999999991,0.7709999999999972,17.5,0.625,1.6089285714285715,0.712308523422037,0.4033730158730159,0.10917080649689119,0.0784313725490196,0.0,0.0392156862745098,0.1568627450980392,0.0,0.058823529411764705,0.0196078431372549,0.058823529411764705,0.0,0.0196078431372549,0.19607843137254902,0.0196078431372549,0.1568627450980392,0.0392156862745098,0.0,0.13725490196078433,0.0,0.0196078431372549,0.5496253669261932,0.6092043022314707,dailydialog-750
61,0.7834794767244486,2.1890758680788864,0.11521451937257297,True,11.0,0.8421052631578947,3.1052631578947367,19.0,0.0,0.0,0.0,0.0,0.0,0.0,0.0,0.0,0.0,0.0,0.0,0.0,0.0,0.0,0.0,0.05263157894736842,3.4375,3.0,2.290435275226087,8.0,8.0,7.0,1.25,1.0,0.4330127018922193,16,14,0.875,59,2,92.965,2.280000000000001,,3.2,-1.239374999999999,0.7124999999999986,20.5,1.0,1.3055555555555556,1.3055555555555556,0.19444444444444445,0.19444444444444445,0.10526315789473684,0.0,0.0,0.15789473684210525,0.0,0.10526315789473684,0.0,0.10526315789473684,0.0,0.10526315789473684,0.15789473684210525,0.0,0.10526315789473684,0.05263157894736842,0.0,0.05263157894736842,0.0,0.05263157894736842,0.0,,dailydialog-10834
62,3.202580995177767,24.59593032175933,0.22774009557184563,False,35.0,0.7870370370370371,3.5,108.0,0.0,0.0,0.0,0.0,0.0,0.0,0.3185840707964602,0.20353982300884957,0.0,0.0,0.0,0.0,0.05530973451327434,0.05309734513274336,0.07964601769911504,0.08333333333333333,3.9130434782608696,4.0,2.3940695474671663,7.076923076923077,8.0,1.9791815892720934,1.25,1.0,0.6189928706479934,92,41,0.44565217391304346,378,13,93.90192307692308,1.9199999999999982,7.882392219407189,6.743812709030101,0.5388963210702329,3.0260869565217376,21.207357859531772,1.0,1.65994005994006,0.3174349808679778,0.4489621489621489,0.087765196978255,0.05555555555555555,0.037037037037037035,0.0,0.06481481481481481,0.0,0.06481481481481481,0.018518518518518517,0.12962962962962962,0.0,0.009259259259259259,0.1388888888888889,0.14814814814814814,0.12962962962962962,0.0,0.0,0.12037037037037036,0.0,0.08333333333333333,0.5109400202830633,0.5456524572589181,dailydialog-3733
63,1.1201625165333144,3.065352333249316,0.09015742156615636,True,14.0,0.8529411764705882,3.7941176470588234,34.0,0.0,0.0,0.0,0.0,0.0,0.0,0.0,0.0,0.0,0.0,0.0,0.0,0.0,0.0,0.0,0.029411764705882353,4.166666666666667,4.5,2.4776781245530843,15.0,15.0,2.0,1.4,1.0,0.66332495807108,30,24,0.8,129,2,73.17000000000003,6.780000000000001,,10.0,5.695,6.726666666666667,35.0,3.0,2.243859649122807,0.17719298245614024,0.443859649122807,0.022807017543859665,0.14705882352941177,0.14705882352941177,0.0,0.029411764705882353,0.029411764705882353,0.029411764705882353,0.0,0.20588235294117646,0.0,0.0,0.14705882352941177,0.0,0.11764705882352941,0.0,0.0,0.11764705882352941,0.0,0.029411764705882353,0.877078652381897,,dailydialog-4741
64,0.29968556685958736,1.3494344339540851,0.08433965212213032,True,7.0,0.8125,3.5,16.0,0.0,0.0,0.0,0.0,0.0,0.0,0.0,0.0,0.0,0.0,0.0,0.0,0.0,0.0,0.0,0.0625,3.6666666666666665,4.0,1.4452988925785866,7.5,7.5,6.5,1.0666666666666667,1.0,0.24944382578492946,15,15,1.0,56,2,108.9825,-0.07833333333333137,,3.0,-0.41000000000000014,1.8133333333333326,14.166666666666668,0.5,1.3666666666666667,1.3666666666666667,0.23333333333333334,0.23333333333333334,0.0625,0.0625,0.0625,0.0625,0.0,0.0625,0.0,0.1875,0.0625,0.0625,0.125,0.0,0.0625,0.0,0.0,0.125,0.0,0.0625,0.0,,dailydialog-1307
65,1.0222392600849355,2.7794116262950705,0.10294117134426187,False,16.0,0.8148148148148148,2.962962962962963,27.0,0.0,0.0,0.0,0.0,0.0,0.0,0.0,0.0,0.0,0.0,0.0,0.0,0.0,0.0,0.0,0.037037037037037035,3.380952380952381,3.0,1.5879363810031493,5.25,5.0,3.491060010942235,1.0476190476190477,1.0,0.21295885499998,21,19,0.9047619047619048,80,4,112.87767857142859,-1.180595238095238,3.1291,2.1,-2.8807142857142836,-1.5580952380952393,10.011904761904763,0.25,1.625,0.960143218483576,0.2861111111111111,0.20005786200034267,0.07407407407407407,0.0,0.0,0.1111111111111111,0.0,0.0,0.037037037037037035,0.037037037037037035,0.037037037037037035,0.037037037037037035,0.25925925925925924,0.0,0.14814814814814814,0.07407407407407407,0.0,0.14814814814814814,0.0,0.037037037037037035,0.5179597536722819,0.3612513244152069,dailydialog-3814
66,1.0310025406612033,2.803875425222119,0.08496592197642784,True,18.0,0.9090909090909091,4.181818181818182,33.0,0.0,0.0,0.0,0.0,0.0,0.0,0.0,0.0,0.0,0.0,0.0,0.0,0.0,0.0,0.0,0.030303030303030304,4.551724137931035,4.0,2.607498562125457,9.666666666666666,13.0,6.182412330330469,1.2758620689655173,1.0,0.6896551724137931,29,26,0.896551724137931,138,3,89.08540229885058,3.235172413793105,7.793537801064561,6.625287356321839,4.8419540229885065,7.902068965517241,30.356321839080458,2.0,1.8640522875816992,1.3354283169761332,0.2901960784313726,0.20721325197839852,0.15151515151515152,0.030303030303030304,0.030303030303030304,0.09090909090909091,0.0,0.030303030303030304,0.0,0.15151515151515152,0.0,0.06060606060606061,0.15151515151515152,0.0,0.06060606060606061,0.06060606060606061,0.0,0.15151515151515152,0.0,0.030303030303030304,0.4127228260040283,0.0,dailydialog-1654
67,0.7339542811277725,2.0833023044968466,0.06944341014989489,True,15.0,0.8,3.566666666666667,30.0,0.0,0.0,0.0,0.0,0.0,0.0,0.0,0.0,0.0,0.0,0.0,0.0,0.0,0.0,0.0,0.03333333333333333,4.125,4.0,1.8554536731843598,6.0,6.0,2.23606797749979,1.125,1.0,0.33071891388307384,24,21,0.875,107,4,105.57000000000001,0.025000000000000355,3.1291,2.4000000000000004,0.9987500000000011,3.5216666666666647,14.333333333333332,0.5,1.7799242424242425,0.5191747696682256,0.4096590909090909,0.05379154650320635,0.06666666666666667,0.03333333333333333,0.03333333333333333,0.13333333333333333,0.03333333333333333,0.03333333333333333,0.03333333333333333,0.1,0.0,0.03333333333333333,0.16666666666666666,0.0,0.16666666666666666,0.0,0.0,0.13333333333333333,0.0,0.03333333333333333,0.6355412801106771,0.7305943667888641,dailydialog-6227
68,2.164623882836347,8.711324821820385,0.11933321673726555,False,29.0,0.6575342465753424,3.589041095890411,73.0,0.0,0.0,0.0,0.0,0.0,0.0,0.0,0.0,0.0,0.0,0.0,0.0,0.0,0.0,0.0,0.136986301369863,3.876923076923077,3.0,4.273379827247865,13.0,14.0,7.563068160475615,1.1538461538461537,1.0,0.4378538298694679,65,40,0.6153846153846154,262,5,96.02461538461542,3.0953846153846136,6.742157984588678,6.430769230769231,3.3303076923076915,4.719384615384612,25.307692307692307,1.6,2.3011764705882354,1.286584491581971,0.35035294117647064,0.17855769714877223,0.0136986301369863,0.0684931506849315,0.0136986301369863,0.0684931506849315,0.0,0.1232876712328767,0.0,0.1780821917808219,0.0136986301369863,0.0273972602739726,0.0684931506849315,0.0273972602739726,0.1506849315068493,0.0,0.0684931506849315,0.0410958904109589,0.0684931506849315,0.0684931506849315,0.3340371809899807,0.4309145410855611,dailydialog-4554
69,3.6908472384625184,40.07878886827051,0.361070169984419,False,76.0,0.8918918918918919,3.5495495495495497,111.0,0.0,0.0,0.0,0.0,0.0,0.0,0.943089430894309,0.943089430894309,0.943089430894309,0.943089430894309,0.943089430894309,0.943089430894309,0.2459349593495935,0.20121951219512196,0.3130081300813008,0.009009009009009009,3.83,4.0,2.0978798821667555,8.333333333333334,9.0,1.699673171197595,1.11,1.0,0.3128897569432403,100,13,0.13,393,12,104.47066666666666,0.7580000000000027,3.1291,3.333333333333334,0.7759666666666689,3.1683999999999983,19.333333333333336,0.9166666666666666,2.013888888888889,0.44957970770514877,0.513888888888889,0.04606423319938054,0.0,0.09009009009009009,0.0,0.0990990990990991,0.0,0.0,0.0,0.0,0.0,0.009009009009009009,0.2882882882882883,0.0,0.0990990990990991,0.0990990990990991,0.0,0.3063063063063063,0.0,0.009009009009009009,0.9728863943706859,0.9701750338077545,dailydialog-7428
70,0.014302229746807116,1.0144049959789476,0.5072024979894738,False,0.0,0.5,2.5,2.0,0.0,0.0,0.0,0.0,0.0,0.0,0.0,0.0,0.0,0.0,0.0,0.0,0.0,0.0,0.0,0.5,2.5,2.5,1.5,2.0,2.0,0.0,1.0,1.0,0.0,2,2,1.0,5,1,120.20500000000001,-3.01,,0.8,-8.655,-15.9,2.0,0.0,0.5,0.0,0.5,0.0,0.0,0.0,0.0,0.0,0.0,0.0,0.0,0.5,0.0,0.0,0.0,0.0,0.0,0.0,0.0,0.0,0.0,0.5,,,dailydialog-10415
71,3.4103912261393083,30.277087130536234,0.2968341875542768,True,52.0,0.9019607843137255,4.637254901960785,102.0,0.0,0.0,0.0,0.0,0.0,0.0,0.0,0.0,0.0,0.0,0.0,0.0,0.031914893617021274,0.0,0.0,0.00980392156862745,4.978494623655914,4.0,3.172389264863402,13.285714285714286,17.0,6.776309271789384,1.5268817204301075,1.0,0.8870804820921651,93,67,0.7204301075268817,473,7,64.17580645161294,7.6086328725038435,10.914260884657427,10.90568356374808,8.661566820276498,11.245591397849463,41.24270353302611,3.7142857142857144,2.278825916331445,1.0458403862307262,0.384655967650218,0.1674143442030291,0.029411764705882353,0.09803921568627451,0.0196078431372549,0.0784313725490196,0.00980392156862745,0.11764705882352941,0.0,0.18627450980392157,0.0196078431372549,0.029411764705882353,0.11764705882352941,0.0,0.06862745098039216,0.049019607843137254,0.0,0.16666666666666666,0.0,0.00980392156862745,0.6062385737895966,0.5578731417655944,dailydialog-5977
72,-0.0,1.0,inf,False,0.0,0.0,0.0,0.0,0.0,0.0,0.0,0.0,0.0,0.0,0.0,0.0,0.0,0.0,0.0,0.0,0.0,0.0,0.0,0.0,,,,,,,,,,0,0,,0,0,,,,,,,,,,,,,,,,,,,,,,,,,,,,,,,,,dailydialog-2664
73,3.2256402832780378,25.169684725847116,0.2706417712456679,False,59.0,0.8172043010752689,2.78494623655914,93.0,0.0,0.0,0.0,0.0,0.8155339805825242,0.0,1.0,1.0,1.0,1.0,1.0,1.0,0.05825242718446602,0.11650485436893204,0.23300970873786409,0.0967741935483871,3.1911764705882355,4.0,1.4064698501732509,7.555555555555555,8.0,1.640535895581489,1.0,1.0,0.0,68,8,0.11764705882352941,259,9,114.56611111111113,-0.8433333333333319,3.1291,3.022222222222222,-2.621781045751632,-0.9535294117647055,7.555555555555555,0.0,1.6397306397306397,0.22696699725727565,0.6245791245791246,0.045047434883029126,0.1827956989247312,0.08602150537634409,0.0,0.1827956989247312,0.0,0.0,0.0,0.0,0.0,0.0967741935483871,0.26881720430107525,0.0,0.08602150537634409,0.0,0.0,0.0,0.0,0.0967741935483871,0.9848827049136162,0.982723091329847,dailydialog-6065
74,3.4662144790213976,32.01531810424133,0.31698334756674584,True,53.0,0.801980198019802,3.3366336633663365,101.0,0.0,0.0,0.0,0.0,0.0,0.0,0.0,0.0,0.0,0.0,0.0,0.0,0.03676470588235294,0.0,0.0,0.009900990099009901,4.068493150684931,3.0,2.565998788814925,6.636363636363637,7.0,3.364864640603954,1.2602739726027397,1.0,0.5974236297905898,73,56,0.7671232876712328,337,11,93.47991282689914,1.8694146948941466,7.348242739294969,5.942216687422167,1.0507845579078463,3.662465753424655,24.444582814445827,1.1818181818181819,1.9843337886118635,0.5388265432603581,0.35360325948561244,0.05307408510081103,0.0297029702970297,0.0594059405940594,0.06930693069306931,0.0891089108910891,0.009900990099009901,0.04950495049504951,0.039603960396039604,0.10891089108910891,0.0,0.0297029702970297,0.1782178217821782,0.019801980198019802,0.18811881188118812,0.009900990099009901,0.0,0.10891089108910891,0.0,0.009900990099009901,0.6880293667316437,0.7418275872866312,dailydialog-5820
75,3.799057088743923,44.65905510853903,0.47509633094190457,False,49.0,0.723404255319149,2.5319148936170213,94.0,0.0,0.0,0.0,0.0,0.4548736462093863,0.0,0.592057761732852,0.592057761732852,0.592057761732852,0.592057761732852,0.592057761732852,0.592057761732852,0.07220216606498195,0.09747292418772563,0.1444043321299639,0.13829787234042554,2.8615384615384616,3.0,1.8800730188514,5.909090909090909,5.0,3.871916261644883,1.0769230769230769,1.0,0.36406644819074563,65,19,0.2923076923076923,238,11,109.72958041958043,-0.5777622377622365,5.565023196281405,3.594405594405595,-4.9976083916083915,-3.983384615384619,12.062937062937063,0.36363636363636365,1.436887673729779,0.4611399645800646,0.5970893141945773,0.055723027975950426,0.11702127659574468,0.0,0.07446808510638298,0.2127659574468085,0.0,0.06382978723404255,0.0,0.06382978723404255,0.0,0.0,0.1702127659574468,0.0,0.13829787234042554,0.0,0.0,0.02127659574468085,0.0,0.13829787234042554,0.8447764724493027,0.774685220585929,dailydialog-3432
76,3.411165121939443,30.300527510142633,0.2913512260590638,True,58.0,0.8461538461538461,3.625,104.0,0.0,0.0,0.0,0.0,0.0,0.0,0.0,0.0,0.0,0.0,0.0,0.0,0.0,0.0,0.0,0.009615384615384616,4.152941176470589,4.0,2.293242668737058,7.7272727272727275,8.0,5.1538319211121335,1.2705882352941176,1.0,0.6017276165903257,85,64,0.7529411764705882,377,11,91.50005347593584,2.416577540106953,7.686295010490155,6.385026737967914,1.9939893048128354,4.788705882352939,25.37433155080214,1.3636363636363635,1.7577821559245708,0.8161468368035186,0.42877494335417216,0.09029897287790617,0.028846153846153848,0.057692307692307696,0.07692307692307693,0.10576923076923077,0.019230769230769232,0.057692307692307696,0.028846153846153848,0.1346153846153846,0.009615384615384616,0.028846153846153848,0.14423076923076922,0.0,0.14423076923076922,0.019230769230769232,0.0,0.1346153846153846,0.0,0.009615384615384616,0.5741927653551102,0.5624613828129239,dailydialog-10980
77,4.176163774685258,65.11557544109165,0.6854271099062279,False,57.0,0.7789473684210526,2.8,95.0,0.0,0.0,0.0,0.0,0.49056603773584906,0.0,0.8427672955974843,0.8427672955974843,0.8427672955974843,0.8427672955974843,0.7830188679245284,0.7830188679245284,0.14150943396226415,0.22641509433962265,0.22012578616352202,0.07368421052631578,3.3636363636363638,3.0,2.573974427343263,7.333333333333333,8.0,3.80058475033046,1.2121212121212122,1.0,0.5907148087763008,66,16,0.24242424242424243,266,9,96.84621212121213,1.5730303030303041,7.793537801064561,6.56969696969697,-1.9206060606060582,-0.058181818181818556,17.939393939393938,0.7777777777777778,1.6705653021442495,0.740627876904916,0.398635477582846,0.16097074743958723,0.15789473684210525,0.021052631578947368,0.06315789473684211,0.16842105263157894,0.07368421052631578,0.0,0.0,0.010526315789473684,0.0,0.09473684210526316,0.16842105263157894,0.0,0.14736842105263157,0.0,0.0,0.021052631578947368,0.0,0.07368421052631578,0.8493987545371056,0.8278842908995492,dailydialog-4374
78,0.45036815557633125,1.5688896746630923,0.1743210749625658,False,4.0,0.7777777777777778,2.7777777777777777,9.0,0.0,0.0,0.0,0.0,0.0,0.0,0.0,0.0,0.0,0.0,0.0,0.0,0.0,0.0,0.0,0.1111111111111111,3.142857142857143,3.0,2.030381486221699,3.5,3.5,2.5,1.2857142857142858,1.0,0.45175395145262565,7,7,1.0,25,2,94.51107142857143,0.946428571428573,,1.4000000000000001,-4.877142857142857,-5.777142857142856,17.785714285714285,0.5,1.0,1.0,0.1875,0.1875,0.0,0.1111111111111111,0.0,0.1111111111111111,0.0,0.1111111111111111,0.0,0.2222222222222222,0.0,0.0,0.1111111111111111,0.0,0.1111111111111111,0.0,0.0,0.1111111111111111,0.0,0.1111111111111111,0.0,,dailydialog-10617
79,0.826918977333301,2.286263846967374,0.0846764387765694,True,8.0,0.8518518518518519,5.592592592592593,27.0,0.0,0.0,0.0,0.0,0.0,0.0,0.0,0.0,0.0,0.0,0.0,0.0,0.0,0.0,0.0,0.037037037037037035,6.166666666666667,5.5,3.890872509976251,12.0,12.0,2.0,1.8333333333333333,1.0,0.9860132971832694,24,23,0.9583333333333334,151,2,39.55500000000001,10.723333333333333,,18.133333333333333,13.615000000000002,17.993333333333336,53.66666666666667,5.0,2.1420454545454546,0.23295454545454541,0.4147727272727273,0.039772727272727265,0.14814814814814814,0.07407407407407407,0.037037037037037035,0.037037037037037035,0.0,0.18518518518518517,0.0,0.25925925925925924,0.0,0.0,0.0,0.0,0.1111111111111111,0.0,0.0,0.1111111111111111,0.0,0.037037037037037035,0.8509505391120911,,dailydialog-1169
80,3.836966776877944,46.384566106196495,0.4335006178149205,True,56.0,0.8598130841121495,3.6542056074766354,107.0,0.0,0.0,0.0,0.0,0.0,0.0,0.0,0.0,0.0,0.0,0.0,0.0,0.0,0.0,0.0,0.009345794392523364,4.076923076923077,4.0,2.244557614362512,9.1,8.0,5.717516943569122,1.1978021978021978,1.0,0.5182341152769933,91,71,0.7802197802197802,391,10,96.26443406593408,2.0930659340659368,7.168621630094336,5.837802197802198,2.3223076923076924,4.919560439560438,23.385714285714286,1.3,2.0561497493734335,0.7254502986597665,0.42397974101921465,0.052286317332556335,0.04672897196261682,0.09345794392523364,0.06542056074766354,0.06542056074766354,0.04672897196261682,0.102803738317757,0.009345794392523364,0.16822429906542055,0.0,0.037383177570093455,0.08411214953271028,0.018691588785046728,0.1308411214953271,0.0,0.0,0.12149532710280374,0.0,0.009345794392523364,0.6237241393989987,0.6012101918458939,dailydialog-9980
81,0.9162151958188524,2.499811166993683,0.1041587986247368,True,13.0,0.875,3.875,24.0,0.0,0.0,0.0,0.0,0.0,0.0,0.0,0.0,0.0,0.0,0.0,0.0,0.0,0.0,0.0,0.041666666666666664,4.35,3.0,3.2905166767545793,10.0,10.0,9.0,1.35,1.0,0.9630680142129111,20,19,0.95,93,2,82.47500000000001,4.240000000000002,,8.0,4.058499999999999,6.817999999999994,35.0,2.5,1.3695652173913044,1.3695652173913044,0.1956521739130435,0.1956521739130435,0.08333333333333333,0.041666666666666664,0.0,0.125,0.041666666666666664,0.08333333333333333,0.0,0.125,0.0,0.08333333333333333,0.125,0.041666666666666664,0.08333333333333333,0.041666666666666664,0.0,0.08333333333333333,0.0,0.041666666666666664,0.0,,dailydialog-10403
82,3.3952930115527566,29.823390792852695,0.3241672912266597,True,53.0,0.8804347826086957,3.467391304347826,92.0,0.0,0.0,0.0,0.0,0.0,0.0,0.08585858585858586,0.08585858585858586,0.0,0.0,0.0,0.0,0.030303030303030304,0.0,0.0,0.010869565217391304,3.8354430379746836,3.0,2.113431307690162,8.777777777777779,8.0,3.1190375216929334,1.1898734177215189,1.0,0.529531662363339,79,57,0.7215189873417721,319,9,97.26226441631509,1.8738396624472564,7.3871296695380915,6.042756680731365,1.0238255977496493,3.380253164556958,17.638537271448662,0.7777777777777778,2.139929514929515,0.5435946609986185,0.4415137331803998,0.08564624918732996,0.10869565217391304,0.08695652173913043,0.09782608695652174,0.05434782608695652,0.03260869565217391,0.06521739130434782,0.0,0.13043478260869565,0.0,0.010869565217391304,0.18478260869565216,0.0,0.10869565217391304,0.0,0.0,0.10869565217391304,0.0,0.010869565217391304,0.6640893816947937,0.7555852021489825,dailydialog-2803
83,3.9512708717476364,52.001411983812694,0.5048680775127447,False,52.0,0.8737864077669902,2.766990291262136,103.0,0.0,0.0,0.0,0.0,0.775623268698061,0.0,1.0,1.0,1.0,1.0,1.0,1.0,0.038781163434903045,0.07756232686980609,0.11634349030470914,0.06796116504854369,2.9444444444444446,3.0,1.6823337699696355,11.25,14.0,4.866980583482946,1.0666666666666667,1.0,0.24944382578492946,90,13,0.14444444444444443,285,8,105.17625000000002,1.384166666666669,3.1291,4.5,-1.9366666666666674,-1.1177777777777784,17.916666666666668,0.75,2.1041666666666665,0.8246948088703954,0.32291666666666663,0.12281068877657912,0.1262135922330097,0.06796116504854369,0.0,0.06796116504854369,0.0,0.1262135922330097,0.0,0.24271844660194175,0.0,0.05825242718446602,0.1262135922330097,0.0,0.05825242718446602,0.0,0.0,0.05825242718446602,0.0,0.06796116504854369,0.8436113170215062,0.8175465365250906,dailydialog-8751
84,2.865852190857477,17.56401472141339,0.23418686295217853,True,48.0,0.84,3.0533333333333332,75.0,0.0,0.0,0.0,0.0,0.0,0.0,0.0,0.0,0.0,0.0,0.0,0.0,0.031141868512110725,0.0,0.0,0.013333333333333334,3.435483870967742,3.0,1.931245359045978,6.2,5.0,3.4,1.1129032258064515,1.0,0.5419450844003693,62,42,0.6774193548387096,229,10,106.3903870967742,-0.03974193548387106,4.935628992294339,3.1251612903225805,-2.148870967741935,-0.3735483870967755,11.038709677419355,0.3,1.7689285714285714,0.6395732815137792,0.37857142857142856,0.08105036087354842,0.05333333333333334,0.0,0.10666666666666667,0.16,0.0,0.0,0.0,0.04,0.0,0.02666666666666667,0.26666666666666666,0.0,0.14666666666666667,0.04,0.0,0.14666666666666667,0.0,0.013333333333333334,0.6335588792959849,0.6289006620645523,dailydialog-4010
85,0.8639486747006904,2.37251049406223,0.11297669019343952,False,12.0,0.8571428571428571,2.7142857142857144,21.0,0.0,0.0,0.0,0.0,0.0,0.0,0.0,0.0,0.0,0.0,0.0,0.0,0.0,0.0,0.0,0.047619047619047616,3.0,3.0,2.14201664188625,8.5,8.5,2.5,1.1176470588235294,1.0,0.4705882352941177,17,14,0.8235294117647058,57,2,103.65455882352943,0.9132352941176478,,5.752941176470589,-3.0500000000000007,-1.6423529411764708,14.382352941176471,0.5,2.1009615384615383,0.02403846153846145,0.4807692307692308,0.019230769230769218,0.09523809523809523,0.047619047619047616,0.047619047619047616,0.09523809523809523,0.0,0.047619047619047616,0.0,0.09523809523809523,0.0,0.14285714285714285,0.14285714285714285,0.0,0.09523809523809523,0.047619047619047616,0.0,0.09523809523809523,0.0,0.047619047619047616,0.8060498237609863,,dailydialog-2677
86,5.501607815843189,245.08566827229168,2.450856682722917,False,51.0,0.8,2.22,100.0,0.0,0.0,0.0,0.0,0.574468085106383,0.0,0.8475177304964538,0.8475177304964538,0.7978723404255319,0.7978723404255319,0.7978723404255319,0.7978723404255319,0.07092198581560284,0.1595744680851064,0.3829787234042553,0.1,2.4,2.5,1.2509996003196806,7.2727272727272725,8.0,3.1934851036818723,1.0,1.0,0.0,80,13,0.1625,222,11,114.85318181818184,-0.9536363636363632,3.1291,2.909090909090909,-6.489636363636363,-5.758000000000001,7.2727272727272725,0.0,1.5857142857142856,0.7527562218268755,0.4025974025974026,0.1908693306064814,0.1,0.09,0.0,0.1,0.0,0.19,0.0,0.19,0.0,0.01,0.11,0.0,0.1,0.0,0.0,0.01,0.0,0.1,0.8234292209148407,0.8136708868874444,dailydialog-7573
87,2.861072345788925,17.48026177477575,0.20092254913535346,False,50.0,0.8505747126436781,2.954022988505747,87.0,0.0,0.0,0.0,0.0,0.0,0.0,0.9558359621451105,0.9558359621451105,0.9558359621451105,0.8769716088328076,0.8769716088328076,0.8769716088328076,0.1892744479495268,0.3785488958990536,0.4921135646687697,0.011494252873563218,3.338709677419355,2.0,1.9087535908418112,4.428571428571429,5.0,1.2371791482634837,1.1774193548387097,1.0,0.38202320265571005,62,8,0.12903225806451613,256,14,102.73032258064516,0.0306912442396321,3.1291,1.7714285714285716,-3.490391705069122,-2.8522580645161284,22.1705069124424,0.7857142857142857,1.3918367346938774,0.421081291906922,0.40102040816326534,0.1130628821804358,0.011494252873563218,0.13793103448275862,0.0,0.14942528735632185,0.0,0.0,0.0,0.12643678160919541,0.0,0.0,0.28735632183908044,0.0,0.13793103448275862,0.0,0.0,0.13793103448275862,0.0,0.011494252873563218,0.8473517848895147,0.8735593855381012,dailydialog-6216
88,0.6657245502360604,1.9458999129289305,0.09729499564644653,True,10.0,0.85,3.3,20.0,0.0,0.0,0.0,0.0,0.0,0.0,0.0,0.0,0.0,0.0,0.0,0.0,0.0,0.0,0.0,0.05,3.75,3.5,2.0463381929681126,5.333333333333333,6.0,3.2998316455372216,1.25,1.0,0.5590169943749475,16,16,1.0,66,3,95.67166666666668,1.2399999999999984,6.42735559955562,4.633333333333333,-1.1008333333333304,0.6999999999999993,24.083333333333332,1.0,1.4015151515151516,1.0319171847666422,0.3181818181818182,0.2257524912992627,0.1,0.0,0.0,0.15,0.0,0.1,0.0,0.15,0.0,0.0,0.2,0.0,0.1,0.05,0.0,0.1,0.0,0.05,0.23938825726509094,0.0,dailydialog-4422
89,0.8843885270278001,2.421503254901739,0.07811300822263674,False,18.0,0.7741935483870968,2.935483870967742,31.0,0.0,0.0,0.0,0.0,0.0,0.0,0.0,0.0,0.0,0.0,0.0,0.0,0.0,0.0,0.0,0.03225806451612903,3.2222222222222223,3.0,1.547598697464902,5.4,5.0,2.870540018881465,1.037037037037037,1.0,0.18885257457751053,27,25,0.9259259259259259,91,5,113.6206666666667,-1.2469629629629626,3.1291,2.16,-3.553333333333331,-2.3348148148148162,9.103703703703705,0.2,1.399134199134199,0.730002350232511,0.3536796536796537,0.19719363132712373,0.03225806451612903,0.06451612903225806,0.06451612903225806,0.0967741935483871,0.0,0.03225806451612903,0.0,0.12903225806451613,0.03225806451612903,0.0,0.22580645161290322,0.0,0.12903225806451613,0.03225806451612903,0.03225806451612903,0.0967741935483871,0.0,0.03225806451612903,0.2668567970395088,0.25248487790425617,dailydialog-10485
90,0.8443862545104145,2.3265494670524465,0.1107880698596403,True,12.0,0.8571428571428571,3.7142857142857144,21.0,0.0,0.0,0.0,0.0,0.0,0.0,0.0,0.0,0.0,0.0,0.0,0.0,0.0,0.0,0.0,0.047619047619047616,4.111111111111111,3.0,3.212629398844658,9.0,9.0,8.0,1.4444444444444444,1.0,1.0122703976826999,18,17,0.9444444444444444,78,2,75.50000000000003,4.964444444444446,,8.044444444444444,2.43333333333333,5.084444444444443,31.22222222222222,2.0,1.3,1.3,0.225,0.225,0.14285714285714285,0.047619047619047616,0.0,0.14285714285714285,0.047619047619047616,0.09523809523809523,0.0,0.09523809523809523,0.0,0.047619047619047616,0.14285714285714285,0.0,0.09523809523809523,0.047619047619047616,0.0,0.047619047619047616,0.0,0.047619047619047616,0.0,,dailydialog-9125
91,0.8361480166309433,2.3074615325328804,0.10032441445795133,True,11.0,0.8695652173913043,3.8260869565217392,23.0,0.0,0.0,0.0,0.0,0.0,0.0,0.0,0.0,0.0,0.0,0.0,0.0,0.0,0.0,0.0,0.043478260869565216,4.2,3.0,2.7129319932501077,10.0,10.0,9.0,1.35,1.0,0.653834841531101,20,19,0.95,88,2,82.47500000000001,4.240000000000002,,8.0,3.3520000000000003,5.935999999999996,35.0,2.5,1.4090909090909092,1.4090909090909092,0.18181818181818182,0.18181818181818182,0.17391304347826086,0.0,0.0,0.13043478260869565,0.043478260869565216,0.13043478260869565,0.0,0.13043478260869565,0.0,0.043478260869565216,0.08695652173913043,0.0,0.08695652173913043,0.043478260869565216,0.0,0.08695652173913043,0.0,0.043478260869565216,0.0,,dailydialog-3598
92,2.6502328761908633,14.157335167806766,0.19939908687051783,True,38.0,0.8309859154929577,3.112676056338028,71.0,0.0,0.0,0.0,0.0,0.0,0.0,0.0,0.0,0.0,0.0,0.0,0.0,0.0,0.0,0.0,0.014084507042253521,3.5892857142857144,3.0,1.9980060213183768,5.6,5.0,2.90516780926679,1.1785714285714286,1.0,0.5038119992737815,56,41,0.7321428571428571,221,10,101.44385714285715,0.5011428571428596,6.2581,4.382857142857143,-1.7244642857142836,0.019285714285715017,16.314285714285713,0.6,1.6594516594516595,0.5284243897908596,0.40937950937950934,0.08889123139283274,0.056338028169014086,0.09859154929577464,0.056338028169014086,0.08450704225352113,0.028169014084507043,0.056338028169014086,0.04225352112676056,0.11267605633802817,0.0,0.028169014084507043,0.1267605633802817,0.014084507042253521,0.15492957746478872,0.04225352112676056,0.0,0.08450704225352113,0.0,0.014084507042253521,0.5758018924130334,0.5622985474765301,dailydialog-5313
93,0.7645566778759404,2.1480418890490265,0.09339312561082724,True,14.0,0.8260869565217391,3.5217391304347827,23.0,0.0,0.0,0.0,0.0,0.0,0.0,0.0,0.0,0.0,0.0,0.0,0.0,0.0,0.0,0.0,0.043478260869565216,4.055555555555555,3.5,2.61347410807535,6.0,8.0,3.559026084010437,1.2777777777777777,1.0,0.7307192465536614,18,17,0.9444444444444444,81,3,92.64500000000002,1.8277777777777793,6.42735559955562,4.622222222222223,0.6716666666666669,3.1133333333333297,28.22222222222222,1.3333333333333333,1.3475783475783476,0.9590016128627038,0.26495726495726496,0.19452660985882123,0.08695652173913043,0.043478260869565216,0.0,0.13043478260869565,0.043478260869565216,0.043478260869565216,0.043478260869565216,0.13043478260869565,0.0,0.043478260869565216,0.17391304347826086,0.0,0.13043478260869565,0.0,0.0,0.08695652173913043,0.0,0.043478260869565216,0.3243125081062317,0.0,dailydialog-916
94,3.7301432939530645,41.68508095612059,0.38597297181593143,True,54.0,0.8611111111111112,3.4722222222222223,108.0,0.0,0.0,0.0,0.0,0.0,0.0,0.0,0.0,0.0,0.0,0.0,0.0,0.0,0.0,0.0,0.009259259259259259,3.8404255319148937,3.5,2.0174936604575535,10.444444444444445,9.0,5.559998223643024,1.148936170212766,1.0,0.41146977884710034,94,65,0.6914893617021277,375,9,99.03388888888888,2.0407801418439746,5.82211442006289,5.028841607565012,1.8806264775413695,3.947659574468087,22.146572104018915,1.2222222222222223,2.1053466909111456,0.5448124693949765,0.37866729846134883,0.10033342233851994,0.027777777777777776,0.12037037037037036,0.037037037037037035,0.027777777777777776,0.009259259259259259,0.07407407407407407,0.027777777777777776,0.1574074074074074,0.009259259259259259,0.009259259259259259,0.16666666666666666,0.05555555555555555,0.12962962962962962,0.018518518518518517,0.0,0.12037037037037036,0.0,0.009259259259259259,0.7397439628839493,0.7833296401160104,dailydialog-3752
95,5.174028781624874,176.62498951204003,1.7840908031519196,False,59.0,0.8888888888888888,3.393939393939394,99.0,0.0,0.0,0.0,0.0,0.0,0.0,0.9033816425120773,0.9033816425120773,0.9033816425120773,0.9033816425120773,0.9033816425120773,0.9033816425120773,0.07246376811594203,0.12077294685990338,0.15217391304347827,0.010101010101010102,3.8375,2.0,3.0267298772767943,7.2727272727272725,8.0,2.259964162664737,1.325,1.0,0.6475916923494308,80,14,0.175,336,11,87.35818181818185,2.8813636363636377,8.00094639256281,6.90909090909091,0.280988636363638,2.694499999999998,39.77272727272727,2.3636363636363638,1.6196969696969696,0.5956415004526836,0.5424242424242424,0.1752867256239948,0.010101010101010102,0.1717171717171717,0.0,0.1111111111111111,0.0,0.1919191919191919,0.0,0.12121212121212122,0.010101010101010102,0.0,0.12121212121212122,0.16161616161616163,0.09090909090909091,0.0,0.0,0.0,0.0,0.010101010101010102,0.8562284767627716,0.8402538630697463,dailydialog-525
96,3.8450908083607995,46.76293062318683,0.44536124403035077,True,57.0,0.8,3.0285714285714285,105.0,0.0,0.0,0.0,0.0,0.0,0.0,0.10204081632653061,0.0,0.0,0.0,0.0,0.0,0.02295918367346939,0.0,0.0,0.01904761904761905,3.575,4.0,1.6338222057494507,8.0,7.0,4.9396356140913875,1.125,1.0,0.3665719574653795,80,54,0.675,317,10,103.54,0.8049999999999997,4.935628992294339,3.7,-0.5917499999999976,1.5210000000000008,10.5,0.2,1.9873010323010327,0.8733032854110605,0.4390803640803641,0.1354742336429334,0.05714285714285714,0.0380952380952381,0.12380952380952381,0.10476190476190476,0.02857142857142857,0.05714285714285714,0.009523809523809525,0.12380952380952381,0.0,0.0380952380952381,0.11428571428571428,0.02857142857142857,0.1523809523809524,0.009523809523809525,0.0,0.09523809523809523,0.0,0.01904761904761905,0.5937915129794015,0.6638941317796707,dailydialog-5168
97,4.308884323470942,74.35748374610658,0.7587498341439447,False,43.0,0.8061224489795918,2.836734693877551,98.0,0.0,0.0,0.0,0.0,0.0,0.0,0.997093023255814,0.997093023255814,0.997093023255814,0.997093023255814,0.997093023255814,0.997093023255814,0.10465116279069768,0.1569767441860465,0.1744186046511628,0.01020408163265306,3.4705882352941178,3.0,1.7529016971472164,8.5,11.0,4.330127018922194,1.1764705882352942,1.0,0.3812200410828153,68,11,0.16176470588235295,278,8,98.67808823529413,1.6073529411764724,3.1291,3.4000000000000004,-0.8335294117647045,1.1247058823529414,8.5,0.0,1.875,1.0825317547305484,0.28125,0.16237976320958225,0.12244897959183673,0.0,0.0,0.12244897959183673,0.061224489795918366,0.0,0.0,0.12244897959183673,0.0,0.12244897959183673,0.1326530612244898,0.061224489795918366,0.1836734693877551,0.0,0.0,0.061224489795918366,0.0,0.01020408163265306,0.8177157044410706,0.7873349885145823,dailydialog-6572
98,5.149728417314758,172.38466726814627,1.8145754449278555,False,62.0,0.8315789473684211,3.336842105263158,95.0,0.0,0.0,0.0,0.0,0.0,0.0,0.5488126649076517,0.1424802110817942,0.1424802110817942,0.1424802110817942,0.1424802110817942,0.0,0.14775725593667546,0.20580474934036938,0.37994722955145116,0.010526315789473684,4.1875,3.0,2.4036105653786763,3.764705882352941,4.0,1.1129934075543824,1.1875,1.0,0.5266343608235224,64,25,0.390625,316,17,102.55132352941179,-0.10926470588235127,5.088555806805433,2.7558823529411764,0.17547794117647086,0.9599999999999973,19.389705882352942,0.5882352941176471,1.3676470588235294,0.42111238421401037,0.46078431372549017,0.12166346711755742,0.0,0.15789473684210525,0.031578947368421054,0.16842105263157894,0.010526315789473684,0.12631578947368421,0.0,0.14736842105263157,0.0,0.010526315789473684,0.16842105263157894,0.0,0.15789473684210525,0.0,0.0,0.010526315789473684,0.0,0.010526315789473684,0.8775920756161213,0.8500488917032878,dailydialog-4386
99,0.014302229746807116,1.0144049959789476,0.5072024979894738,False,0.0,0.5,2.5,2.0,0.0,0.0,0.0,0.0,0.0,0.0,0.0,0.0,0.0,0.0,0.0,0.0,0.0,0.0,0.0,0.5,2.5,2.5,1.5,2.0,2.0,0.0,1.0,1.0,0.0,2,2,1.0,5,1,120.20500000000001,-3.01,,0.8,-8.655,-15.9,2.0,0.0,0.5,0.0,0.5,0.0,0.0,0.0,0.0,0.0,0.0,0.0,0.0,0.5,0.0,0.0,0.0,0.0,0.0,0.0,0.0,0.0,0.0,0.5,,,dailydialog-1084
