,first_order_coherence,second_order_coherence,pos_prop_ADJ,pos_prop_ADP,pos_prop_ADV,pos_prop_AUX,pos_prop_CCONJ,pos_prop_DET,pos_prop_INTJ,pos_prop_NOUN,pos_prop_NUM,pos_prop_PART,pos_prop_PRON,pos_prop_PROPN,pos_prop_PUNCT,pos_prop_SCONJ,pos_prop_SYM,pos_prop_VERB,pos_prop_X,pos_prop_SPACE,token_length_mean,token_length_median,token_length_std,sentence_length_mean,sentence_length_median,sentence_length_std,syllables_per_token_mean,syllables_per_token_median,syllables_per_token_std,n_tokens,n_unique_tokens,proportion_unique_tokens,n_characters,n_sentences,passed_quality_check,n_stop_words,alpha_ratio,mean_word_length,doc_length,symbol_to_word_ratio_#,proportion_ellipsis,proportion_bullet_points,contains_lorem ipsum,duplicate_line_chr_fraction,duplicate_paragraph_chr_fraction,duplicate_ngram_chr_fraction_5,duplicate_ngram_chr_fraction_6,duplicate_ngram_chr_fraction_7,duplicate_ngram_chr_fraction_8,duplicate_ngram_chr_fraction_9,duplicate_ngram_chr_fraction_10,top_ngram_chr_fraction_2,top_ngram_chr_fraction_3,top_ngram_chr_fraction_4,oov_ratio,dependency_distance_mean,dependency_distance_std,prop_adjacent_dependency_relation_mean,prop_adjacent_dependency_relation_std,flesch_reading_ease,flesch_kincaid_grade,smog,gunning_fog,automated_readability_index,coleman_liau_index,lix,rix,entropy,perplexity,per_word_perplexity,id
0,0.6391117918220434,0.622754936851561,0.07038123167155426,0.12609970674486803,0.02346041055718475,0.04398826979472141,0.02346041055718475,0.0967741935483871,0.0,0.19941348973607037,0.03812316715542522,0.02346041055718475,0.02932551319648094,0.07624633431085044,0.11730205278592376,0.01466275659824047,0.0,0.08797653958944282,0.0,0.02932551319648094,4.7912457912457915,4.0,2.5591041934473857,24.75,24.0,11.181271543672183,1.4410774410774412,1.0,0.7592723240157957,297,160,0.5387205387205387,1469,12,False,136.0,0.8152492668621701,4.30791788856305,341.0,0.006920415224913495,0.0,0.9090909090909091,0.0,0.0,0.0,0.02849002849002849,0.0,0.0,0.0,0.0,0.0,0.011396011396011397,0.015384615384615385,0.0,0.03812316715542522,3.0487771134094666,1.1686373935035317,0.4423410902822668,0.14557204441016874,59.79859848484848,11.067213804713806,12.885471636013051,14.613804713804715,13.511767676767683,11.176565656565657,51.686026936026934,6.666666666666667,9.732274278887402,16852.83682012403,49.42180885666871,CNN_DM272581
1,0.7637345939874649,0.6938968400160471,0.045112781954887216,0.12030075187969924,0.022556390977443608,0.015037593984962405,0.03007518796992481,0.15789473684210525,0.0,0.19548872180451127,0.007518796992481203,0.015037593984962405,0.015037593984962405,0.15037593984962405,0.12030075187969924,0.007518796992481203,0.007518796992481203,0.08270676691729323,0.0,0.007518796992481203,4.7894736842105265,4.0,2.6605423672446884,22.8,27.0,11.702991070662234,1.5263157894736843,1.0,0.739968305577654,114,75,0.6578947368421053,566,5,True,53.0,0.849624060150376,4.2556390977443606,133.0,0.017543859649122806,0.0,0.0,0.0,0.0,0.0,0.0,0.0,0.0,0.0,0.0,0.0,0.0310192023633678,0.0,0.0,0.007518796992481203,2.590429178664473,1.3244040077716954,0.35601261483614427,0.18276549966782973,54.56668421052632,11.31252631578948,13.023866798666859,14.383157894736843,12.528421052631579,11.063859649122804,56.133333333333326,7.6,4.17717957868094,65.18175370918989,0.49008837375330744,CNN_DM772
2,0.6698969801266988,0.7096945762634277,0.06593406593406594,0.10989010989010989,0.02197802197802198,0.07692307692307693,0.01098901098901099,0.054945054945054944,0.0,0.1813186813186813,0.04395604395604396,0.03296703296703297,0.07142857142857142,0.0989010989010989,0.08241758241758242,0.027472527472527472,0.01098901098901099,0.10989010989010989,0.0,,4.619631901840491,4.0,2.1598926040020516,23.285714285714285,25.0,12.055991820481225,1.3496932515337423,1.0,0.6220265941416725,163,118,0.7239263803680982,774,7,True,81.0,0.8791208791208791,4.252747252747253,182.0,0.012121212121212121,0.0,0.0,0.0,0.0,0.0,0.0,0.0,0.0,0.0,0.0,0.0,0.035331905781584586,0.0,0.0,0.0,2.806889017415333,1.1856791098997803,0.3596815326138635,0.14784138528628574,69.01595092024543,9.417808939526733,10.914260884657427,12.50446976336547,11.971323400525854,10.092269938650304,48.43908851884312,5.857142857142857,4.275757320713559,71.93459624613203,0.3952450343194068,CNN_DM171868
3,0.8503056168556213,0.9026838143666586,0.04487179487179487,0.08333333333333333,0.00641025641025641,0.019230769230769232,0.057692307692307696,0.10897435897435898,0.0,0.23717948717948717,0.0,0.05128205128205128,0.038461538461538464,0.10897435897435898,0.08333333333333333,0.01282051282051282,0.00641025641025641,0.1346153846153846,0.0,0.00641025641025641,5.044117647058823,5.0,2.5230340251454244,27.2,24.0,7.520638270785266,1.5073529411764706,1.0,0.7764580547116783,136,84,0.6176470588235294,709,5,True,65.0,0.8974358974358975,4.5576923076923075,156.0,0.014285714285714285,0.0,0.0,0.0,0.0,0.0,0.0,0.0,0.0,0.0,0.0,0.0,0.03905325443786982,0.0,0.0,0.01282051282051282,3.2203168527379056,0.6031195172217938,0.4823625730994152,0.04203175019475351,51.7049411764706,12.804764705882356,13.023866798666859,15.291764705882352,15.92779411764706,12.77117647058823,57.34705882352941,8.2,4.759316828178303,116.66619560996219,0.7478602282689883,CNN_DM63167
4,0.3064287539039339,0.3129152162716939,0.09230769230769231,0.08307692307692308,0.04923076923076923,0.015384615384615385,0.046153846153846156,0.11384615384615385,0.0,0.2246153846153846,0.036923076923076927,0.018461538461538463,0.018461538461538463,0.06153846153846154,0.12,0.003076923076923077,0.012307692307692308,0.10153846153846154,0.003076923076923077,,5.396428571428571,5.0,2.864185516594445,18.666666666666668,25.0,13.3699497215044,1.582142857142857,1.0,0.8579683524918335,280,140,0.5,1557,15,False,108.0,0.84,4.7907692307692304,325.0,0.017793594306049824,0.0,0.0,0.0,0.0,0.0,0.3828976034858388,0.3828976034858388,0.3828976034858388,0.3828976034858388,0.3828976034858388,0.3828976034858388,0.016339869281045753,0.030501089324618737,0.027777777777777776,0.015384615384615385,2.3860553688384125,1.338241251756085,0.4779770093482794,0.15968251419840127,54.039047619047636,10.359285714285715,13.348371206891418,14.323809523809524,13.320511904761908,14.345285714285712,53.66666666666667,6.533333333333333,9.481812946755468,13118.948923561382,40.36599668788117,CNN_DM68522
5,0.8233654499053955,0.784822154045105,0.031055900621118012,0.13664596273291926,0.018633540372670808,0.031055900621118012,0.031055900621118012,0.11180124223602485,0.0,0.19254658385093168,0.018633540372670808,0.037267080745341616,0.012422360248447204,0.14285714285714285,0.09937888198757763,0.012422360248447204,0.0,0.12422360248447205,0.0,,5.133802816901408,4.0,2.838936701464413,20.285714285714285,26.0,11.0416650622512,1.5774647887323943,1.0,0.8418954441621666,142,85,0.5985915492957746,749,7,True,62.0,0.8757763975155279,4.6521739130434785,161.0,0.013986013986013986,0.0,0.0,0.0,0.0,0.0,0.0,0.0,0.0,0.0,0.0,0.0,0.0281214848143982,0.0,0.0,0.012422360248447204,2.251998981410746,1.0266695544323141,0.4176965891251606,0.1756679871891056,52.79147887323947,10.935513078470823,13.25671669890799,14.311468812877264,12.893068410462774,12.927605633802813,55.496981891348085,7.142857142857143,4.632695617907297,102.79077564418516,0.6384520226346905,CNN_DM81888
6,0.8507454693317413,0.8596557974815369,0.026785714285714284,0.10714285714285714,0.05357142857142857,0.026785714285714284,0.03571428571428571,0.0625,0.0,0.19642857142857142,0.0,0.05357142857142857,0.07142857142857142,0.13392857142857142,0.08928571428571429,0.03571428571428571,0.008928571428571428,0.08928571428571429,0.0,0.008928571428571428,5.126315789473685,5.0,2.4931151735726256,31.666666666666668,32.0,1.247219128924647,1.4421052631578948,1.0,0.6915396928697619,95,62,0.6526315789473685,506,3,True,49.0,0.875,4.535714285714286,112.0,0.02040816326530612,0.0,0.0,0.0,0.0,0.0,0.0,0.0,0.0,0.0,0.0,0.0,0.0,0.0,0.0,0.017857142857142856,3.4210478771454382,0.12645121840787452,0.47073170731707314,0.05026205371080888,52.69122807017544,13.77684210526316,11.855464076750408,15.6140350877193,18.548280701754386,13.408000000000001,61.14035087719298,9.333333333333334,3.062239398072242,21.375371570185855,0.19085153187665943,CNN_DM64374
7,0.7236287494500478,0.7540159150958061,0.04417670682730924,0.10441767068273092,0.024096385542168676,0.0321285140562249,0.01606425702811245,0.10040160642570281,0.0,0.20481927710843373,0.01606425702811245,0.028112449799196786,0.040160642570281124,0.11244979919678715,0.10441767068273092,0.0321285140562249,0.01606425702811245,0.11646586345381527,0.0,0.008032128514056224,5.420560747663552,5.0,2.9099808368112643,21.4,21.0,8.742997197757758,1.6542056074766356,1.0,0.9915795361024522,214,129,0.602803738317757,1198,10,True,97.0,0.8514056224899599,4.811244979919679,249.0,0.027906976744186046,0.0,0.0,0.0,0.0,0.0,0.07954545454545454,0.061079545454545456,0.061079545454545456,0.0,0.0,0.0,0.0390625,0.0234375,0.0,0.008032128514056224,2.784780575349629,1.0527332983434798,0.42741992449153565,0.15172240031074707,45.16820560747664,12.275626168224303,14.117786864225405,15.475887850467291,14.800841121495331,14.689719626168227,59.25046728971962,8.1,6.65560931654664,777.1312978132095,3.1210092281654997,CNN_DM3425
8,0.6680406977732977,0.6350367844104767,0.05434782608695652,0.11413043478260869,0.03804347826086957,0.059782608695652176,0.02717391304347826,0.10326086956521739,0.0,0.15217391304347827,0.021739130434782608,0.021739130434782608,0.02717391304347826,0.11956521739130435,0.08152173913043478,0.03804347826086957,0.010869565217391304,0.11956521739130435,0.0,0.010869565217391304,4.9226190476190474,4.0,2.75809851642465,24.0,22.0,12.118462891684855,1.5297619047619047,1.0,0.8791608230775909,168,99,0.5892857142857143,842,7,True,79.0,0.8804347826086957,4.581521739130435,184.0,0.006024096385542169,0.0,0.0,0.0,0.0,0.0,0.0,0.0,0.0,0.0,0.0,0.0,0.0437375745526839,0.03876739562624255,0.0,0.016304347826086956,2.781177166518781,1.0809413885804926,0.534170363797693,0.11918060232282514,53.05714285714291,11.821190476190477,14.138980108339055,15.790476190476191,13.755535714285713,11.911666666666665,53.16666666666667,7.0,5.382384043257304,217.5402831484208,1.1822841475457653,CNN_DM74122
9,0.736908170580864,0.7646016511652205,0.04361370716510903,0.11526479750778816,0.01557632398753894,0.040498442367601244,0.04361370716510903,0.08722741433021806,0.0,0.2087227414330218,0.059190031152647975,0.009345794392523364,0.009345794392523364,0.11526479750778816,0.09034267912772585,0.021806853582554516,0.024922118380062305,0.11526479750778816,0.0,,5.084805653710247,5.0,2.5691597561632644,25.727272727272727,22.0,14.174823449860344,1.480565371024735,1.0,0.7439820031369354,283,158,0.558303886925795,1478,11,True,118.0,0.8473520249221184,4.604361370716511,321.0,0.028169014084507043,0.0,0.0,0.0,0.0,0.0,0.05969300739056282,0.04093234792495736,0.0,0.0,0.0,0.0,0.006822057987492893,0.025014212620807278,0.029562251279135872,0.0,2.751764946408175,0.9764660830256153,0.4429311477418405,0.15108976627416051,55.465987793125635,11.91430774172824,13.023866798666859,14.955220044972695,15.383070992611628,12.94812720848056,56.46932219723739,7.909090909090909,8.724004107934947,6148.750121901414,19.154984803431194,CNN_DM207965
10,0.5936152031645179,0.626207135617733,0.05730659025787966,0.11174785100286533,0.025787965616045846,0.054441260744985676,0.022922636103151862,0.08882521489971347,0.0,0.18624641833810887,0.04011461318051576,0.017191977077363897,0.06876790830945559,0.09455587392550144,0.10888252148997135,0.011461318051575931,0.0028653295128939827,0.09742120343839542,0.0,0.011461318051575931,4.438311688311688,4.0,2.639502561654424,18.11764705882353,18.0,7.003212312857717,1.353896103896104,1.0,0.6557075208063143,308,165,0.5357142857142857,1411,17,True,147.0,0.8510028653295129,4.042979942693409,349.0,0.0,0.0,0.0,0.0,0.0,0.0,0.13051146384479717,0.08700764256319812,0.08700764256319812,0.08700764256319812,0.04938271604938271,0.04938271604938271,0.026455026455026454,0.014109347442680775,0.02292768959435626,0.014326647564469915,2.5666837151507056,0.7177745252898924,0.4531175045896627,0.08567311680103332,73.90597784568375,7.451856378915206,9.627879704456738,10.104201680672269,8.533271581359816,8.663506493506492,40.195569136745604,4.0,9.312141314502853,11071.630607100016,31.723869934384002,CNN_DM209080
11,0.7743460734685262,0.751641571521759,0.02702702702702703,0.10810810810810811,0.02702702702702703,0.04504504504504504,0.036036036036036036,0.08108108108108109,0.0,0.2072072072072072,0.02702702702702703,0.06306306306306306,0.06306306306306306,0.08108108108108109,0.09009009009009009,0.0,0.018018018018018018,0.11711711711711711,0.0,0.009009009009009009,4.635416666666667,4.0,2.48377984660253,24.0,22.5,2.9154759474226504,1.3645833333333333,1.0,0.6940189668797884,96,64,0.6666666666666666,475,4,True,49.0,0.8558558558558559,4.297297297297297,111.0,0.02040816326530612,0.0,0.0,0.0,0.0,0.0,0.0,0.0,0.0,0.0,0.0,0.0,0.0,0.0,0.0,0.009009009009009009,2.8580597643097643,0.2881459221361864,0.48695286195286197,0.0529350194167494,67.03125000000004,9.872083333333332,11.20814326018867,12.933333333333332,12.402812500000003,10.222916666666666,49.0,6.0,3.317930764449018,27.603173954120948,0.24867724282991846,CNN_DM131862
12,0.6227053802770873,0.6049538986249403,0.05865102639296188,0.10557184750733138,0.04105571847507331,0.05865102639296188,0.02346041055718475,0.07624633431085044,0.0,0.2756598240469208,0.03812316715542522,0.017595307917888565,0.02932551319648094,0.017595307917888565,0.0967741935483871,0.02346041055718475,0.008797653958944282,0.11436950146627566,0.0,0.01466275659824047,5.100671140939597,5.0,2.727550137194937,22.923076923076923,25.0,11.605446589103943,1.4966442953020134,1.0,0.765218406106804,298,160,0.5369127516778524,1564,13,True,125.0,0.8240469208211144,4.586510263929619,341.0,0.02040816326530612,0.0,0.0,0.0,0.0,0.0,0.014076881429344884,0.0,0.0,0.0,0.0,0.0,0.014618299945858148,0.017866811044937737,0.0,0.01466275659824047,2.700310973387897,1.1726864086695112,0.48864280787357706,0.15819871746583636,56.95196954052662,11.010402684563761,12.367839424501923,13.732989158492515,14.055699535363964,12.900671140939597,54.46670108415075,7.230769230769231,8.291124487060497,3988.316484200617,11.695942768916765,CNN_DM275884
13,-0.1611599193678962,0.7157913499018725,0.04857142857142857,0.12,0.014285714285714285,0.03142857142857143,0.025714285714285714,0.10571428571428572,0.0,0.2257142857142857,0.014285714285714285,0.008571428571428572,0.02857142857142857,0.08857142857142856,0.09714285714285714,0.02857142857142857,0.02857142857142857,0.10285714285714286,0.0,0.03142857142857143,5.07516339869281,5.0,2.899893643435136,16.105263157894736,17.0,14.541753810256738,1.5065359477124183,1.0,0.8372202061252244,306,173,0.565359477124183,1596,19,True,128.0,0.8257142857142857,4.562857142857143,350.0,0.03389830508474576,0.0,0.0,0.0,0.0,0.0,0.010649627263045794,0.0,0.0,0.0,0.0,0.0,0.010649627263045794,0.01437699680511182,0.0,0.06285714285714286,1.9437930680475897,1.1801993056946756,0.5862540370932092,0.0811205772365363,63.03521671826627,8.468176814585487,10.771109862388435,10.88654970760234,10.526651186790502,12.204052287581696,47.151014791881664,5.0,8.22214227961087,3722.4684149176946,10.635624042621984,CNN_DM150335
14,0.7623545378446579,0.7455683350563049,0.01639344262295082,0.14754098360655737,0.01639344262295082,0.01639344262295082,0.03278688524590164,0.10655737704918032,0.0,0.20491803278688525,0.03278688524590164,0.00819672131147541,0.04918032786885246,0.09836065573770492,0.10655737704918032,0.01639344262295082,0.00819672131147541,0.13114754098360656,0.0,0.00819672131147541,4.775700934579439,4.0,2.5109420774218094,21.4,30.0,13.54400236266961,1.355140186915888,1.0,0.6592595173289121,107,73,0.6822429906542056,526,5,True,53.0,0.8688524590163934,4.311475409836065,122.0,0.018867924528301886,0.0,0.0,0.0,0.0,0.0,0.0,0.0,0.0,0.0,0.0,0.0,0.0,0.0,0.0,0.00819672131147541,2.419824293353705,1.2209660060170253,0.40667175961293606,0.20484696323934995,70.4691401869159,8.74665420560748,10.793553405168563,11.924485981308411,11.763551401869158,10.897943925233644,52.2411214953271,6.6,3.897026154274691,49.255752078713705,0.40373567277634187,CNN_DM277076
15,0.6937046136174884,0.677349736293157,0.02127659574468085,0.15425531914893617,0.010638297872340425,0.031914893617021274,0.047872340425531915,0.07446808510638298,0.0,0.19680851063829788,0.05851063829787234,0.005319148936170213,0.047872340425531915,0.13829787234042554,0.13829787234042554,0.0,0.0,0.07446808510638298,0.0,,4.348101265822785,4.0,2.252782288721692,19.75,20.0,8.954747344286158,1.3101265822784811,1.0,0.6152276385762151,158,98,0.620253164556962,718,8,True,78.0,0.8085106382978723,3.8191489361702127,188.0,0.012578616352201259,0.0,0.0,0.0,0.0,0.0,0.06178489702517163,0.06178489702517163,0.0,0.0,0.0,0.0,0.013729977116704805,0.0,0.0,0.0,2.880643355965937,1.1690489465338063,0.3839662041073332,0.15417374682081744,75.95204113924052,7.571993670886076,9.827888789773866,10.684810126582278,8.924556962025317,8.268101265822782,38.10443037974684,3.625,5.602845578505555,271.1970229018827,1.4425373558610781,CNN_DM135896
16,0.8998094350099564,0.8850002288818359,0.07731958762886598,0.12371134020618557,0.030927835051546393,0.02577319587628866,0.030927835051546393,0.08762886597938144,0.0,0.25257731958762886,0.02577319587628866,0.015463917525773196,0.02577319587628866,0.08762886597938144,0.1134020618556701,0.015463917525773196,0.005154639175257732,0.07731958762886598,0.0,0.005154639175257732,5.048192771084337,4.0,2.5265034386459697,33.2,32.0,4.664761515876241,1.3975903614457832,1.0,0.7270962057645596,166,99,0.5963855421686747,867,5,True,68.0,0.845360824742268,4.479381443298969,194.0,0.011904761904761904,0.0,0.0,0.0,0.0,0.0,0.0,0.0,0.0,0.0,0.0,0.0,0.01937984496124031,0.0,0.0,0.005154639175257732,3.3443572369659322,0.4030559623882082,0.4925814041031432,0.058849173862306765,54.90085542168676,13.849566265060243,13.023866798666859,16.894457831325305,18.94698795180723,12.991807228915658,58.501204819277106,8.4,5.140711009015137,170.83719193315133,0.880604082129646,CNN_DM222229
17,0.7965137958526611,0.7875113487243652,0.0728476821192053,0.08609271523178808,0.013245033112582781,0.052980132450331126,0.039735099337748346,0.052980132450331126,0.0,0.17880794701986755,0.033112582781456956,0.039735099337748346,0.033112582781456956,0.15894039735099338,0.09271523178807947,0.013245033112582781,0.013245033112582781,0.08609271523178808,0.0,0.033112582781456956,5.0,4.0,2.6120070147611187,31.0,31.5,6.745368781616021,1.467741935483871,1.0,0.6772273153295811,124,93,0.75,651,4,True,50.0,0.7814569536423841,4.317880794701987,151.0,0.06504065040650407,0.0,0.0,0.0,0.0,0.0,0.05426356589147287,0.0,0.0,0.0,0.0,0.0,0.0103359173126615,0.056847545219638244,0.06718346253229975,0.033112582781456956,3.181798604530967,0.34198083060202705,0.48096896804203637,0.04183727283630689,51.19903225806452,13.819354838709678,12.602617957971052,15.948387096774196,17.619999999999997,12.64516129032258,64.06451612903226,10.25,3.51418113632733,33.58841232902084,0.2224398167484824,CNN_DM164294
18,0.758327066898346,0.6942206819852194,0.09433962264150944,0.0880503144654088,0.006289308176100629,0.0440251572327044,0.018867924528301886,0.08176100628930817,0.0,0.2138364779874214,0.006289308176100629,0.0440251572327044,0.0440251572327044,0.16981132075471697,0.11949685534591195,0.006289308176100629,0.0,0.06289308176100629,0.0,,5.626865671641791,5.0,2.9691740692653372,26.8,29.0,9.6,1.5970149253731343,1.0,0.9070157972679699,134,93,0.6940298507462687,784,5,True,56.0,0.8616352201257862,4.930817610062893,159.0,0.014492753623188406,0.0,0.0,0.0,0.0,0.0,0.0,0.0,0.0,0.0,0.0,0.0,0.019650655021834062,0.0,0.0,0.0,3.3086793176154883,0.5049741710476997,0.4207820586543992,0.030051485639364366,44.525537313432864,13.706776119402985,15.381575749822971,17.585671641791045,18.47253731343283,16.181492537313435,67.09850746268657,10.8,4.2047878522365085,67.00638090448237,0.421423779273474,CNN_DM271501
19,0.7897603273391723,0.7625211179256439,0.0457516339869281,0.12418300653594772,0.026143790849673203,0.0457516339869281,0.0196078431372549,0.11764705882352941,0.0,0.2679738562091503,0.032679738562091505,0.0392156862745098,0.0196078431372549,0.0457516339869281,0.10457516339869281,0.006535947712418301,0.0,0.10457516339869281,0.0,,5.2727272727272725,5.0,2.8206245522957807,22.0,24.0,10.36018017861337,1.5454545454545454,1.0,0.8011699434183203,132,86,0.6515151515151515,720,6,True,66.0,0.869281045751634,4.705882352941177,153.0,0.014814814814814815,0.0,0.0,0.0,0.0,0.0,0.0,0.0,0.0,0.0,0.0,0.0,0.01764705882352941,0.0,0.0,0.013071895424836602,2.5936711947056774,1.347584209486852,0.4170149773598049,0.18708632128705885,53.759545454545474,11.22636363636364,12.745084868956482,13.951515151515151,14.404545454545449,13.858181818181816,56.84848484848485,7.666666666666667,4.755233059597253,116.19072937368371,0.7594165318541419,CNN_DM98483
20,0.7530201474825541,0.7629252314567566,0.022727272727272728,0.11818181818181818,0.013636363636363636,0.013636363636363636,0.031818181818181815,0.07272727272727272,0.0,0.1590909090909091,0.022727272727272728,0.022727272727272728,0.045454545454545456,0.21363636363636362,0.20909090909090908,0.004545454545454545,0.0,0.05,0.0,,4.606060606060606,4.0,2.2010933087678635,23.571428571428573,25.0,15.126675990798912,1.3151515151515152,1.0,0.5257728580435472,165,108,0.6545454545454545,820,7,True,72.0,0.75,3.727272727272727,220.0,0.011764705882352941,0.0,0.0,0.0,0.0,0.0,0.07033639143730887,0.040774719673802244,0.040774719673802244,0.0,0.0,0.0,0.010193679918450561,0.0,0.0,0.004545454545454545,3.447538753679462,1.724986456329018,0.4007359012678933,0.16636797889573543,71.64818181818183,9.121645021645023,7.957251820313856,10.640692640692642,12.05025974025974,10.027878787878787,48.41991341991342,5.857142857142857,6.600215654837541,735.2537331703543,3.3420624235016105,CNN_DM116314
21,,,,,,,,,,,,,,,,,,,,,,,,,,,,,,0,0,,0,0,False,0.0,0.0,0.0,0.0,0.0,0.0,0.0,0.0,0.0,0.0,0.0,0.0,0.0,0.0,0.0,0.0,0.0,0.0,0.0,0.0,,,,,,,,,,,,,-0.0,1.0,inf,CNN_DM258665
22,0.8737549111247063,0.8729778953960964,0.0859375,0.09375,0.015625,0.0234375,0.0546875,0.10546875,0.0,0.23046875,0.0,0.02734375,0.0234375,0.140625,0.12109375,0.0,0.00390625,0.0703125,0.0,0.00390625,5.124423963133641,4.0,2.8101532117860555,24.11111111111111,24.0,4.7945442245314265,1.5622119815668203,1.0,0.9193519513023043,217,125,0.576036866359447,1162,9,True,88.0,0.8671875,4.546875,256.0,0.009009009009009009,0.0,0.0,0.0,0.0,0.0,0.0,0.0,0.0,0.0,0.0,0.0,0.021754894851341553,0.029006526468455404,0.02610587382160986,0.0078125,3.0698662271459205,0.3559978214305226,0.4463072616329321,0.051836347775717606,50.19908858166926,12.247434715821814,14.232682905230785,15.911725550435229,14.761592421915005,13.103963133640551,50.83922171018945,6.444444444444445,8.073146850040828,3207.178475631058,12.52804092043382,CNN_DM27906
23,0.709049217402935,0.675249437491099,0.08163265306122448,0.12244897959183673,0.01020408163265306,0.07142857142857142,0.04081632653061224,0.061224489795918366,0.0,0.20408163265306123,0.0,0.01020408163265306,0.061224489795918366,0.12244897959183673,0.11224489795918367,0.01020408163265306,0.0,0.09183673469387756,0.0,,5.559523809523809,5.0,2.957440940424639,16.8,19.0,9.744742172063866,1.630952380952381,1.0,0.8698626315300746,84,61,0.7261904761904762,482,5,True,38.0,0.8673469387755102,4.918367346938775,98.0,0.023529411764705882,0.0,0.0,0.0,0.0,0.0,0.0,0.0,0.0,0.0,0.0,0.0,0.0,0.0,0.0,0.0,2.1511978217860572,1.1607160791357212,0.39101094983447926,0.20895164403932673,51.80442857142859,10.207238095238097,11.979248473330827,12.434285714285714,13.155357142857142,15.128095238095234,54.8952380952381,6.4,2.7553363175871177,15.72632905454638,0.1604727454545549,CNN_DM238624
24,0.6903539523482323,0.708440105120341,0.0392156862745098,0.11764705882352941,0.0196078431372549,0.05228758169934641,0.0,0.0915032679738562,0.0,0.17647058823529413,0.0457516339869281,0.0196078431372549,0.032679738562091505,0.11764705882352941,0.12418300653594772,0.026143790849673203,0.032679738562091505,0.10457516339869281,0.0,,4.923076923076923,5.0,2.540791471525192,26.0,31.0,13.069047402163633,1.4384615384615385,1.0,0.7442481611961074,130,97,0.7461538461538462,663,5,True,54.0,0.7908496732026143,4.333333333333333,153.0,0.015384615384615385,0.0,0.0,0.0,0.0,0.0,0.0,0.0,0.0,0.0,0.0,0.0,0.0,0.0,0.0,0.006535947712418301,2.633130598317112,1.345903673527511,0.3410454069564543,0.17348777572128599,58.75115384615387,11.523846153846154,12.68835289967788,14.70769230769231,14.75769230769231,12.009230769230768,55.23076923076923,7.6,3.943125490378291,51.579561052204006,0.3371213140666929,CNN_DM285857
25,0.8237269421418508,0.8322253584861755,0.04516129032258064,0.13548387096774195,0.01935483870967742,0.07096774193548387,0.03870967741935484,0.07741935483870968,0.0,0.27741935483870966,0.012903225806451613,0.03870967741935484,0.03225806451612903,0.03225806451612903,0.10967741935483871,0.0,0.0,0.10967741935483871,0.0,,4.962962962962963,4.0,2.698167848627842,19.285714285714285,21.0,9.497582936339807,1.5407407407407407,1.0,0.7865815675530836,135,80,0.5925925925925926,691,7,True,67.0,0.8709677419354839,4.458064516129032,155.0,0.014705882352941176,0.0,0.0,0.0,0.0,0.0,0.05596107055961071,0.05596107055961071,0.0,0.0,0.0,0.0,0.029197080291970802,0.0,0.0,0.0,2.406859286969476,0.9896983286310925,0.4048905515019075,0.17311914766267283,56.913333333333355,10.112169312169314,12.540900571622839,13.343915343915345,11.588412698412696,11.847407407407406,45.21164021164021,5.0,4.934704030750236,139.03198724907045,0.8969805628972287,CNN_DM116191
26,0.754398450255394,0.6924327711264292,0.08264462809917356,0.10743801652892562,0.024793388429752067,0.008264462809917356,0.03305785123966942,0.12396694214876033,0.0,0.2644628099173554,0.049586776859504134,0.008264462809917356,0.01652892561983471,0.049586776859504134,0.1322314049586777,0.008264462809917356,0.01652892561983471,0.0743801652892562,0.0,,5.450980392156863,5.0,2.9823909706100435,20.4,25.0,10.669582934679312,1.6372549019607843,1.0,0.9159717403624621,102,72,0.7058823529411765,576,5,True,36.0,0.8099173553719008,4.760330578512397,121.0,0.019417475728155338,0.0,0.0,0.0,0.0,0.0,0.0,0.0,0.0,0.0,0.0,0.0,0.02225519287833828,0.0,0.0,0.0,2.7882414942261486,1.4866775481470111,0.35479655893978146,0.17920865862360263,47.61723529411768,11.685607843137255,13.968273953766033,15.218823529411765,14.444117647058825,14.800784313725494,56.674509803921566,7.4,3.5689522529452025,35.47940023354506,0.29321818374830627,CNN_DM7588
27,0.7596100568771362,0.8003818094730377,0.041666666666666664,0.09375,0.010416666666666666,0.041666666666666664,0.041666666666666664,0.09375,0.0,0.2604166666666667,0.020833333333333332,0.010416666666666666,0.052083333333333336,0.10416666666666667,0.11458333333333333,0.020833333333333332,0.0,0.09375,0.0,,5.121951219512195,5.0,2.596387001399271,20.5,20.5,6.020797289396148,1.451219512195122,1.0,0.7832458889429957,82,62,0.7560975609756098,435,4,True,36.0,0.8645833333333334,4.53125,96.0,0.024096385542168676,0.0,0.0,0.0,0.0,0.0,0.0,0.0,0.0,0.0,0.0,0.0,0.0,0.0,0.0,0.0,2.99949863457928,0.34165772719424026,0.3908836832223929,0.027543639369023393,63.25432926829269,9.52939024390244,10.686352973137792,11.614634146341466,12.94439024390244,12.873170731707319,48.548780487804876,5.75,2.873360185751061,17.69638153714851,0.18433730767863032,CNN_DM110438
28,0.8409452885389328,0.8173034985860189,0.03825136612021858,0.12021857923497267,0.0273224043715847,0.0273224043715847,0.02185792349726776,0.13114754098360656,0.0,0.20765027322404372,0.0273224043715847,0.02185792349726776,0.0273224043715847,0.13114754098360656,0.07650273224043716,0.0273224043715847,0.01092896174863388,0.09836065573770492,0.0,0.00546448087431694,5.1234567901234565,5.0,2.8279151507753477,32.4,34.0,7.116178749862878,1.5246913580246915,1.0,0.8329674551165496,162,101,0.6234567901234568,852,5,True,76.0,0.8688524590163934,4.666666666666667,183.0,0.012195121951219513,0.0,0.0,0.0,0.0,0.0,0.0,0.0,0.0,0.0,0.0,0.0,0.020750988142292492,0.06521739130434782,0.0,0.00546448087431694,3.335866336297142,0.7158621231419531,0.5122704067759741,0.06943896976943333,44.96011111111113,15.037358024691361,16.15616582465906,19.379753086419754,18.901481481481476,13.41234567901234,62.029629629629625,9.6,5.262173308279316,192.90026781630218,1.0540998241327988,CNN_DM137976
29,0.8135992884635925,0.8089523216088613,0.04784688995215311,0.11004784688995216,0.009569377990430622,0.0430622009569378,0.028708133971291867,0.11483253588516747,0.0,0.2583732057416268,0.014354066985645933,0.014354066985645933,0.028708133971291867,0.06698564593301436,0.10526315789473684,0.014354066985645933,0.014354066985645933,0.12440191387559808,0.0,0.004784688995215311,4.797814207650274,4.0,2.3463948927671163,22.875,23.0,6.213644260818284,1.360655737704918,1.0,0.6281063626448531,183,117,0.639344262295082,903,8,True,79.0,0.8564593301435407,4.330143540669856,209.0,0.01092896174863388,0.0,0.0,0.0,0.0,0.0,0.0,0.0,0.0,0.0,0.0,0.0,0.029574861367837338,0.0,0.0,0.004784688995215311,2.8481087148839754,0.18534349934465136,0.44285644674202207,0.029784866827241213,68.50539959016396,9.386987704918035,9.827888789773866,11.554371584699453,12.60520491803279,11.117158469945355,48.55806010928961,5.875,6.282437827917289,535.0915361762142,2.560246584575187,CNN_DM275578
30,0.7863205323616663,0.768118417263031,0.04081632653061224,0.0663265306122449,0.01020408163265306,0.07142857142857142,0.030612244897959183,0.09693877551020408,0.0,0.2193877551020408,0.00510204081632653,0.015306122448979591,0.030612244897959183,0.10714285714285714,0.1377551020408163,0.03571428571428571,0.01020408163265306,0.11734693877551021,0.0,0.00510204081632653,5.017964071856287,5.0,2.5276271182689447,23.857142857142858,27.0,12.67650888655944,1.473053892215569,1.0,0.756721349433491,167,109,0.6526946107784432,867,7,True,71.0,0.8367346938775511,4.423469387755102,196.0,0.012048192771084338,0.0,0.0,0.0,0.0,0.0,0.056365403304178816,0.056365403304178816,0.0,0.0,0.0,0.0,0.06997084548104957,0.0,0.0,0.00510204081632653,2.8785667097879077,1.2452820583732953,0.3784587148642448,0.16253655437691075,57.99964071856289,11.09632164242943,12.031772070788634,13.614713430282293,14.133182207014542,12.464910179640714,53.7972626176219,7.142857142857143,5.621082117574106,276.1880895734311,1.4091229059868935,CNN_DM137193
31,0.2602807962232166,0.3336939010769129,0.055762081784386616,0.10408921933085502,0.01486988847583643,0.03345724907063197,0.04460966542750929,0.06319702602230483,0.0,0.16728624535315986,0.011152416356877323,0.03717472118959108,0.04460966542750929,0.17472118959107807,0.11895910780669144,0.011152416356877323,0.0,0.09293680297397769,0.0,0.026022304832713755,4.689956331877729,4.0,2.3688175329989676,22.9,31.0,14.882540105774956,1.3449781659388647,1.0,0.6533311514153728,229,126,0.5502183406113537,1120,10,False,95.0,0.8438661710037175,4.171003717472119,269.0,0.0,0.0,1.0,0.0,0.0,0.0,0.08941877794336811,0.020864381520119227,0.0,0.0,0.0,0.0,0.02608047690014903,0.013412816691505217,0.0,0.026022304832713755,2.534819344323988,1.665009374004621,0.4119305915126349,0.20913039932901428,69.80634716157205,9.211742358078602,10.125756701596842,11.780087336244542,12.109694323144105,10.484366812227073,47.79082969432314,5.7,7.465782359895531,1747.2219700336173,6.495248959232778,CNN_DM240723
32,0.715158998966217,0.8089253703753153,0.1532258064516129,0.07258064516129033,0.016129032258064516,0.024193548387096774,0.03225806451612903,0.04838709677419355,0.0,0.13709677419354838,0.06451612903225806,0.016129032258064516,0.04032258064516129,0.14516129032258066,0.11290322580645161,0.008064516129032258,0.024193548387096774,0.10483870967741936,0.0,,5.205882352941177,5.0,2.9283544040247134,20.4,21.0,2.244994432064365,1.5,1.0,0.8603464874289733,102,77,0.7549019607843137,554,5,True,36.0,0.7741935483870968,4.467741935483871,124.0,0.019417475728155338,0.0,0.0,0.0,0.0,0.0,0.1076923076923077,0.0,0.0,0.0,0.0,0.0,0.0,0.0,0.0,0.0,3.703487365628926,0.4114602282305764,0.38487784447857043,0.05273537882010401,59.22900000000003,10.066000000000003,12.340626583579944,13.258039215686274,13.28970588235294,13.359607843137258,50.792156862745095,6.2,2.786833552960684,16.229548348661243,0.13088345442468743,CNN_DM165626
33,0.8037425577640533,0.7662047346433004,0.02564102564102564,0.11965811965811966,0.03418803418803419,0.05128205128205128,0.042735042735042736,0.06837606837606838,0.0,0.18803418803418803,0.03418803418803419,0.02564102564102564,0.05982905982905983,0.07692307692307693,0.05982905982905983,0.017094017094017096,0.008547008547008548,0.15384615384615385,0.02564102564102564,0.008547008547008548,5.113207547169812,4.0,2.7756377975772106,21.2,22.0,3.3105890714493698,1.5,1.0,0.8383496816241092,106,74,0.6981132075471698,552,5,True,52.0,0.8717948717948718,4.726495726495727,117.0,0.01904761904761905,0.0,0.0,0.0,0.0,0.0,0.0,0.0,0.0,0.0,0.0,0.0,0.0,0.0,0.0,0.008547008547008548,2.8105787566742944,0.24493319563530938,0.5047101449275362,0.038114389578504576,58.417000000000016,10.378000000000004,12.340626583579944,13.38566037735849,13.253207547169815,12.869433962264154,53.27547169811321,6.8,2.9782957824750227,19.65429289660116,0.1679854093726595,CNN_DM282569
34,0.7765474234308515,0.7039620776971182,0.09178743961352658,0.12560386473429952,0.00966183574879227,0.014492753623188406,0.028985507246376812,0.057971014492753624,0.0,0.25120772946859904,0.028985507246376812,0.028985507246376812,0.028985507246376812,0.07246376811594203,0.11594202898550725,0.014492753623188406,0.004830917874396135,0.10144927536231885,0.0,0.024154589371980676,5.386363636363637,5.0,2.9616174104617925,22.0,20.5,14.177446878757825,1.6136363636363635,1.0,0.871673132307505,176,118,0.6704545454545454,981,8,True,72.0,0.8260869565217391,4.739130434782608,207.0,0.011560693641618497,0.0,0.6666666666666666,0.0,0.0,0.0,0.0,0.0,0.0,0.0,0.0,0.0,0.006980802792321117,0.0,0.0,0.028985507246376812,2.4173569980921568,0.9912824249149774,0.4384276497138899,0.179276358053858,47.991363636363644,12.030909090909088,14.191785591663535,15.618181818181819,14.939772727272732,14.526363636363637,56.090909090909086,7.5,4.730947440380508,113.40295400492386,0.5478403575117095,CNN_DM119592
35,0.8412206172943115,0.8257264097531637,0.07655502392344497,0.10047846889952153,0.04784688995215311,0.07177033492822966,0.028708133971291867,0.10047846889952153,0.0,0.19617224880382775,0.019138755980861243,0.023923444976076555,0.019138755980861243,0.11961722488038277,0.11483253588516747,0.0,0.0,0.08133971291866028,0.0,,4.8901098901098905,4.0,2.39711616781292,22.75,23.0,6.740734381356382,1.5054945054945055,1.0,0.7540896028262752,182,111,0.6098901098901099,918,8,True,85.0,0.8755980861244019,4.392344497607655,209.0,0.01092896174863388,0.0,0.0,0.0,0.0,0.0,0.0546448087431694,0.0546448087431694,0.0,0.0,0.0,0.0,0.022768670309653915,0.0,0.0,0.028708133971291867,3.0473867278554776,0.398681517086486,0.45247668997669,0.06611892676663376,56.37891483516485,11.047335164835165,12.161744961471694,13.495604395604397,12.97741758241758,11.652747252747258,52.42032967032967,6.75,5.849382783787407,347.0201279164126,1.660383387159869,CNN_DM171339
36,0.7895087997118632,0.7344310641288757,0.10227272727272728,0.11363636363636363,0.017045454545454544,0.045454545454545456,0.028409090909090908,0.11363636363636363,0.0,0.2215909090909091,0.022727272727272728,0.011363636363636364,0.017045454545454544,0.07386363636363637,0.11363636363636363,0.03409090909090909,0.0,0.08522727272727272,0.0,,4.779220779220779,4.0,2.463359424151343,22.0,23.0,10.690449676496975,1.3896103896103895,1.0,0.6961087419873973,154,94,0.6103896103896104,758,7,True,72.0,0.8579545454545454,4.306818181818182,176.0,0.012987012987012988,0.0,0.0,0.0,0.0,0.0,0.0,0.0,0.0,0.0,0.0,0.0,0.048458149779735685,0.042951541850220265,0.0,0.005681818181818182,2.8117407800637615,1.2508834519032086,0.4097587399450754,0.168261373435659,66.94396103896105,9.387402597402595,11.20814326018867,12.436363636363637,12.080129870129873,10.956363636363637,47.97402597402597,5.714285714285714,5.081799290707919,161.06359559841874,0.9151340659001065,CNN_DM100152
37,0.8728250145912171,0.8481373488903046,0.08333333333333333,0.10119047619047619,0.02976190476190476,0.047619047619047616,0.05952380952380952,0.07142857142857142,0.0,0.1488095238095238,0.0,0.047619047619047616,0.05952380952380952,0.09523809523809523,0.10714285714285714,0.017857142857142856,0.0,0.10119047619047619,0.017857142857142856,0.011904761904761904,4.86986301369863,4.0,2.5915132793650053,24.333333333333332,25.0,6.315765107165473,1.3835616438356164,1.0,0.796054258946172,146,92,0.6301369863013698,734,6,True,74.0,0.8630952380952381,4.375,168.0,0.006896551724137931,0.0,0.0,0.0,0.0,0.0,0.0,0.0,0.0,0.0,0.0,0.0,0.0,0.0,0.0,0.017857142857142856,3.2257121050174455,0.25404986408795777,0.44435844513243894,0.06477288671187459,65.08735159817354,10.226027397260278,11.20814326018867,13.021004566210046,13.673721461187213,11.61835616438356,47.62100456621005,5.666666666666667,4.934814039779849,139.04728286438535,0.8276623980022938,CNN_DM189929
38,0.7880483232438564,0.7796749174594879,0.058091286307053944,0.05394190871369295,0.012448132780082987,0.029045643153526972,0.029045643153526972,0.07468879668049792,0.0,0.24481327800829875,0.04149377593360996,0.03319502074688797,0.024896265560165973,0.08298755186721991,0.15767634854771784,0.004149377593360996,0.03319502074688797,0.0912863070539419,0.0,0.029045643153526972,5.171270718232044,5.0,3.0006358513400118,20.11111111111111,21.0,8.225224677031887,1.5635359116022098,1.0,0.8491768422913085,181,108,0.5966850828729282,1000,9,False,65.0,0.6970954356846473,4.149377593360996,241.0,0.0898876404494382,0.0,0.0,0.0,0.0,0.0,0.15456874466268147,0.15456874466268147,0.09052092228864218,0.05465414175918019,0.0,0.0,0.02049530315969257,0.07514944491887275,0.0888129803586678,0.03319502074688797,3.136458013650996,1.2672356238245428,0.41712129870024606,0.1682867417686155,54.14708410067527,10.703057090239412,12.838901577100671,13.790300798035606,12.982240638428486,13.135248618784534,46.630448127685696,5.333333333333333,6.281722831942123,534.7090846234564,2.2187098947031387,CNN_DM123984
39,0.8626021623611451,0.8347783386707306,0.018072289156626505,0.06626506024096386,0.024096385542168676,0.04216867469879518,0.03614457831325301,0.10843373493975904,0.0,0.25301204819277107,0.006024096385542169,0.04216867469879518,0.04216867469879518,0.060240963855421686,0.12048192771084337,0.024096385542168676,0.0,0.14457831325301204,0.0,0.012048192771084338,4.6,4.0,2.4477998565918404,24.166666666666668,23.5,3.531603350069515,1.3862068965517242,1.0,0.7257453424042094,145,95,0.6551724137931034,687,6,True,64.0,0.8614457831325302,4.150602409638554,166.0,0.0,0.0,0.0,0.0,0.0,0.0,0.0,0.0,0.0,0.0,0.0,0.0,0.018094089264173704,0.0,0.0,0.012048192771084338,2.91243859907653,0.3955706032648619,0.45297390987046154,0.05627050686129496,65.03272988505748,10.19224137931035,11.538034831475386,13.25287356321839,12.319333333333333,10.023172413793098,44.16666666666667,4.833333333333333,5.048571592272578,155.79975988682287,0.9385527704025474,CNN_DM179115
40,0.7934515584598888,0.8125328600406647,0.07395498392282958,0.08681672025723473,0.022508038585209004,0.06109324758842444,0.028938906752411574,0.0707395498392283,0.0,0.15112540192926044,0.01929260450160772,0.05466237942122187,0.06109324758842444,0.12861736334405144,0.10289389067524116,0.01929260450160772,0.006430868167202572,0.0932475884244373,0.0,0.01929260450160772,4.82962962962963,4.0,2.6944132618788736,22.5,21.0,3.640054944640259,1.4370370370370371,1.0,0.7263037565484609,270,137,0.5074074074074074,1351,12,False,131.0,0.8553054662379421,4.347266881028939,311.0,0.007380073800738007,0.0,0.0,0.0,0.0,0.0,0.1555693839452396,0.1269446172993155,0.1269446172993155,0.1269446172993155,0.0,0.0,0.018668326073428748,0.0,0.0,0.022508038585209004,2.94436023801433,0.4497861968453298,0.44471649301252886,0.03977610624160714,62.424166666666665,10.142037037037039,11.538034831475386,12.851851851851855,12.567555555555558,11.282666666666668,52.129629629629626,6.666666666666667,9.019725598677994,8264.508977901356,26.573983851772848,CNN_DM224845
41,0.836557095249494,0.8325876235961914,0.03571428571428571,0.11507936507936507,0.011904761904761904,0.003968253968253968,0.01984126984126984,0.09126984126984126,0.0,0.2222222222222222,0.03968253968253968,0.04365079365079365,0.011904761904761904,0.16666666666666666,0.09523809523809523,0.027777777777777776,0.027777777777777776,0.06746031746031746,0.0,0.01984126984126984,5.299516908212561,5.0,2.8619019651989763,29.571428571428573,31.0,13.699396679699259,1.5217391304347827,1.0,0.7344266353228943,207,117,0.5652173913043478,1151,7,True,83.0,0.8055555555555556,4.567460317460317,252.0,0.05687203791469194,0.0,0.0,0.0,0.0,0.0,0.04821958456973294,0.0,0.0,0.0,0.0,0.0,0.040059347181008904,0.04896142433234421,0.04080118694362018,0.01984126984126984,2.9682372085867526,1.3428985041417005,0.4364246273820741,0.1805333536715705,48.08086956521743,13.899378881987584,13.707050652182112,16.46625258799172,18.316438923395445,14.360193236714977,64.83712905452036,10.428571428571429,6.358976350067644,577.6547374071481,2.2922807039966195,CNN_DM30489
42,0.7074901461601257,0.740424108505249,0.04838709677419355,0.11827956989247312,0.016129032258064516,0.026881720430107527,0.04838709677419355,0.11290322580645161,0.0,0.24731182795698925,0.03225806451612903,0.043010752688172046,0.026881720430107527,0.07526881720430108,0.08064516129032258,0.0,0.0,0.12365591397849462,0.0,,4.529761904761905,4.0,2.4125801127534636,24.0,28.0,10.323343865794095,1.3095238095238095,1.0,0.6070261325705697,168,102,0.6071428571428571,780,7,True,79.0,0.8763440860215054,4.193548387096774,186.0,0.011834319526627219,0.0,0.0,0.0,0.0,0.0,0.0,0.0,0.0,0.0,0.0,0.0,0.02536997885835095,0.0,0.0,0.0,2.663692653239956,1.1388438831808738,0.39457984682706826,0.16150574267520262,71.68928571428575,9.222380952380952,10.290406445055957,12.21904761904762,11.905178571428571,9.601666666666663,46.02380952380952,5.285714285714286,5.455767956766413,234.10458425418597,1.2586267970655158,CNN_DM49267
43,0.741315945982933,0.7066078384717306,0.128,0.112,0.032,0.04,0.04,0.064,0.0,0.16,0.0,0.024,0.08,0.064,0.072,0.04,0.0,0.144,0.0,,5.339285714285714,5.0,2.381302057655836,22.4,24.0,12.2245654319489,1.5089285714285714,1.0,0.6943076679362702,112,77,0.6875,613,5,True,62.0,0.912,4.904,125.0,0.017543859649122806,0.0,0.0,0.0,0.0,0.0,0.0,0.0,0.0,0.0,0.0,0.0,0.057931034482758624,0.0,0.0,0.0,2.504977375565611,1.2743943649916902,0.36153846153846153,0.1862110528755416,56.44364285714289,10.951357142857145,10.793553405168563,12.174285714285714,14.918035714285715,14.273571428571426,53.65,7.0,3.1495555890235387,23.3256960818036,0.1866055686544288,CNN_DM193549
44,0.7919076879819235,0.8065072000026703,0.06231454005934718,0.12166172106824925,0.020771513353115726,0.05637982195845697,0.050445103857566766,0.07418397626112759,0.0,0.17210682492581603,0.017804154302670624,0.017804154302670624,0.032640949554896145,0.13353115727002968,0.10682492581602374,0.02373887240356083,0.002967359050445104,0.10385756676557864,0.0,0.002967359050445104,5.036789297658863,4.0,2.719061488272968,29.9,28.0,8.537564055396599,1.4983277591973243,1.0,0.7903031971402046,299,169,0.5652173913043478,1542,10,True,140.0,0.8664688427299704,4.5816023738872405,337.0,0.006711409395973154,0.0,0.0,0.0,0.0,0.0,0.017429193899782137,0.017429193899782137,0.0,0.0,0.0,0.0,0.01906318082788671,0.024509803921568627,0.0,0.002967359050445104,3.4401468253968255,0.7990535863936608,0.47136206515396967,0.04414735308745764,49.72797157190638,13.75126755852843,14.554592549557764,17.311170568561874,17.243277591973246,12.826354515050163,59.66588628762542,8.9,9.005636996918135,8148.889969668247,24.1806824025764,CNN_DM74687
45,0.36441755791505176,0.34568949341773986,0.038560411311053984,0.09511568123393316,0.002570694087403599,0.10025706940874037,0.028277634961439587,0.12339331619537275,0.0,0.15938303341902313,0.012853470437017995,0.038560411311053984,0.030848329048843187,0.13881748071979436,0.07969151670951156,0.02570694087403599,0.010282776349614395,0.10025706940874037,0.0,0.015424164524421594,4.604584527220631,4.0,2.575747959223768,15.863636363636363,18.5,9.502609471974502,1.4040114613180517,1.0,0.7940220489352204,349,86,0.24641833810888253,1650,22,False,185.0,0.8920308483290489,4.244215938303342,389.0,0.01440922190201729,0.0,0.0,0.0,0.0,0.0,0.9054325955734407,0.9054325955734407,0.9054325955734407,0.9054325955734407,0.9054325955734407,0.9054325955734407,0.030181086519114688,0.012575452716297788,0.04225352112676056,0.028277634961439587,2.33356236891186,0.9692308416996112,0.5128328141590053,0.1414934363054358,71.95403946340194,7.164153425371193,10.63711953065702,10.7007554050534,8.189411305027349,9.409054441260743,37.067074759051835,3.3636363636363638,11.081910017416853,64984.88721220751,167.0562653270116,CNN_DM149451
46,0.8011811921993891,0.784406054019928,0.05291005291005291,0.08994708994708994,0.026455026455026454,0.047619047619047616,0.026455026455026454,0.07936507936507936,0.0,0.20105820105820105,0.037037037037037035,0.037037037037037035,0.021164021164021163,0.10582010582010581,0.08994708994708994,0.042328042328042326,0.010582010582010581,0.12698412698412698,0.0,0.005291005291005291,5.313253012048193,5.0,2.7261681959061965,23.714285714285715,26.0,13.64566164143949,1.5903614457831325,1.0,0.8786098628194955,166,107,0.6445783132530121,908,7,True,75.0,0.8571428571428571,4.804232804232805,189.0,0.011904761904761904,0.0,0.0,0.0,0.0,0.0,0.0,0.0,0.0,0.0,0.0,0.0,0.018691588785046728,0.03925233644859813,0.0,0.010582010582010581,2.8474460473844707,1.260740297978597,0.3811822660098523,0.15937504262363456,48.22042168674702,12.424836488812392,13.023866798666859,14.545955249569708,15.452564543889842,14.193734939759036,58.654044750430295,8.285714285714286,4.5855163963649055,98.05380870096764,0.5188032206400404,CNN_DM78787
47,0.830292691787084,0.8533896803855896,0.07346938775510205,0.08979591836734693,0.02040816326530612,0.04897959183673469,0.02040816326530612,0.06938775510204082,0.0,0.17551020408163265,0.04081632653061224,0.05714285714285714,0.044897959183673466,0.12653061224489795,0.08571428571428572,0.02040816326530612,0.004081632653061225,0.11836734693877551,0.0,0.004081632653061225,4.513888888888889,4.0,2.099336682424436,30.857142857142858,30.0,6.334228364970103,1.3101851851851851,1.0,0.5452556000722513,216,133,0.6157407407407407,1006,7,True,98.0,0.8612244897959184,4.114285714285714,245.0,0.009174311926605505,0.0,0.0,0.0,0.0,0.0,0.0,0.0,0.0,0.0,0.0,0.0,0.014778325123152709,0.0,0.0,0.004081632653061225,3.650832610583142,0.34220343261106684,0.4417258944444419,0.04633542191334892,64.67333333333336,11.904470899470901,8.841846274778883,13.63915343915344,15.258988095238095,9.782407407407408,47.52380952380952,5.142857142857143,6.186971350170393,486.3708263687001,1.9851870464028574,CNN_DM198294
48,0.7339910566806793,0.735812783241272,0.05825242718446602,0.10679611650485436,0.02912621359223301,0.009708737864077669,0.02912621359223301,0.0970873786407767,0.0,0.14563106796116504,0.02912621359223301,0.0,0.02912621359223301,0.22330097087378642,0.07766990291262135,0.04854368932038835,0.019417475728155338,0.08737864077669903,0.0,0.009708737864077669,5.423913043478261,5.0,2.592772964340009,30.666666666666668,31.0,1.247219128924647,1.434782608695652,1.0,0.6478114967717974,92,71,0.7717391304347826,510,3,True,37.0,0.8640776699029126,4.951456310679611,103.0,0.02197802197802198,0.0,0.0,0.0,0.0,0.0,0.0,0.0,0.0,0.0,0.0,0.0,0.0,0.0,0.0,0.009708737864077669,3.49194245082403,0.6052750766163142,0.44482655502392343,0.02837470638037901,54.325724637681176,13.300434782608697,11.20814326018867,14.875362318840581,19.449963768115943,15.127391304347828,62.18840579710145,9.666666666666666,2.2062877515047243,9.081939321807361,0.08817416817288701,CNN_DM217566
49,0.8600716814398766,0.8630702665873936,0.07058823529411765,0.11764705882352941,0.01568627450980392,0.06666666666666667,0.00784313725490196,0.10196078431372549,0.0,0.2627450980392157,0.00392156862745098,0.043137254901960784,0.043137254901960784,0.00392156862745098,0.11372549019607843,0.023529411764705882,0.0,0.12156862745098039,0.00392156862745098,,5.036199095022624,4.0,2.747034935660036,24.555555555555557,24.0,4.6930471293206395,1.4253393665158371,1.0,0.7119474901435994,221,121,0.5475113122171946,1151,9,True,114.0,0.8784313725490196,4.513725490196078,255.0,0.008928571428571428,0.0,0.0,0.0,0.0,0.0,0.0,0.0,0.0,0.0,0.0,0.0,0.018261504747991233,0.019722425127830533,0.0,0.0196078431372549,3.2692087124345193,0.7401753158416454,0.44845443684153363,0.04923329077918351,61.327400703871305,10.805671191553547,11.20814326018867,13.080140774258423,14.568275515334342,12.607420814479635,51.704876822523886,6.666666666666667,7.403314608041242,1641.4160740555237,6.436925780609897,CNN_DM214898
50,0.8847601513067881,0.8749621748924256,0.09124087591240876,0.08759124087591241,0.01824817518248175,0.01824817518248175,0.0364963503649635,0.09124087591240876,0.0,0.2773722627737226,0.01824817518248175,0.029197080291970802,0.025547445255474453,0.058394160583941604,0.12773722627737227,0.014598540145985401,0.0,0.0948905109489051,0.0,0.010948905109489052,5.197424892703863,5.0,2.8712863344354873,33.285714285714285,32.0,3.989782869648269,1.5236051502145922,1.0,0.8792314525185839,233,139,0.5965665236051502,1256,7,True,100.0,0.8467153284671532,4.583941605839416,274.0,0.008547008547008548,0.0,0.0,0.0,0.0,0.0,0.05886332882273342,0.04059539918809202,0.0,0.0,0.0,0.0,0.03721244925575101,0.05412719891745602,0.07036535859269283,0.010948905109489052,3.578307243074613,0.7970375011071927,0.47820476305821663,0.06178239001933509,44.15300429184552,15.369969343960758,14.955608360458719,18.464500306560392,19.69272838749233,13.871587982832615,63.32863274064991,10.0,8.052068359799192,3140.283494813133,11.460888667201216,CNN_DM42460
51,0.8174808025360107,0.7787598073482513,0.09523809523809523,0.11428571428571428,0.01904761904761905,0.009523809523809525,0.02857142857142857,0.09523809523809523,0.0,0.23809523809523808,0.0380952380952381,0.047619047619047616,0.0380952380952381,0.13333333333333333,0.05714285714285714,0.0,0.01904761904761905,0.05714285714285714,0.0,0.009523809523809525,4.681318681318682,4.0,2.16302149719861,22.75,23.0,4.815340071064556,1.3406593406593406,1.0,0.6666264126638726,91,58,0.6373626373626373,443,4,True,41.0,0.8761904761904762,4.238095238095238,105.0,0.021052631578947368,0.0,0.0,0.0,0.0,0.0,0.0,0.0,0.0,0.0,0.0,0.0,0.05065666041275797,0.0,0.0,0.009523809523809525,3.091185625353707,0.282292661840055,0.442681805319751,0.05152445053278323,70.3239697802198,9.102280219780223,11.20814326018867,12.616483516483518,11.994010989010995,10.425054945054946,44.72802197802198,5.0,2.469399248476473,11.81534663163595,0.11252711077748524,CNN_DM243039
52,0.7634039968252182,0.7990039785703024,0.06289308176100629,0.1069182389937107,0.006289308176100629,0.018867924528301886,0.025157232704402517,0.11949685534591195,0.0,0.24528301886792453,0.012578616352201259,0.006289308176100629,0.03773584905660377,0.06918238993710692,0.15723270440251572,0.018867924528301886,0.012578616352201259,0.0880503144654088,0.0,0.012578616352201259,4.946969696969697,5.0,2.6580762978406645,26.4,23.0,10.518555033843764,1.5984848484848484,1.0,0.8151951661175013,132,90,0.6818181818181818,680,5,True,53.0,0.8050314465408805,4.276729559748428,159.0,0.015384615384615385,0.0,0.0,0.0,0.0,0.0,0.0,0.0,0.0,0.0,0.0,0.0,0.024875621890547265,0.0,0.0,0.012578616352201259,2.9725649082375427,0.4369213071282334,0.4590748058420693,0.058282604675837915,44.807181818181846,13.568121212121213,14.836745963215662,16.923636363636362,15.070227272727273,12.166969696969698,58.97575757575758,8.6,5.100080499197086,164.03511146319897,1.0316673676930752,CNN_DM17884
53,0.7446545660495758,0.7782142758369446,0.05128205128205128,0.11538461538461539,0.02564102564102564,0.042735042735042736,0.02564102564102564,0.0641025641025641,0.0,0.21367521367521367,0.008547008547008548,0.017094017094017096,0.07264957264957266,0.0811965811965812,0.1282051282051282,0.021367521367521368,0.004273504273504274,0.11538461538461539,0.0,0.01282051282051282,5.341708542713568,5.0,2.6776234673009176,22.11111111111111,26.0,11.278735591510685,1.5678391959798994,1.0,0.853117754937915,199,128,0.6432160804020101,1102,9,True,92.0,0.8418803418803419,4.7094017094017095,234.0,0.010050251256281407,0.0,0.0,0.0,0.0,0.0,0.03863987635239567,0.0,0.0,0.0,0.0,0.0,0.02472952086553323,0.0,0.0,0.01282051282051282,2.7010813651816066,1.1139637065369306,0.39482609078374925,0.15111523158634876,51.75302624232276,11.533835845896146,12.838901577100671,14.070575097710776,14.78500279173646,14.270552763819097,57.28699050809604,7.777777777777778,6.143747197903295,465.7957335025723,1.9905800577033006,CNN_DM84554
54,0.7949950769543648,0.7306757739612034,0.044642857142857144,0.15178571428571427,0.013392857142857142,0.044642857142857144,0.022321428571428572,0.09821428571428571,0.0,0.20089285714285715,0.022321428571428572,0.013392857142857142,0.04017857142857143,0.15178571428571427,0.07589285714285714,0.008928571428571428,0.008928571428571428,0.09821428571428571,0.0,0.004464285714285714,5.169154228855722,4.0,2.7465480426059936,22.333333333333332,22.0,6.463573143221772,1.527363184079602,1.0,0.8228681259317551,201,124,0.6169154228855721,1071,9,True,87.0,0.8839285714285714,4.78125,224.0,0.009852216748768473,0.0,0.0,0.0,0.0,0.0,0.0,0.0,0.0,0.0,0.0,0.0,0.015760441292356184,0.0,0.0,0.017857142857142856,2.97310552798456,0.45096623904511496,0.470057316632727,0.0550530878352613,54.951741293532365,11.142885572139303,12.060818386365153,13.311442786069652,14.083383084577115,13.269253731343284,55.16915422885572,7.333333333333333,5.807238653343632,332.6991583762628,1.4852640998940303,CNN_DM57661
55,0.8601281940937042,0.8164105415344238,0.05217391304347826,0.09565217391304348,0.02608695652173913,0.06956521739130435,0.017391304347826087,0.14782608695652175,0.0,0.26956521739130435,0.02608695652173913,0.017391304347826087,0.02608695652173913,0.034782608695652174,0.0782608695652174,0.02608695652173913,0.0,0.11304347826086956,0.0,,5.194174757281553,5.0,2.573419969299984,20.6,17.0,6.770524351924303,1.4951456310679612,1.0,0.708804359162873,103,73,0.7087378640776699,548,5,True,50.0,0.9043478260869565,4.765217391304348,115.0,0.019230769230769232,0.0,0.0,0.0,0.0,0.0,0.0,0.0,0.0,0.0,0.0,0.0,0.02304147465437788,0.0,0.0,0.0,2.5764921353156645,0.19973704189318478,0.454770523594053,0.030766772976075097,59.436679611650504,10.086718446601946,12.340626583579944,13.28854368932039,13.334563106796118,13.304854368932034,53.60970873786408,6.8,3.4282143076502996,30.82155576377713,0.2680135283806707,CNN_DM228573
56,0.907915453116099,0.9120260179042816,0.08904109589041095,0.10273972602739725,0.02054794520547945,0.04794520547945205,0.0410958904109589,0.10273972602739725,0.0,0.2602739726027397,0.0,0.02054794520547945,0.0410958904109589,0.03424657534246575,0.06164383561643835,0.0410958904109589,0.00684931506849315,0.1232876712328767,0.0,0.00684931506849315,5.362962962962963,5.0,2.987895103041003,33.75,33.0,4.493050188902857,1.6888888888888889,1.0,0.9464684195131934,135,84,0.6222222222222222,733,4,True,61.0,0.9178082191780822,5.034246575342466,146.0,0.014925373134328358,0.0,0.0,0.0,0.0,0.0,0.0,0.0,0.0,0.0,0.0,0.0,0.024193548387096774,0.0,0.0,0.00684931506849315,3.3282178171291075,0.3491793920459211,0.4657193444995864,0.033874646549799214,29.698750000000018,17.501388888888886,18.243605946275583,21.796296296296298,20.704555555555558,14.857185185185184,64.86111111111111,10.5,4.309212889942296,74.38191913626493,0.5094651995634584,CNN_DM10347
57,0.7430107858445909,0.7308855950832367,0.04304635761589404,0.10596026490066225,0.019867549668874173,0.029801324503311258,0.03642384105960265,0.09271523178807947,0.0,0.18543046357615894,0.013245033112582781,0.029801324503311258,0.04304635761589404,0.1490066225165563,0.09602649006622517,0.026490066225165563,0.016556291390728478,0.11258278145695365,0.0,,5.161654135338346,4.0,2.874602863829809,26.6,26.5,10.575443253121827,1.5827067669172932,1.0,0.9590887967385485,266,129,0.4849624060150376,1412,10,True,124.0,0.8774834437086093,4.675496688741722,302.0,0.022304832713754646,0.0,0.0,0.0,0.0,0.0,0.0,0.0,0.0,0.0,0.0,0.0,0.03758949880668258,0.01909307875894988,0.0,0.0033112582781456954,2.614814265239797,0.9530238310309401,0.44394171987789005,0.15675392840770172,45.93900751879701,13.45993984962406,14.836745963215662,16.955789473684213,16.181390977443613,13.437744360902258,57.051127819548874,8.1,7.788650887879093,2413.059896842435,7.990264559080911,CNN_DM54262
58,0.7941914945840836,0.7100775241851807,0.059602649006622516,0.10596026490066225,0.052980132450331126,0.033112582781456956,0.006622516556291391,0.0728476821192053,0.0,0.19205298013245034,0.019867549668874173,0.033112582781456956,0.046357615894039736,0.07947019867549669,0.11258278145695365,0.019867549668874173,0.013245033112582781,0.1390728476821192,0.0,0.013245033112582781,5.351145038167939,5.0,2.9263834442761247,26.2,26.0,3.867815921162743,1.6259541984732824,1.0,0.8766337233560666,131,92,0.7022900763358778,721,5,True,59.0,0.8410596026490066,4.774834437086093,151.0,0.015503875968992248,0.0,0.0,0.0,0.0,0.0,0.0,0.0,0.0,0.0,0.0,0.0,0.01770956316410862,0.0,0.0,0.013245033112582781,3.102884921175776,0.5222926767425903,0.5046550539803913,0.040553527758743366,42.68627480916035,13.814259541984732,15.381575749822971,17.502900763358777,16.87389312977099,14.534961832061065,59.78778625954199,8.8,3.8632540235186497,47.6200563087753,0.3153646113163927,CNN_DM236103
59,0.8399541825056076,0.8800123532613119,0.10059171597633136,0.11242603550295859,0.0,0.029585798816568046,0.04142011834319527,0.08875739644970414,0.0,0.2485207100591716,0.005917159763313609,0.029585798816568046,0.029585798816568046,0.1301775147928994,0.07692307692307693,0.011834319526627219,0.0,0.09467455621301775,0.0,,5.355263157894737,5.0,2.5915040713455486,30.4,28.0,5.607138307550474,1.5921052631578947,1.0,0.7809850658816684,152,104,0.6842105263157895,833,5,True,66.0,0.9053254437869822,4.928994082840236,169.0,0.012987012987012988,0.0,0.0,0.0,0.0,0.0,0.0,0.0,0.0,0.0,0.0,0.0,0.027439024390243903,0.0,0.0,0.0,3.0876468359226976,0.42223662059622447,0.45813484405349464,0.045622912136084534,41.28689473684213,15.052842105263156,14.554592549557764,17.423157894736843,18.993289473684207,14.71526315789474,63.95263157894737,10.2,4.395647344495059,81.09711154304522,0.47986456534346283,CNN_DM63766
60,0.8349772334098816,0.8218703716993332,0.06432748538011696,0.10526315789473684,0.029239766081871343,0.03508771929824561,0.04678362573099415,0.10526315789473684,0.0,0.2807017543859649,0.011695906432748537,0.04678362573099415,0.017543859649122806,0.023391812865497075,0.08187134502923976,0.023391812865497075,0.005847953216374269,0.12280701754385964,0.0,,5.026315789473684,4.0,2.430473660846067,25.333333333333332,31.0,13.387390418682136,1.4210526315789473,1.0,0.6932599932799733,152,100,0.6578947368421053,786,6,True,74.0,0.8947368421052632,4.5964912280701755,171.0,0.012903225806451613,0.0,0.0,0.0,0.0,0.0,0.0,0.0,0.0,0.0,0.0,0.0,0.05970149253731343,0.0,0.0,0.0,2.5281255260395183,1.163658085488765,0.37225447527116334,0.16875068465480675,60.90061403508773,11.05842105263158,11.855464076750408,13.817543859649124,14.910614035087718,12.58631578947368,52.307017543859644,6.833333333333333,5.235877857146971,187.8939780382071,1.0987951932058895,CNN_DM20546
61,0.7876531779766083,0.7557060122489929,0.05970149253731343,0.07960199004975124,0.009950248756218905,0.04975124378109453,0.024875621890547265,0.09950248756218906,0.0,0.22388059701492538,0.04477611940298507,0.014925373134328358,0.03482587064676617,0.03980099502487562,0.10945273631840796,0.024875621890547265,0.04477611940298507,0.10945273631840796,0.0,0.029850746268656716,5.3128834355828225,5.0,3.1163953386337453,20.375,23.0,8.85914075968996,1.6503067484662577,1.0,0.910293840048658,163,87,0.5337423312883436,906,8,False,75.0,0.7562189054726368,4.507462686567164,201.0,0.0880503144654088,0.0,0.0,0.0,0.0,0.0,0.24408703878902555,0.2194891201513718,0.06811731315042574,0.0,0.0,0.0,0.059602649006622516,0.0728476821192053,0.06244087038789026,0.03482587064676617,2.525230845543345,1.0221846068975917,0.45601438492063495,0.17949578149768788,46.538424079754634,11.82986963190184,12.815532586354998,13.794171779141104,13.781180981595092,13.986993865030676,52.890337423312886,6.625,5.003408951213801,148.91995565301335,0.7408953017562853,CNN_DM249229
62,0.885706901550293,0.8979427963495255,0.045454545454545456,0.14049586776859505,0.028925619834710745,0.012396694214876033,0.045454545454545456,0.11983471074380166,0.0,0.21487603305785125,0.0371900826446281,0.02066115702479339,0.04132231404958678,0.07024793388429752,0.09090909090909091,0.012396694214876033,0.008264462809917356,0.1115702479338843,0.0,,4.8842592592592595,4.0,2.631809053815949,36.0,35.0,9.72967967955095,1.4259259259259258,1.0,0.735397394506103,216,130,0.6018518518518519,1082,6,True,102.0,0.871900826446281,4.471074380165289,242.0,0.009216589861751152,0.0,0.0,0.0,0.0,0.0,0.03088803088803089,0.0,0.0,0.0,0.0,0.0,0.018532818532818532,0.0,0.0,0.0,3.303685181971746,0.4494297792085812,0.4900045473281534,0.039689522658233604,49.661666666666704,15.275925925925929,13.023866798666859,17.73333333333333,19.57486111111111,12.097222222222221,65.62962962962962,10.666666666666666,8.135320005145864,3412.908042183094,14.102925794145017,CNN_DM68937
63,0.7914320230484009,0.751991793513298,0.08,0.112,0.008,0.04,0.032,0.136,0.0,0.264,0.024,0.024,0.008,0.032,0.104,0.008,0.0,0.128,0.0,,4.845454545454546,4.0,2.4165578962887904,18.333333333333332,20.5,8.768630958643937,1.4727272727272727,1.0,0.7711749112890363,110,75,0.6818181818181818,548,6,True,52.0,0.864,4.384,125.0,0.01818181818181818,0.0,0.0,0.0,0.0,0.0,0.0,0.0,0.0,0.0,0.0,0.0,0.0,0.0,0.0,0.0,2.6141315327184893,1.2183941485061995,0.38226064997804127,0.18058832530019314,63.63393939393943,8.938181818181818,10.504223727775692,10.969696969696969,10.558757575757575,11.076727272727272,43.78787878787878,4.666666666666667,3.7890553120260515,44.21461152864374,0.35371689222914987,CNN_DM126132
64,0.8061610162258148,0.8697022398312887,0.05263157894736842,0.07602339181286549,0.04093567251461988,0.029239766081871343,0.023391812865497075,0.10526315789473684,0.0,0.21637426900584794,0.011695906432748537,0.05847953216374269,0.09941520467836257,0.04093567251461988,0.08187134502923976,0.011695906432748537,0.005847953216374269,0.14035087719298245,0.0,0.005847953216374269,4.635761589403973,4.0,2.483010999830567,30.2,25.0,7.467261881037787,1.3841059602649006,1.0,0.6288950380666655,151,94,0.6225165562913907,721,5,True,75.0,0.8830409356725146,4.228070175438597,171.0,0.013071895424836602,0.0,0.0,0.0,0.0,0.0,0.0,0.0,0.0,0.0,0.0,0.0,0.010356731875719217,0.0,0.0,0.005847953216374269,2.9748238116659165,0.28833084025922595,0.4747788274104064,0.05339465851621427,59.086635761589434,12.520450331125826,11.20814326018867,14.729006622516557,15.504437086092715,10.478145695364233,55.36556291390728,7.6,4.641336529128151,103.68283014225399,0.6063323400131813,CNN_DM228972
65,0.8383144906588963,0.840327799320221,0.05179282868525897,0.12350597609561753,0.00398406374501992,0.05179282868525897,0.035856573705179286,0.08764940239043825,0.0,0.13147410358565736,0.05179282868525897,0.03187250996015936,0.0398406374501992,0.17928286852589642,0.10756972111553785,0.0,0.00398406374501992,0.09561752988047809,0.0,0.00398406374501992,4.206422018348624,3.0,2.274419987736678,27.25,25.0,5.165994579942956,1.2889908256880733,1.0,0.6236676734353874,218,117,0.536697247706422,952,8,True,101.0,0.8406374501992032,3.800796812749004,251.0,0.00904977375565611,0.0,0.0,0.0,0.0,0.0,0.06706792777300086,0.0,0.0,0.0,0.0,0.0,0.02063628546861565,0.025795356835769563,0.03869303525365434,0.00398406374501992,3.2590223630996875,0.3784259546301549,0.4655133322472032,0.042853511913952716,70.12762614678901,10.247591743119266,10.686352973137792,13.46880733944954,12.007247706422014,7.847522935779814,43.305045871559635,4.375,7.327357103725058,1521.3556688175322,6.061177963416463,CNN_DM51909
66,0.6420300304889679,0.6567591379086176,0.0821256038647343,0.10628019323671498,0.01932367149758454,0.033816425120772944,0.028985507246376812,0.09178743961352658,0.0,0.2318840579710145,0.03864734299516908,0.028985507246376812,0.01932367149758454,0.06280193236714976,0.14009661835748793,0.01932367149758454,0.004830917874396135,0.08695652173913043,0.0,0.004830917874396135,4.758620689655173,4.0,2.636897851910654,21.75,23.5,11.177544453054079,1.471264367816092,1.0,0.835134794815757,174,114,0.6551724137931034,862,8,True,73.0,0.8067632850241546,4.164251207729468,207.0,0.011494252873563218,0.0,0.0,0.0,0.0,0.0,0.0,0.0,0.0,0.0,0.0,0.0,0.05825242718446602,0.0,0.0,0.004830917874396135,2.8663623413623416,1.2461116057404698,0.38849553224553224,0.16379831724179594,60.28978448275865,10.253419540229888,12.602617957971052,13.757471264367817,11.858103448275862,10.819770114942532,47.037356321839084,5.5,5.436183959366192,229.56448246125382,1.1090071616485693,CNN_DM255614
67,0.8340265239988055,0.7964199582735697,0.03594771241830065,0.09477124183006536,0.026143790849673203,0.058823529411764705,0.03594771241830065,0.05555555555555555,0.0,0.16013071895424835,0.026143790849673203,0.03594771241830065,0.0784313725490196,0.10130718954248366,0.12745098039215685,0.00980392156862745,0.0,0.13398692810457516,0.016339869281045753,0.0032679738562091504,4.6061776061776065,4.0,2.324811708928179,32.375,31.0,4.635124054434789,1.359073359073359,1.0,0.5881919735148121,259,140,0.5405405405405406,1242,8,False,132.0,0.8366013071895425,4.062091503267974,306.0,0.007662835249042145,0.0,0.0,0.0,0.0,0.0,0.1781647689216343,0.1071667782987274,0.1071667782987274,0.1071667782987274,0.04822505023442733,0.04822505023442733,0.016075016744809108,0.024112525117213665,0.0,0.00980392156862745,3.863596431894129,0.6392596684396401,0.452799434666211,0.04277403140741391,58.99676882239385,13.073315637065637,10.9516,15.266602316602317,16.45259652509653,10.370038610038613,55.927123552123554,7.625,7.773106164751335,2375.839588037893,7.764181660254552,CNN_DM270437
68,0.7256590127944946,0.7344618042310079,0.050724637681159424,0.10869565217391304,0.014492753623188406,0.057971014492753624,0.028985507246376812,0.07971014492753623,0.0,0.15217391304347827,0.007246376811594203,0.0,0.043478260869565216,0.16666666666666666,0.15942028985507245,0.007246376811594203,0.014492753623188406,0.09420289855072464,0.0,0.014492753623188406,4.473684210526316,4.0,2.3403798099161115,22.8,27.0,7.413501197140255,1.3245614035087718,1.0,0.6282196235015396,114,82,0.7192982456140351,534,5,True,50.0,0.8043478260869565,3.869565217391304,138.0,0.017857142857142856,0.0,0.0,0.0,0.0,0.0,0.0,0.0,0.0,0.0,0.0,0.0,0.0,0.0,0.0,0.014492753623188406,3.7313311232946575,1.7450586588078607,0.4509484040970717,0.07334608596131435,71.63510526315793,8.93182456140351,10.355215969177355,11.92701754385965,11.04105263157895,9.20701754385965,44.729824561403504,5.0,3.798943700006439,44.65399156174306,0.3235796489981381,CNN_DM114625
69,0.7726430892944336,0.745361362184797,0.05982905982905983,0.11538461538461539,0.017094017094017096,0.038461538461538464,0.038461538461538464,0.1282051282051282,0.0,0.24786324786324787,0.02564102564102564,0.01282051282051282,0.02564102564102564,0.06837606837606838,0.09401709401709402,0.021367521367521368,0.0,0.10683760683760683,0.0,,4.4375,4.0,2.352563556731579,23.11111111111111,25.0,13.477919757427491,1.2884615384615385,1.0,0.6150840612199798,208,113,0.5432692307692307,951,9,True,99.0,0.8717948717948718,4.064102564102564,234.0,0.009523809523809525,0.0,0.0,0.0,0.0,0.0,0.0,0.0,0.0,0.0,0.0,0.0,0.017316017316017316,0.0,0.0,0.0,2.8205535749653396,1.3792920023225321,0.42433375145793445,0.1604884486651933,74.37337606837607,8.62717948717949,10.74609503303851,12.321367521367522,11.026180555555555,9.011730769230766,39.93803418803419,3.888888888888889,6.99292478748057,1088.901629135602,4.653425765536761,CNN_DM134894
70,0.6900662084420522,0.6831475019454956,0.020134228187919462,0.09395973154362416,0.013422818791946308,0.053691275167785234,0.040268456375838924,0.04697986577181208,0.006711409395973154,0.18120805369127516,0.006711409395973154,0.026845637583892617,0.06711409395973154,0.20134228187919462,0.12080536912751678,0.006711409395973154,0.0,0.10738255033557047,0.006711409395973154,,4.690476190476191,4.0,2.244797462190855,18.0,18.0,4.47213595499958,1.3571428571428572,1.0,0.5836976510538695,126,97,0.7698412698412699,616,7,True,52.0,0.8590604026845637,4.134228187919463,149.0,0.015625,0.0,0.0,0.0,0.0,0.0,0.0,0.0,0.0,0.0,0.0,0.0,0.02029769959404601,0.03247631935047361,0.0,0.0,2.770991488382793,0.6299469336588267,0.4768641756219396,0.08041419544375854,73.75071428571428,7.444285714285716,7.957251820313856,8.787301587301588,9.662142857142857,10.135555555555555,42.6031746031746,4.428571428571429,3.59356876673696,36.363617906453726,0.24405112688895117,CNN_DM3913
71,0.7022316018740337,0.7017042019537517,0.04,0.08615384615384615,0.036923076923076927,0.07076923076923076,0.04,0.07692307692307693,0.0,0.16923076923076924,0.024615384615384615,0.03076923076923077,0.046153846153846156,0.09846153846153846,0.11384615384615385,0.027692307692307693,0.024615384615384615,0.11384615384615385,0.0,,5.2226277372262775,4.0,2.8228859462968017,17.125,18.5,6.927075501248705,1.532846715328467,1.0,0.8287806088897669,274,152,0.5547445255474452,1486,16,True,131.0,0.8307692307692308,4.572307692307692,325.0,0.03597122302158273,0.0,0.0,0.0,0.0,0.0,0.0,0.0,0.0,0.0,0.0,0.0,0.025582717453098352,0.03126776577600909,0.029562251279135872,0.0,2.857249284167856,0.9278323561595995,0.40658077866661074,0.12297435547455267,59.7742928832117,9.176341240875914,11.698219412168324,12.105474452554745,11.731076642335772,13.180583941605839,52.5264598540146,6.0625,9.53959962812627,13899.38158896103,42.76732796603394,CNN_DM52630
72,0.777970826625824,0.7993398904800415,0.07142857142857142,0.13095238095238096,0.03571428571428571,0.047619047619047616,0.02976190476190476,0.09523809523809523,0.0,0.16666666666666666,0.03571428571428571,0.011904761904761904,0.041666666666666664,0.1130952380952381,0.125,0.0,0.005952380952380952,0.08333333333333333,0.0,0.005952380952380952,4.784722222222222,4.0,2.29783471278592,24.0,25.0,3.0550504633038935,1.3819444444444444,1.0,0.634609763925151,144,99,0.6875,712,6,True,73.0,0.8333333333333334,4.25,168.0,0.013888888888888888,0.0,0.0,0.0,0.0,0.0,0.0,0.0,0.0,0.0,0.0,0.0,0.02336448598130841,0.0,0.0,0.005952380952380952,3.013523034923447,0.6397365310991416,0.4792326580956104,0.04727306122573823,65.56250000000003,10.076944444444443,11.20814326018867,12.933333333333332,13.106041666666663,11.10083333333333,46.916666666666664,5.5,5.0250517505923415,152.17813121732905,0.9058222096269587,CNN_DM197398
73,0.8475272314889091,0.853171835343043,0.044444444444444446,0.08148148148148149,0.007407407407407408,0.06296296296296296,0.022222222222222223,0.08148148148148149,0.0,0.15925925925925927,0.014814814814814815,0.04814814814814815,0.05555555555555555,0.11481481481481481,0.11481481481481481,0.03333333333333333,0.007407407407407408,0.12222222222222222,0.0,0.02962962962962963,4.569620253164557,4.0,2.465030760262696,29.625,29.5,3.1598061649411346,1.3670886075949367,1.0,0.6906955191439798,237,126,0.5316455696202531,1116,8,True,114.0,0.8296296296296296,4.137037037037037,270.0,0.0,0.0,0.0,0.0,0.0,0.0,0.017857142857142856,0.0,0.0,0.0,0.0,0.0,0.010416666666666666,0.013392857142857142,0.024553571428571428,0.02962962962962963,3.507855628988996,0.3848682148557863,0.4491354079209049,0.06223134609406329,61.10992879746837,12.095395569620255,12.815532586354998,15.731856540084388,14.905411392405064,10.070210970464135,51.98786919831224,6.625,7.4210138811344,1670.7265674665603,6.187876175802075,CNN_DM118890
74,0.40414127478232753,0.32950470969080925,0.056818181818181816,0.15625,0.022727272727272728,0.048295454545454544,0.017045454545454544,0.11931818181818182,0.0,0.23295454545454544,0.05113636363636364,0.008522727272727272,0.017045454545454544,0.03977272727272727,0.09090909090909091,0.017045454545454544,0.022727272727272728,0.09375,0.002840909090909091,0.002840909090909091,4.7,4.0,2.6658533706016896,22.142857142857142,24.5,12.620035900204442,1.4129032258064516,1.0,0.7769842176683662,310,161,0.5193548387096775,1498,14,True,143.0,0.8153409090909091,4.2585227272727275,352.0,0.012944983818770227,0.0,0.0,0.0,0.0,0.0,0.06659267480577137,0.042175360710321866,0.0,0.0,0.0,0.0,0.030521642619311874,0.02885682574916759,0.03662597114317425,0.014204545454545454,2.632795981346199,1.122767436065642,0.5018073869630847,0.11026133872429181,64.82838709677422,9.717972350230415,11.629938488055164,12.857142857142856,11.77842857142857,10.499225806451612,46.33640552995392,5.357142857142857,9.265695185431714,10569.155560150786,30.026010114064732,CNN_DM276021
75,0.8066006302833557,0.7988744020462036,0.08092485549132948,0.09248554913294797,0.011560693641618497,0.057803468208092484,0.028901734104046242,0.12716763005780346,0.0,0.23699421965317918,0.046242774566473986,0.028901734104046242,0.017341040462427744,0.057803468208092484,0.07514450867052024,0.011560693641618497,0.017341040462427744,0.10404624277456648,0.0,0.005780346820809248,4.791139240506329,4.0,2.540940216365534,22.571428571428573,23.0,12.948879078428183,1.3924050632911393,1.0,0.761705639662298,158,100,0.6329113924050633,772,7,True,70.0,0.8670520231213873,4.46242774566474,173.0,0.012738853503184714,0.0,0.0,0.0,0.0,0.0,0.0,0.0,0.0,0.0,0.0,0.0,0.021621621621621623,0.0,0.0,0.005780346820809248,2.3399916696770324,1.080289452815388,0.3777939646612697,0.17005828628155234,66.12753164556963,9.643236889692592,12.031772070788634,13.33236889692586,12.421980108499099,11.06050632911392,46.62206148282098,5.428571428571429,5.022184167427298,151.74237285543833,0.8771235425169845,CNN_DM130203
76,0.6344984758358735,0.6356922872364521,0.023952095808383235,0.12874251497005987,0.020958083832335328,0.011976047904191617,0.05389221556886228,0.07784431137724551,0.0029940119760479044,0.11676646706586827,0.014970059880239521,0.041916167664670656,0.0658682634730539,0.23053892215568864,0.10179640718562874,0.0029940119760479044,0.0029940119760479044,0.09880239520958084,0.0,0.0029940119760479044,4.6912280701754385,4.0,2.5303963146881765,20.357142857142858,21.0,8.973032158777153,1.3964912280701753,1.0,0.6912904059522668,285,175,0.6140350877192983,1398,14,True,140.0,0.8712574850299402,4.191616766467066,334.0,0.006802721088435374,0.0,0.0,0.0,0.0,0.0,0.0,0.0,0.0,0.0,0.0,0.0,0.029726516052318668,0.01605231866825208,0.0,0.011976047904191617,2.8850850884214045,0.8252430530182323,0.4513893037031092,0.05539239090620415,68.02934210526318,8.827882205513784,11.20814326018867,12.072681704260653,10.844255639097746,10.330385964912278,44.918546365914786,5.0,9.323758392429532,11201.000598332712,33.53592993512788,CNN_DM246004
77,0.8179381283429953,0.8394626130660375,0.09536784741144415,0.1008174386920981,0.01907356948228883,0.02997275204359673,0.04632152588555858,0.1553133514986376,0.0,0.21798365122615804,0.01907356948228883,0.02997275204359673,0.01634877384196185,0.051771117166212535,0.07084468664850137,0.021798365122615803,0.008174386920980926,0.11716621253405994,0.0,,5.361194029850746,5.0,3.1863962343613856,23.928571428571427,24.5,7.563675275517147,1.635820895522388,1.0,1.0446311200020848,335,132,0.3940298507462687,1828,14,False,156.0,0.8937329700272479,4.9809264305177114,367.0,0.01791044776119403,0.0,0.0,0.0,0.0,0.0,0.31807674526121127,0.2542764678687009,0.217753120665742,0.19047619047619047,0.10725843735552473,0.05917706888580675,0.055940822931114194,0.048081368469717986,0.018030513176144243,0.0,2.9026329737850474,0.8921950676451935,0.44710740872031185,0.13512585747285674,44.15705223880599,13.044829424307036,14.348710955821954,16.01918976545842,15.785509594882726,14.486805970149252,56.46588486140725,7.785714285714286,11.353599126226115,85271.8038624438,232.34823940720383,CNN_DM60813
78,0.29599798044988085,0.6000537671721898,0.0425531914893617,0.07801418439716312,0.0673758865248227,0.05673758865248227,0.03546099290780142,0.0673758865248227,0.0,0.13829787234042554,0.028368794326241134,0.031914893617021274,0.0851063829787234,0.07092198581560284,0.1276595744680851,0.024822695035460994,0.0035460992907801418,0.10638297872340426,0.0,0.03546099290780142,4.2125,4.0,2.127363881270276,16.0,14.0,11.272385136547928,1.2625,1.0,0.6071192222290446,240,133,0.5541666666666667,1055,15,False,126.0,0.8049645390070922,3.74822695035461,282.0,0.008547008547008548,0.0,0.9,0.0,0.0,0.0,0.02177293934681182,0.0,0.0,0.0,0.0,0.0,0.013996889580093312,0.016329704510108865,0.030326594090202177,0.03900709219858156,2.2442880007078787,1.2317775549045515,0.3683334991955682,0.1859195089561149,83.78750000000001,5.547500000000003,8.648137234880735,8.733333333333333,6.410875000000001,7.119500000000002,30.583333333333336,2.3333333333333335,8.000955163547143,2983.806649699302,10.580874644323766,CNN_DM48207
79,0.8892019093036652,0.8826586206754049,0.09411764705882353,0.10588235294117647,0.041176470588235294,0.03529411764705882,0.029411764705882353,0.07647058823529412,0.0,0.3,0.011764705882352941,0.01764705882352941,0.01764705882352941,0.029411764705882353,0.08823529411764706,0.023529411764705882,0.0,0.12941176470588237,0.0,,5.251655629139073,5.0,2.563675298029489,30.2,31.0,7.520638270785266,1.5430463576158941,1.0,0.8668669271428863,151,101,0.6688741721854304,813,5,True,60.0,0.888235294117647,4.7823529411764705,170.0,0.013157894736842105,0.0,0.0,0.0,0.0,0.0,0.0,0.0,0.0,0.0,0.0,0.0,0.02074688796680498,0.0,0.0,0.0,3.2115271456232555,0.5481960310134245,0.49139152228397076,0.07607626224918426,45.64027814569539,14.395947019867553,14.554592549557764,17.378013245033113,18.40529801324503,14.09960264900662,63.31258278145695,10.0,4.536093851563557,93.32554378423275,0.548973786966075,CNN_DM146650
80,0.6919179633259773,0.5319961210091909,0.057692307692307696,0.0673076923076923,0.019230769230769232,0.028846153846153848,0.028846153846153848,0.0673076923076923,0.0,0.18269230769230768,0.028846153846153848,0.009615384615384616,0.11538461538461539,0.125,0.1346153846153846,0.0,0.0,0.125,0.009615384615384616,,5.136363636363637,4.0,2.8769531633539382,17.6,17.0,11.001818031580054,1.5,1.0,0.8918825850158447,88,66,0.75,468,5,True,35.0,0.8269230769230769,4.5,104.0,0.022727272727272728,0.0,0.0,0.0,0.0,0.0,0.0,0.0,0.0,0.0,0.0,0.0,0.0,0.0,0.0,0.0,2.4381316539211277,1.394107560482231,0.35482081271554955,0.2063554931930166,62.07100000000001,8.974000000000004,12.68835289967788,13.403636363636364,11.562272727272735,12.719999999999995,46.009090909090915,5.0,3.096423212012838,22.118695740587505,0.2126797667364183,CNN_DM67071
81,0.8179526031017303,0.7501355528831481,0.05,0.12222222222222222,0.016666666666666666,0.03333333333333333,0.07222222222222222,0.05,0.0,0.23333333333333334,0.022222222222222223,0.011111111111111112,0.07777777777777778,0.09444444444444444,0.1111111111111111,0.011111111111111112,0.005555555555555556,0.08333333333333333,0.0,0.005555555555555556,4.923566878980892,5.0,2.2979952527872927,22.428571428571427,21.0,9.484681527255905,1.356687898089172,1.0,0.6079383438975801,157,101,0.643312101910828,795,7,True,75.0,0.8611111111111112,4.427777777777778,180.0,0.012738853503184714,0.0,0.0,0.0,0.0,0.0,0.0,0.0,0.0,0.0,0.0,0.0,0.018947368421052633,0.0,0.0,0.005555555555555556,2.9781168607793993,0.5986501118107159,0.4334300397458293,0.05458512508907293,69.29420382165608,9.16606005459509,9.606745405546679,11.26442220200182,12.974285714285713,11.830828025477704,49.180163785259325,6.0,4.882081757930488,131.90497248725848,0.7328054027069916,CNN_DM137651
82,0.8276557226975759,0.7994737505912781,0.06278026905829596,0.08968609865470852,0.004484304932735426,0.04035874439461883,0.03587443946188341,0.12556053811659193,0.0,0.23318385650224216,0.008968609865470852,0.03587443946188341,0.04484304932735426,0.06278026905829596,0.08968609865470852,0.02242152466367713,0.004484304932735426,0.13452914798206278,0.0,0.004484304932735426,4.768844221105527,4.0,2.4935765057048656,28.428571428571427,32.0,14.008743625292873,1.3869346733668342,1.0,0.6543477712827349,199,120,0.6030150753768844,975,7,True,96.0,0.8923766816143498,4.37219730941704,223.0,0.01,0.0,0.0,0.0,0.0,0.0,0.03754266211604096,0.0,0.0,0.0,0.0,0.0,0.021331058020477817,0.0,0.0,0.008968609865470852,2.784640199687487,1.2355625405325874,0.39163510235685445,0.16746241191722974,60.64532663316585,11.862972002871498,12.031772070788634,14.78851399856425,15.245541995692747,11.199597989949748,55.061737257717155,7.571428571428571,6.780153765097391,880.204058365452,3.9471034007419377,CNN_DM246640
83,0.7190172858536243,0.7818597555160522,0.040983606557377046,0.11885245901639344,0.012295081967213115,0.03278688524590164,0.02459016393442623,0.11475409836065574,0.0,0.21311475409836064,0.028688524590163935,0.020491803278688523,0.028688524590163935,0.0860655737704918,0.0942622950819672,0.028688524590163935,0.01639344262295082,0.13114754098360656,0.0,0.00819672131147541,4.595348837209302,4.0,2.344509021678357,23.88888888888889,27.0,9.109755996786502,1.344186046511628,1.0,0.5808183183019175,215,117,0.5441860465116279,1017,9,True,101.0,0.8524590163934426,4.168032786885246,244.0,0.028169014084507043,0.0,0.0,0.0,0.0,0.0,0.021189894050529748,0.0,0.0,0.0,0.0,0.0,0.039119804400977995,0.02689486552567237,0.0,0.012295081967213115,2.5569548779107603,0.9665028324122064,0.4192041210423564,0.16649140569498413,68.86963824289406,9.588062015503876,9.725611199111238,11.78811369509044,12.158537467700256,9.981581395348833,44.81912144702842,5.0,7.241298342085505,1395.9051572553128,5.720922775636528,CNN_DM272925
84,0.8328346673931394,0.828478251512234,0.09042553191489362,0.1276595744680851,0.005319148936170213,0.047872340425531915,0.02925531914893617,0.15159574468085107,0.0,0.25,0.015957446808510637,0.02127659574468085,0.023936170212765957,0.034574468085106384,0.07446808510638298,0.007978723404255319,0.015957446808510637,0.10372340425531915,0.0,,5.115727002967359,4.0,2.7315535339537846,22.466666666666665,24.0,8.261288573151823,1.5074183976261128,1.0,0.8301289700055866,337,135,0.40059347181008903,1766,15,False,166.0,0.8882978723404256,4.696808510638298,376.0,0.023529411764705882,0.0,0.0,0.0,0.0,0.0,0.26165556612749763,0.24595623215984777,0.2164605137963844,0.18934348239771645,0.15318744053282587,0.15318744053282587,0.019029495718363463,0.02093244529019981,0.024738344433872503,0.0,2.512601422527795,0.7996199241447931,0.4468303134005553,0.1256155662714931,56.503736894164206,10.959537091988132,12.340626583579944,13.61574678536103,13.898407517309593,12.962967359050445,53.327200791295745,6.933333333333334,11.400945147288098,89406.18545367978,237.78240812148877,CNN_DM228082
85,0.8967926621437072,0.8929271847009659,0.11214953271028037,0.09345794392523364,0.018691588785046728,0.04205607476635514,0.03271028037383177,0.13551401869158877,0.0,0.21495327102803738,0.004672897196261682,0.037383177570093455,0.02336448598130841,0.07009345794392523,0.0794392523364486,0.028037383177570093,0.004672897196261682,0.09813084112149532,0.0,0.004672897196261682,5.229166666666667,4.0,2.943846571900256,32.0,30.0,5.163977794943222,1.5833333333333333,1.0,0.8620067027323834,192,107,0.5572916666666666,1029,6,True,94.0,0.9018691588785047,4.808411214953271,214.0,0.005154639175257732,0.0,0.0,0.0,0.0,0.0,0.04111842105263158,0.0,0.0,0.0,0.0,0.0,0.027138157894736843,0.0,0.0,0.014018691588785047,3.1947147412068015,0.5166293089956414,0.4683616853645816,0.05285848447999499,40.40500000000003,15.573333333333334,16.11434528070225,19.258333333333336,19.199374999999996,14.0225,68.45833333333333,11.666666666666666,6.800462396298867,898.2625489143368,4.197488546328676,CNN_DM42261
86,0.8051950590951102,0.8223870197931925,0.05976095617529881,0.10756972111553785,0.02390438247011952,0.0796812749003984,0.027888446215139442,0.08764940239043825,0.0,0.1593625498007968,0.027888446215139442,0.0199203187250996,0.05976095617529881,0.11553784860557768,0.12749003984063745,0.01593625498007968,0.00796812749003984,0.07569721115537849,0.0,0.00398406374501992,4.383177570093458,4.0,2.3882299385731054,26.75,26.5,2.6339134382131846,1.308411214953271,1.0,0.5945423898530438,214,131,0.6121495327102804,976,8,True,106.0,0.8366533864541833,3.896414342629482,251.0,0.009259259259259259,0.0,0.0,0.0,0.0,0.0,0.0,0.0,0.0,0.0,0.0,0.0,0.007620660457239628,0.0,0.0,0.00796812749003984,3.042244095914228,0.298825121721583,0.4804257371051869,0.05161919466161299,68.99216121495328,10.281752336448601,9.188382445141503,12.382242990654206,12.589766355140185,8.866542056074763,46.84345794392523,5.375,7.2451472575600295,1401.288231068621,5.5828216377235895,CNN_DM248001
87,0.4856054298579693,0.3891883095105489,0.05303030303030303,0.06060606060606061,0.045454545454545456,0.03787878787878788,0.030303030303030304,0.11363636363636363,0.0,0.21212121212121213,0.007575757575757576,0.03787878787878788,0.0,0.09848484848484848,0.15151515151515152,0.05303030303030303,0.007575757575757576,0.09090909090909091,0.0,,5.277777777777778,5.0,2.6695586170519916,21.6,23.0,18.618270596379247,1.5277777777777777,1.0,0.7752936520529369,108,78,0.7222222222222222,596,5,True,49.0,0.8257575757575758,4.515151515151516,132.0,0.01818181818181818,0.0,0.0,0.0,0.0,0.0,0.0,0.0,0.0,0.0,0.0,0.0,0.0,0.0,0.0,0.0,2.2050733752620544,1.573941211411488,0.4038993710691824,0.2208284920354798,55.66100000000003,10.861777777777778,13.023866798666859,14.195555555555558,14.228333333333332,13.862962962962957,57.71111111111111,7.8,3.955026386267548,52.197071212147335,0.39543235766778284,CNN_DM64351
88,0.624265756458044,0.6517561418669564,0.04375,0.075,0.01875,0.05625,0.03125,0.09375,0.0,0.19375,0.01875,0.025,0.0375,0.125,0.125,0.0125,0.00625,0.13125,0.0,0.00625,5.264705882352941,4.5,2.802927288404579,15.11111111111111,17.0,8.425417160057279,1.5147058823529411,1.0,0.7950702347596041,136,97,0.7132352941176471,741,9,True,56.0,0.83125,4.63125,160.0,0.014705882352941176,0.0,0.0,0.0,0.0,0.0,0.0,0.0,0.0,0.0,0.0,0.0,0.05034324942791762,0.0,0.0,0.00625,2.473106143942057,1.0208296939777914,0.3684082755909381,0.14747892826842054,63.35310457516343,8.176862745098042,10.980518767755715,11.044444444444444,10.92232026143791,13.19764705882353,50.40522875816994,5.333333333333333,4.662436520172573,105.89378041780337,0.6618361276112711,CNN_DM224196
89,0.6699252188205719,0.6658202782273293,0.05223880597014925,0.09701492537313433,0.029850746268656716,0.08955223880597014,0.03731343283582089,0.06716417910447761,0.0,0.15671641791044777,0.014925373134328358,0.007462686567164179,0.04477611940298507,0.15671641791044777,0.1417910447761194,0.014925373134328358,0.0,0.08955223880597014,0.0,,4.761061946902655,4.0,2.511123347266942,18.833333333333332,21.5,10.884494578170463,1.424778761061947,1.0,0.773514102067687,113,80,0.7079646017699115,559,6,True,53.0,0.8432835820895522,4.1716417910447765,134.0,0.017699115044247787,0.0,0.0,0.0,0.0,0.0,0.0,0.0,0.0,0.0,0.0,0.0,0.05961251862891207,0.0,0.0,0.0,2.7092065797498734,1.3736100766380919,0.32065375359093523,0.1498071417790758,67.18288348082596,8.567389380530972,10.125756701596842,10.719174041297935,10.411268436578169,10.623362831858405,40.07227138643068,4.0,3.6426563692807283,38.19315722307269,0.2850235613662141,CNN_DM92081
90,0.7728445857763291,0.8086828258302476,0.0670391061452514,0.10335195530726257,0.013966480446927373,0.0782122905027933,0.0335195530726257,0.06983240223463687,0.0,0.18156424581005587,0.025139664804469275,0.027932960893854747,0.04748603351955307,0.10614525139664804,0.11452513966480447,0.0111731843575419,0.01675977653631285,0.09497206703910614,0.0,0.008379888268156424,5.115131578947368,4.0,2.8819825930941194,27.636363636363637,29.0,9.641508060772983,1.5328947368421053,1.0,0.9170731701701798,304,172,0.5657894736842105,1613,11,True,147.0,0.8324022346368715,4.505586592178771,358.0,0.02622950819672131,0.0,0.0,0.0,0.0,0.0,0.041928721174004195,0.0,0.0,0.0,0.0,0.0,0.020964360587002098,0.023060796645702306,0.018867924528301886,0.008379888268156424,2.9128297937601633,1.1165635042877826,0.41407174888864323,0.13974623384101856,49.10119617224885,13.276339712918666,15.308715981407026,17.63349282296651,16.480451555023926,13.205921052631577,57.241626794258366,8.181818181818182,9.195459252502335,9852.290571901238,27.52036472598111,CNN_DM156154
91,0.8783425688743591,0.8876500328381857,0.06338028169014084,0.11971830985915492,0.014084507042253521,0.007042253521126761,0.056338028169014086,0.1056338028169014,0.0,0.2323943661971831,0.007042253521126761,0.007042253521126761,0.056338028169014086,0.07042253521126761,0.06338028169014084,0.035211267605633804,0.007042253521126761,0.14788732394366197,0.0,0.007042253521126761,4.8307692307692305,4.0,2.2227441859054164,26.0,27.0,9.033271832508971,1.3384615384615384,1.0,0.6146149032442516,130,81,0.6230769230769231,638,5,True,61.0,0.9084507042253521,4.507042253521127,142.0,0.015503875968992248,0.0,0.0,0.0,0.0,0.0,0.0,0.0,0.0,0.0,0.0,0.0,0.04302477183833116,0.0,0.0,0.014084507042253521,3.505429892949956,0.8321108819088501,0.4699145983835205,0.018001438160526042,67.21115384615388,10.343846153846155,8.841846274778883,11.938461538461539,14.322923076923075,11.466461538461534,51.38461538461539,6.6,3.8979392361245933,49.30074715090583,0.34718836021764665,CNN_DM158791
92,0.7042299211025238,0.7506496667861938,0.05426356589147287,0.12403100775193798,0.0,0.023255813953488372,0.023255813953488372,0.14728682170542637,0.0,0.2713178294573643,0.015503875968992248,0.015503875968992248,0.007751937984496124,0.09302325581395349,0.07751937984496124,0.023255813953488372,0.015503875968992248,0.10077519379844961,0.0,0.007751937984496124,4.913793103448276,4.5,2.6991983660455157,16.571428571428573,18.0,4.562491263620374,1.4741379310344827,1.0,0.7595507621517963,116,75,0.646551724137931,582,7,True,46.0,0.8682170542635659,4.51937984496124,129.0,0.017391304347826087,0.0,0.0,0.0,0.0,0.0,0.0,0.0,0.0,0.0,0.0,0.0,0.028735632183908046,0.0,0.0,0.007751937984496124,2.611424394319131,0.6334774157865526,0.4886800334168755,0.055232199778791714,65.3029310344828,8.26768472906404,9.957137785484202,10.076847290640396,9.999679802955669,11.306896551724133,45.881773399014776,4.857142857142857,3.6127967884402876,37.069583753599325,0.28736111436898704,CNN_DM112405
93,0.7699843304497855,0.7465489010016123,0.04878048780487805,0.07317073170731707,0.012195121951219513,0.036585365853658534,0.024390243902439025,0.12195121951219512,0.0,0.2073170731707317,0.006097560975609756,0.012195121951219513,0.018292682926829267,0.1402439024390244,0.17682926829268292,0.006097560975609756,0.0,0.11585365853658537,0.0,,5.424242424242424,5.0,2.8421108569245974,16.5,20.0,7.262919523166975,1.643939393939394,1.0,0.9222220839279881,132,91,0.6893939393939394,749,8,True,54.0,0.8048780487804879,4.567073170731708,164.0,0.015037593984962405,0.0,0.0,0.0,0.0,0.0,0.0,0.0,0.0,0.0,0.0,0.0,0.022701475595913734,0.0,0.0,0.0,2.351159610317219,0.9830180264046814,0.39559282203303947,0.16344878667814436,51.01022727272729,10.24348484848485,13.023866798666859,13.872727272727275,12.368181818181817,14.300606060606057,52.10606060606061,5.875,6.022484176183824,412.60230047697047,2.5158676858351856,CNN_DM78348
94,0.7738573551177979,0.7685309251149496,0.03676470588235294,0.08088235294117647,0.022058823529411766,0.07352941176470588,0.007352941176470588,0.11029411764705882,0.0,0.23529411764705882,0.022058823529411766,0.04411764705882353,0.03676470588235294,0.0661764705882353,0.125,0.022058823529411766,0.022058823529411766,0.08088235294117647,0.0,0.014705882352941176,4.787610619469026,4.0,2.5502084850869253,22.6,24.0,5.4258639865002145,1.3805309734513274,1.0,0.6142638456310895,113,78,0.6902654867256637,566,5,True,55.0,0.8235294117647058,4.176470588235294,136.0,0.017391304347826087,0.0,0.0,0.0,0.0,0.0,0.0,0.0,0.0,0.0,0.0,0.0,0.03550295857988166,0.0,0.0,0.014705882352941176,2.933018018018018,0.42742729368710874,0.4514414414414415,0.04970687554231187,67.10307964601773,9.514265486725662,10.355215969177355,11.871858407079648,12.419646017699115,11.041415929203534,50.03362831858407,6.2,3.7463966006422167,42.3681372864253,0.31153042122371544,CNN_DM176709
95,0.7815427124500275,0.7725730389356613,0.11409395973154363,0.11409395973154363,0.026845637583892617,0.020134228187919462,0.053691275167785234,0.11409395973154363,0.0,0.2483221476510067,0.006711409395973154,0.020134228187919462,0.013422818791946308,0.08053691275167785,0.087248322147651,0.0,0.0,0.10067114093959731,0.0,,5.477611940298507,5.0,2.9793228167529264,22.333333333333332,22.5,12.27010821287064,1.6567164179104477,1.0,0.9150848391623481,134,91,0.6791044776119403,749,6,True,54.0,0.8926174496644296,5.026845637583893,149.0,0.014925373134328358,0.0,0.0,0.0,0.0,0.0,0.0,0.0,0.0,0.0,0.0,0.0,0.022675736961451247,0.0,0.0,0.013422818791946308,2.5059349493458023,1.1721167101797045,0.3933923957179771,0.17791608940972853,44.008457711442816,12.669253731343286,14.06817628641468,15.500497512437812,15.536218905472637,15.082985074626858,61.13930348258707,8.666666666666666,4.285248213570339,72.6205698937971,0.487386375126155,CNN_DM18797
96,0.7794872650078365,0.7736214101314545,0.045454545454545456,0.1534090909090909,0.017045454545454544,0.03977272727272727,0.028409090909090908,0.09090909090909091,0.0,0.23863636363636365,0.028409090909090908,0.045454545454545456,0.011363636363636364,0.05113636363636364,0.08522727272727272,0.017045454545454544,0.005681818181818182,0.13636363636363635,0.0,0.005681818181818182,4.765822784810126,4.0,2.4576610304813546,19.75,22.0,8.422440263961509,1.3987341772151898,1.0,0.6838079660266749,158,96,0.6075949367088608,772,8,True,76.0,0.875,4.386363636363637,176.0,0.012658227848101266,0.0,0.0,0.0,0.0,0.0,0.0,0.0,0.0,0.0,0.0,0.0,0.021551724137931036,0.0,0.0,0.005681818181818182,2.5561967167570616,1.0277446687594918,0.4678522706539948,0.18460284615098527,68.45583860759497,8.617563291139241,10.686352973137792,11.444303797468354,10.892025316455694,10.724303797468348,46.96518987341772,5.375,5.499650896039493,244.6065242505682,1.3898097968782286,CNN_DM128133
97,0.7452391862869263,0.7684124410152435,0.024539877300613498,0.15950920245398773,0.024539877300613498,0.018404907975460124,0.06134969325153374,0.09815950920245399,0.0,0.22699386503067484,0.006134969325153374,0.018404907975460124,0.05521472392638037,0.15337423312883436,0.0736196319018405,0.0,0.0,0.07975460122699386,0.0,,4.958904109589041,4.5,2.4769532553443945,24.333333333333332,26.5,11.827463332806781,1.4657534246575343,1.0,0.7599962469413807,146,82,0.5616438356164384,742,6,True,70.0,0.8957055214723927,4.552147239263804,163.0,0.013605442176870748,0.0,0.0,0.0,0.0,0.0,0.08793686583990981,0.08793686583990981,0.0,0.0,0.0,0.0,0.020293122886133032,0.0,0.0,0.0,2.8125344743721534,1.3650380600208185,0.4229803588928905,0.19326085374728327,58.133926940639284,11.195890410958906,11.20814326018867,13.021004566210046,14.093105022831054,12.14191780821918,51.730593607305934,6.666666666666667,4.8146687569487,123.30596130188064,0.7564782901955868,CNN_DM94921
98,0.7581686311297946,0.7274698726832867,0.027888446215139442,0.13147410358565736,0.0199203187250996,0.05976095617529881,0.03187250996015936,0.07171314741035857,0.0,0.1553784860557769,0.035856573705179286,0.035856573705179286,0.03187250996015936,0.13147410358565736,0.09163346613545817,0.01195219123505976,0.00796812749003984,0.1394422310756972,0.0,0.01593625498007968,4.733031674208145,4.0,2.5590305616163196,22.1,21.0,10.251341375644458,1.4027149321266967,1.0,0.6898041267026066,221,132,0.5972850678733032,1080,10,True,97.0,0.8446215139442231,4.302788844621514,251.0,0.00904977375565611,0.0,0.0,0.0,0.0,0.0,0.0,0.0,0.0,0.0,0.0,0.0,0.034108527131782945,0.0,0.0,0.01593625498007968,2.6460925306577483,0.923962955825406,0.4221898270811314,0.15044853328203217,65.73381674208147,9.581036199095028,11.20814326018867,12.459909502262445,11.912579185520364,10.690859728506787,48.344343891402715,5.8,6.325016841767832,558.3672174768385,2.2245705875571256,CNN_DM212561
99,0.9065749843915304,0.8867556154727936,0.06766917293233082,0.09774436090225563,0.015037593984962405,0.07518796992481203,0.03759398496240601,0.03759398496240601,0.0,0.15037593984962405,0.0,0.03007518796992481,0.12781954887218044,0.07518796992481203,0.08270676691729323,0.05263157894736842,0.007518796992481203,0.13533834586466165,0.0,0.007518796992481203,4.325,4.0,2.2179664109269104,30.0,30.0,2.23606797749979,1.2833333333333334,1.0,0.7209176251294055,120,74,0.6166666666666667,530,4,True,66.0,0.8947368421052632,4.0,133.0,0.01680672268907563,0.0,0.0,0.0,0.0,0.0,0.0,0.0,0.0,0.0,0.0,0.0,0.03697996918335902,0.06471494607087827,0.0,0.007518796992481203,3.356206913329206,0.29917876708229657,0.41190689504175076,0.038727503168176296,67.81500000000001,11.253333333333337,11.20814326018867,14.666666666666666,13.940750000000001,8.644333333333332,44.166666666666664,4.25,3.4043020290492207,30.09328415388506,0.22626529439011325,CNN_DM169584
