,alpha_ratio,automated_readability_index,coleman_liau_index,contains_lorem ipsum,dependency_distance_mean,dependency_distance_std,doc_length,duplicate_line_chr_fraction,duplicate_ngram_chr_fraction_10,duplicate_ngram_chr_fraction_5,duplicate_ngram_chr_fraction_6,duplicate_ngram_chr_fraction_7,duplicate_ngram_chr_fraction_8,duplicate_ngram_chr_fraction_9,duplicate_paragraph_chr_fraction,entropy,first_order_coherence,flesch_kincaid_grade,flesch_reading_ease,gunning_fog,id,lix,mean_word_length,n_characters,n_sentences,n_stop_words,n_tokens,n_unique_tokens,oov_ratio,passed_quality_check,per_word_perplexity,perplexity,pos_prop_ADJ,pos_prop_ADP,pos_prop_ADV,pos_prop_AUX,pos_prop_CCONJ,pos_prop_DET,pos_prop_INTJ,pos_prop_NOUN,pos_prop_NUM,pos_prop_PART,pos_prop_PRON,pos_prop_PROPN,pos_prop_PUNCT,pos_prop_SCONJ,pos_prop_SPACE,pos_prop_SYM,pos_prop_VERB,pos_prop_X,prop_adjacent_dependency_relation_mean,prop_adjacent_dependency_relation_std,proportion_bullet_points,proportion_ellipsis,proportion_unique_tokens,rix,second_order_coherence,sentence_length_mean,sentence_length_median,sentence_length_std,smog,syllables_per_token_mean,syllables_per_token_median,syllables_per_token_std,symbol_to_word_ratio_#,token_length_mean,token_length_median,token_length_std,top_ngram_chr_fraction_2,top_ngram_chr_fraction_3,top_ngram_chr_fraction_4
0,0.8045977011494253,4.710666666666668,7.33969230769231,0.0,2.2205683205683204,0.35876456855679406,87.0,0.0,0.0,0.0,0.0,0.0,0.0,0.0,0.0,2.9717825377921296,0.4282802551984787,4.065769230769231,85.20839743589745,8.025641025641027,dailydialog-10476,29.294871794871796,3.689655172413793,319,6,41.0,65,51,0.022988505747126436,True,0.22444477775830493,19.52669566497253,0.08045977011494253,0.05747126436781609,0.08045977011494253,0.12643678160919541,0.022988505747126436,0.09195402298850575,0.0,0.12643678160919541,0.0,0.0,0.11494252873563218,0.04597701149425287,0.1724137931034483,0.0,0.022988505747126436,0.0,0.05747126436781609,0.0,0.4832722832722833,0.05166162796946045,0.5,0.0,0.7846153846153846,2.0,0.6009702980518341,10.833333333333334,10.0,4.524623986832743,8.841846274778883,1.3076923076923077,1.0,0.6776220167860074,0.0,4.4,4.0,2.570842424037454,0.0,0.0,0.0
1,0.8541666666666666,1.912105263157894,4.294736842105262,0.0,1.635215053763441,0.8448196849237629,48.0,0.0,0.0,0.0,0.0,0.0,0.0,0.0,0.0,1.5009884629567098,0.3673397960762183,3.641315789473687,85.87671052631579,6.957894736842106,dailydialog-1824,22.657894736842103,3.4166666666666665,164,4,27.0,38,29,0.020833333333333332,True,0.09346085925263571,4.486121244126514,0.020833333333333332,0.020833333333333332,0.041666666666666664,0.10416666666666667,0.08333333333333333,0.041666666666666664,0.0,0.125,0.0,0.0625,0.16666666666666666,0.020833333333333332,0.14583333333333334,0.0,,0.0,0.16666666666666666,0.0,0.48844086021505373,0.11179273380346401,0.0,0.0,0.7631578947368421,1.25,0.32641590014100075,9.5,6.0,9.420721840708387,8.07648339933343,1.3157894736842106,1.0,0.8616160812497318,0.0,3.9473684210526314,4.0,2.2354484822731893,0.0,0.0,0.0
2,0.8888888888888888,9.114740259740262,8.7787012987013,0.0,2.373787976729153,1.1937549446571003,90.0,0.0,0.0,0.2465753424657534,0.2465753424657534,0.1324200913242009,0.0,0.0,0.0,3.142190468159657,0.569515603284041,7.395422077922081,76.32741883116884,10.297402597402598,dailydialog-409,40.02922077922078,4.022222222222222,362,4,47.0,77,45,0.011111111111111112,False,0.25727256235391693,23.154530611852522,0.06666666666666667,0.13333333333333333,0.011111111111111112,0.05555555555555555,0.011111111111111112,0.14444444444444443,0.0,0.2777777777777778,0.0,0.06666666666666667,0.05555555555555555,0.0,0.08888888888888889,0.022222222222222223,0.011111111111111112,0.0,0.05555555555555555,0.0,0.4532967032967033,0.04922107930540911,0.5,0.0,0.5844155844155844,4.0,0.3841993287205696,19.25,22.5,11.098986440211556,9.516144504307135,1.3116883116883118,1.0,0.6295688126514712,0.0,4.441558441558442,4.0,2.4147463984158892,0.06164383561643835,0.07534246575342465,0.0
3,0.8421052631578947,5.539895833333333,8.436250000000001,0.0,2.147186147186147,1.3183826146654845,38.0,0.0,0.0,0.0,0.0,0.0,0.0,0.0,0.0,0.8823328378983043,0.4035131558775902,4.42625,82.32708333333336,5.516666666666667,dailydialog-4506,32.541666666666664,4.131578947368421,157,3,21.0,32,30,0.02631578947368421,True,0.06359290815641187,2.416530509943651,0.18421052631578946,0.05263157894736842,0.05263157894736842,0.10526315789473684,0.05263157894736842,0.02631578947368421,0.0,0.15789473684210525,0.0,0.0,0.10526315789473684,0.0,0.13157894736842105,0.02631578947368421,0.02631578947368421,0.0,0.07894736842105263,0.0,0.4696969696969697,0.042854956435548326,0.5,0.0,0.9375,2.3333333333333335,0.03975655138492584,10.666666666666666,12.0,7.408703590297622,6.42735559955562,1.34375,1.0,0.5367363761661771,0.0,4.59375,4.0,2.1774321889556054,0.0,0.0,0.0
4,0.9090909090909091,9.967325581395347,8.599534883720928,0.0,2.3460181451612905,1.161401312661673,99.0,0.0,0.0,0.0,0.0,0.0,0.0,0.0,0.0,3.920903351236719,0.5581064621607462,8.711279069767443,70.90087209302328,12.32093023255814,dailydialog-4012,43.593023255813954,4.02020202020202,398,4,58.0,86,56,0.010101010101010102,True,0.5095555015440125,50.44599465285724,0.06060606060606061,0.09090909090909091,0.0,0.0707070707070707,0.050505050505050504,0.13131313131313133,0.010101010101010102,0.20202020202020202,0.0,0.06060606060606061,0.09090909090909091,0.0,0.08080808080808081,0.04040404040404041,0.010101010101010102,0.0,0.10101010101010101,0.0,0.4808023007590133,0.012525508573570425,0.5,0.0,0.6511627906976745,4.75,0.4596565682440996,21.5,27.5,11.926860441876563,11.20814326018867,1.3488372093023255,1.0,0.7114910949199235,0.0,4.383720930232558,4.0,2.668370309414826,0.024844720496894408,0.0,0.0
5,0.8732394366197183,9.35256830601093,8.481311475409832,0.0,2.8159646427897704,0.4110460063390452,71.0,0.0,0.0,0.0,0.0,0.0,0.0,0.0,0.0,2.287286689028218,0.7232255637645721,8.976065573770494,66.92453551912571,12.06775956284153,dailydialog-3657,46.56284153005464,3.9577464788732395,281,3,37.0,61,45,0.0,True,0.13870676368292237,9.848180221487489,0.11267605633802817,0.04225352112676056,0.014084507042253521,0.07042253521126761,0.07042253521126761,0.04225352112676056,0.0,0.14084507042253522,0.0,0.07042253521126761,0.11267605633802817,0.014084507042253521,0.11267605633802817,0.04225352112676056,,0.0,0.14084507042253522,0.014084507042253521,0.4173606058156143,0.04961038936646032,0.0,0.0,0.7377049180327869,5.333333333333333,0.8896276950836182,20.333333333333332,19.0,4.189935029992178,11.20814326018867,1.4098360655737705,1.0,0.6622626189089886,0.0,4.377049180327869,4.0,2.587257136309527,0.0,0.0,0.0
6,0.7916666666666666,-2.082666666666668,-0.24799999999999933,0.0,1.4886039886039886,0.7032508318185413,24.0,0.0,0.0,0.0,0.0,0.0,0.0,0.0,0.0,0.8382353673536567,0.3796833949163556,-0.00999999999999801,107.00833333333333,2.666666666666667,dailydialog-2286,16.666666666666668,3.125,75,3,13.0,20,18,0.041666666666666664,True,0.09634512684887227,2.3122830443729345,0.041666666666666664,0.041666666666666664,0.041666666666666664,0.08333333333333333,0.041666666666666664,0.041666666666666664,0.041666666666666664,0.041666666666666664,0.0,0.041666666666666664,0.20833333333333334,0.041666666666666664,0.16666666666666666,0.0,0.041666666666666664,0.0,0.125,0.0,0.443019943019943,0.047116340195274144,0.5,0.0,0.9,0.6666666666666666,0.026851139962673187,6.666666666666667,7.0,4.4969125210773475,3.1291,1.1,1.0,0.3,0.0,3.4,3.0,2.03469899493758,0.0,0.0,0.0
7,0.8461538461538461,2.575303030303033,5.554545454545455,0.0,1.719047619047619,0.8623124529078247,26.0,0.0,0.0,0.0,0.0,0.0,0.0,0.0,0.0,0.7150261337399226,0.3584612086415291,3.3609090909090895,84.02803030303033,6.56969696969697,dailydialog-1679,30.06060606060606,3.9615384615384617,103,3,13.0,22,20,0.038461538461538464,True,0.07862461943075892,2.044240105199732,0.0,0.0,0.038461538461538464,0.07692307692307693,0.038461538461538464,0.038461538461538464,0.0,0.15384615384615385,0.0,0.11538461538461539,0.15384615384615385,0.0,0.11538461538461539,0.038461538461538464,0.038461538461538464,0.0,0.19230769230769232,0.0,0.4666666666666666,0.04714045207910316,0.5,0.0,0.9090909090909091,1.6666666666666667,0.014945387840270996,7.333333333333333,8.0,4.9216076867444665,7.793537801064561,1.3636363636363635,1.0,0.642824346533225,0.0,4.318181818181818,4.0,2.438076060346161,0.0,0.0,0.0
8,0.8095238095238095,5.470251572327047,8.917735849056601,0.0,1.6722222222222223,1.018425921716789,63.0,0.0,0.0,0.0,0.0,0.0,0.0,0.0,0.0,1.8347220313174488,0.2558305162936449,5.888962264150948,68.57482704402517,9.571069182389937,dailydialog-11087,37.13522012578616,4.26984126984127,269,6,29.0,53,46,0.031746031746031744,True,0.09941893454558169,6.263392876371647,0.06349206349206349,0.07936507936507936,0.015873015873015872,0.07936507936507936,0.031746031746031744,0.06349206349206349,0.031746031746031744,0.1746031746031746,0.0,0.0,0.14285714285714285,0.0,0.15873015873015872,0.015873015873015872,0.031746031746031744,0.0,0.1111111111111111,0.0,0.3611111111111111,0.16601725330537706,0.6666666666666666,0.0,0.8679245283018868,2.5,0.16476900386624038,8.833333333333334,12.5,5.927806414592913,9.725611199111238,1.528301886792453,1.0,0.8817601090979564,0.0,4.773584905660377,4.0,2.872389771167557,0.0,0.0,0.0
9,0.8571428571428571,5.194767441860467,7.974883720930233,0.0,2.082792207792208,0.9789203330980901,49.0,0.0,0.0,0.0,0.0,0.0,0.0,0.0,0.0,1.4963011333819984,0.4295333760480086,3.146686046511629,91.64933139534885,6.16046511627907,dailydialog-8935,27.02906976744186,4.142857142857143,201,4,23.0,43,35,0.02040816326530612,False,0.09112535756833862,4.465142520848592,0.02040816326530612,0.10204081632653061,0.0,0.061224489795918366,0.061224489795918366,0.08163265306122448,0.0,0.22448979591836735,0.0,0.0,0.16326530612244897,0.061224489795918366,0.12244897959183673,0.0,0.02040816326530612,0.0,0.08163265306122448,0.0,0.4366883116883117,0.04931966730832244,1.0,0.0,0.813953488372093,1.75,0.3940824596211314,10.75,11.0,6.869315832017043,7.168621630094336,1.2325581395348837,1.0,0.6764204452208831,0.0,4.511627906976744,4.0,2.424411633473888,0.0,0.0,0.0
10,0.8850574712643678,11.266153846153848,11.328205128205123,0.0,2.871386946386947,0.9259661902404729,87.0,0.0,0.0,0.0,0.0,0.0,0.0,0.0,0.0,2.5091117359148907,0.8058317502339681,10.168846153846157,56.88865384615386,12.415384615384617,dailydialog-1424,50.269230769230774,4.482758620689655,388,4,41.0,78,60,0.022988505747126436,True,0.14131040098857803,12.294004886006288,0.12643678160919541,0.06896551724137931,0.022988505747126436,0.06896551724137931,0.08045977011494253,0.034482758620689655,0.0,0.12643678160919541,0.0,0.05747126436781609,0.10344827586206896,0.0,0.09195402298850575,0.011494252873563218,0.022988505747126436,0.0,0.1839080459770115,0.0,0.44436674436674434,0.07705581775237456,0.0,0.0,0.7692307692307693,6.0,0.8442411124706268,19.5,21.5,7.22841614740048,11.698219412168324,1.5384615384615385,1.0,0.8871201995900613,0.0,4.871794871794871,4.0,3.081620346168947,0.0,0.0,0.0
11,0.826530612244898,9.680714285714284,12.185714285714283,0.0,1.9183932052353108,1.2392024346734896,98.0,0.0,0.0,0.0,0.0,0.0,0.0,0.0,0.0,2.439928285892462,0.3632174339145422,8.272380952380953,60.68928571428572,10.361904761904762,dailydialog-9674,44.95238095238095,4.561224489795919,447,6,35.0,84,55,0.030612244897959183,True,0.11706344891243814,11.472217993418937,0.061224489795918366,0.09183673469387756,0.02040816326530612,0.030612244897959183,0.030612244897959183,0.04081632653061224,0.01020408163265306,0.2653061224489796,0.0,0.02040816326530612,0.11224489795918367,0.030612244897959183,0.14285714285714285,0.0,0.030612244897959183,0.0,0.11224489795918367,0.0,0.3370231133389028,0.16052260324345824,0.75,0.0,0.6547619047619048,4.333333333333333,0.41789476852864027,14.0,13.0,13.165611772087667,10.504223727775692,1.5595238095238095,1.0,0.7295006523739777,0.0,5.119047619047619,4.5,2.6022186591663234,0.0,0.0,0.0
12,0.8529411764705882,2.8117816091953998,5.367586206896551,0.0,1.9358585858585862,0.7521002460606413,68.0,0.0,0.0,0.0,0.0,0.0,0.0,0.0,0.0,2.3289329460546417,0.6504765644669532,3.438620689655174,87.62678160919542,7.314942528735632,dailydialog-6912,26.908045977011497,3.7205882352941178,253,6,40.0,58,42,0.014705882352941176,True,0.15098500388460448,10.266980264153105,0.0,0.08823529411764706,0.04411764705882353,0.08823529411764706,0.0,0.029411764705882353,0.0,0.10294117647058823,0.0,0.058823529411764705,0.25,0.014705882352941176,0.1323529411764706,0.029411764705882353,0.014705882352941176,0.0,0.14705882352941177,0.0,0.44983164983164986,0.04092952337836457,0.5,0.0,0.7241379310344828,1.6666666666666667,0.5398848147597164,9.666666666666666,8.5,7.824463062870335,8.344100000000001,1.293103448275862,1.0,0.6697560206743115,0.0,4.120689655172414,3.0,2.659255704832856,0.07766990291262135,0.0,0.0
13,0.8214285714285714,0.4242028985507247,2.8365217391304327,0.0,1.6375,0.808998866913092,28.0,0.0,0.0,0.0,0.0,0.0,0.0,0.0,0.0,0.9730999885721727,0.552664577960968,0.7391304347826093,103.4185507246377,4.805797101449276,dailydialog-520,16.36231884057971,3.4285714285714284,96,3,15.0,23,21,0.0,True,0.09450481233463205,2.6461347453696975,0.03571428571428571,0.07142857142857142,0.03571428571428571,0.07142857142857142,0.03571428571428571,0.03571428571428571,0.07142857142857142,0.07142857142857142,0.0,0.03571428571428571,0.21428571428571427,0.0,0.17857142857142858,0.0,,0.0,0.14285714285714285,0.0,0.41250000000000003,0.08354140689901426,0.0,0.0,0.9130434782608695,0.6666666666666666,0.36488211154937744,7.666666666666667,8.0,6.128258770283412,6.42735559955562,1.1304347826086956,1.0,0.44763609308639146,0.0,3.8260869565217392,4.0,1.6850280326153129,0.0,0.0,0.0
14,0.8709677419354839,5.503439849624058,8.320526315789472,0.0,1.8964076346719059,1.1564303407788676,93.0,0.0,0.0,0.12444444444444444,0.0,0.0,0.0,0.0,0.0,2.993244508280991,0.4029783187434077,6.03375939849624,71.1413157894737,9.606015037593986,dailydialog-488,31.909774436090224,4.064516129032258,378,7,54.0,76,48,0.021505376344086023,True,0.21451942508612942,19.950306533010036,0.0967741935483871,0.053763440860215055,0.010752688172043012,0.10752688172043011,0.06451612903225806,0.021505376344086023,0.0,0.10752688172043011,0.0,0.08602150537634409,0.15053763440860216,0.010752688172043012,0.10752688172043011,0.03225806451612903,0.021505376344086023,0.0,0.12903225806451613,0.0,0.380973874961125,0.15803078347585434,0.6666666666666666,0.0,0.631578947368421,2.2857142857142856,0.2892042327672243,10.857142857142858,11.0,8.373914794144483,9.957137785484202,1.4736842105263157,1.0,0.8806947647727111,0.0,4.565789473684211,4.0,3.057929839457912,0.08,0.1,0.0
15,0.8666666666666667,4.59234693877551,6.62367346938775,0.0,1.96707779886148,0.8691296444381014,60.0,0.0,0.0,0.16058394160583941,0.16058394160583941,0.0,0.0,0.0,0.0,1.8803113146425203,0.5460095545277,5.3221938775510225,78.72369897959186,8.16530612244898,dailydialog-1535,32.65816326530612,3.783333333333333,227,4,33.0,49,36,0.016666666666666666,False,0.10925908969699862,6.5555453818199165,0.08333333333333333,0.06666666666666667,0.03333333333333333,0.11666666666666667,0.06666666666666667,0.016666666666666666,0.0,0.15,0.0,0.05,0.16666666666666666,0.03333333333333333,0.11666666666666667,0.0,0.016666666666666666,0.0,0.08333333333333333,0.0,0.4849620493358634,0.06932210762367735,0.5,0.0,0.7346938775510204,2.5,0.43511995673179626,12.25,11.5,8.699856320652657,8.841846274778883,1.3673469387755102,1.0,0.7476187381230287,0.0,4.224489795918367,4.0,2.7498816755430973,0.0,0.0,0.0
16,0.8736842105263158,4.011038961038963,6.4036363636363625,0.0,1.9989743589743587,0.7654239870595824,95.0,0.0,0.0,0.0,0.0,0.0,0.0,0.0,0.0,3.342560227496903,0.6706699735174576,5.097402597402596,78.10896103896107,8.555844155844156,dailydialog-3582,30.480519480519483,3.7473684210526317,356,7,52.0,77,55,0.010526315789473684,True,0.2978049121409061,28.291466653386077,0.05263157894736842,0.042105263157894736,0.031578947368421054,0.09473684210526316,0.042105263157894736,0.031578947368421054,0.0,0.15789473684210525,0.0,0.08421052631578947,0.15789473684210525,0.021052631578947368,0.11578947368421053,0.021052631578947368,0.010526315789473684,0.0,0.1368421052631579,0.0,0.4276190476190476,0.07565272328817356,0.5,0.0,0.7142857142857143,2.142857142857143,0.5505017374642194,11.0,10.0,6.568322247184371,9.236282656511921,1.3896103896103895,1.0,0.8242406053310354,0.0,4.233766233766234,4.0,2.628001580857536,0.0,0.0,0.0
17,0.8469387755102041,0.8203750000000021,2.7754999999999974,0.0,2.350839438339438,0.8547988430170045,98.0,0.0,0.0,0.0,0.0,0.0,0.0,0.0,0.0,3.3172881353385675,0.6703940693821225,1.4375000000000036,102.56750000000001,4.5,dailydialog-3811,15.0,3.2551020408163267,319,8,49.0,80,59,0.01020408163265306,True,0.28148409234130456,27.585441049447848,0.08163265306122448,0.05102040816326531,0.08163265306122448,0.061224489795918366,0.04081632653061224,0.07142857142857142,0.04081632653061224,0.11224489795918367,0.0,0.04081632653061224,0.10204081632653061,0.0,0.14285714285714285,0.01020408163265306,0.01020408163265306,0.0,0.15306122448979592,0.0,0.40041590354090356,0.07492202860947053,0.5,0.0,0.7375,0.5,0.6522623219837745,10.0,12.0,3.872983346207417,5.148860815047168,1.1125,1.0,0.35333235062756424,0.0,3.6625,4.0,1.6351127636955194,0.0,0.0,0.0
18,0.7326732673267327,-0.968370445344128,1.0321052631578986,0.0,1.5921104536489152,0.7679952019982149,101.0,0.0,0.0,0.0,0.0,0.0,0.0,0.0,0.0,3.889453574385698,0.25553556547189754,0.8189473684210533,99.60378542510122,4.443724696356275,dailydialog-8279,16.372469635627528,3.1485148514851486,316,13,45.0,76,50,0.04950495049504951,True,0.48400166003085976,48.884167663116834,0.06930693069306931,0.04950495049504951,0.039603960396039604,0.07920792079207921,0.0,0.0891089108910891,0.039603960396039604,0.12871287128712872,0.0,0.009900990099009901,0.16831683168316833,0.0,0.21782178217821782,0.0,0.04950495049504951,0.0,0.0594059405940594,0.0,0.39667511975204284,0.13397717512133278,0.4,0.0,0.6578947368421053,0.6153846153846154,0.19153114831583065,5.846153846153846,6.0,3.655262883235914,6.297961479604793,1.1973684210526316,1.0,0.5134951658181015,0.0,3.723684210526316,3.0,2.1001170657253114,0.0,0.0,0.0
19,0.8867924528301887,2.224,4.823111111111107,0.0,1.8196536796536797,0.7721218528796046,53.0,0.0,0.0,0.0,0.0,0.0,0.0,0.0,0.0,1.7689436994546552,0.3817601492628455,2.342222222222226,94.30000000000001,5.377777777777778,dailydialog-9863,24.555555555555557,3.7169811320754715,197,5,27.0,45,33,0.03773584905660377,True,0.11065387263935693,5.864655249885917,0.0,0.07547169811320754,0.018867924528301886,0.07547169811320754,0.018867924528301886,0.05660377358490566,0.0,0.1320754716981132,0.0,0.07547169811320754,0.18867924528301888,0.05660377358490566,0.09433962264150944,0.0,0.018867924528301886,0.0,0.18867924528301888,0.0,0.44233766233766236,0.033601998189706446,0.5,0.0,0.7333333333333333,1.4,0.3688189908862114,9.0,6.0,6.723094525588644,6.742157984588678,1.2222222222222223,1.0,0.592129448643299,0.0,4.066666666666666,4.0,2.1333333333333333,0.0,0.0,0.0
20,0.8690476190476191,8.954647887323944,11.184225352112676,0.0,1.8927272727272726,1.1171615613179313,84.0,0.0,0.0,0.0,0.0,0.0,0.0,0.0,0.0,2.7016425729802274,0.5181048200465739,8.395887323943661,60.16002816901411,13.567323943661973,dailydialog-434,45.18591549295775,4.416666666666667,371,5,40.0,71,59,0.023809523809523808,True,0.17743086731252933,14.904192854252464,0.09523809523809523,0.09523809523809523,0.011904761904761904,0.08333333333333333,0.023809523809523808,0.09523809523809523,0.0,0.20238095238095238,0.0,0.047619047619047616,0.08333333333333333,0.0,0.11904761904761904,0.023809523809523808,0.011904761904761904,0.0,0.10714285714285714,0.0,0.5005387205387205,0.08964973832564557,0.5,0.0,0.8309859154929577,4.4,0.449205922583739,14.2,18.0,10.703270528207721,12.68835289967788,1.5633802816901408,1.0,0.9454471237655441,0.0,4.943661971830986,4.0,2.9877087360334778,0.0,0.0,0.0
21,0.625,0.13146341463414757,2.389268292682928,0.0,1.607828282828283,1.2358462020489707,48.0,0.0,0.0,0.0,0.0,0.0,0.0,0.0,0.0,1.3194069353566413,0.1762664820998907,2.286048780487807,93.2778536585366,6.206829268292683,dailydialog-9195,25.273170731707317,3.5,166,5,16.0,41,28,0.0625,False,0.07794170717907062,3.7412019445953897,0.08333333333333333,0.08333333333333333,0.0,0.08333333333333333,0.020833333333333332,0.10416666666666667,0.0,0.14583333333333334,0.08333333333333333,0.0,0.041666666666666664,0.0,0.14583333333333334,0.0,0.0625,0.08333333333333333,0.0625,0.0,0.3797979797979798,0.19126416661378648,1.0,0.0,0.6829268292682927,1.4,0.6052787688871225,8.2,10.0,6.554387843269576,7.554174236665414,1.2439024390243902,1.0,0.6544589202438409,0.0,3.707317073170732,3.0,2.4815799691662255,0.0594059405940594,0.0,0.0
22,0.5454545454545454,-2.9450000000000003,-2.620000000000001,0.0,1.0833333333333335,0.5833333333333334,11.0,0.0,0.0,0.0,0.0,0.0,0.0,0.0,0.0,0.33570330408417104,-0.048647597432136536,-2.2299999999999986,118.17500000000001,1.6,dailydialog-3257,4.0,3.090909090909091,34,2,2.0,8,8,0.09090909090909091,False,0.1271749007474684,1.3989239082221523,0.0,0.0,0.0,0.09090909090909091,0.0,0.09090909090909091,0.0,0.2727272727272727,0.09090909090909091,0.0,0.0,0.09090909090909091,0.2727272727272727,0.0,0.09090909090909091,0.0,0.0,0.0,0.4722222222222222,0.02777777777777779,0.5,0.0,1.0,0.0,,4.0,4.0,3.0,,1.0,1.0,0.0,0.0,3.5,4.0,1.3228756555322954,0.0,0.0,0.0
23,0.8426966292134831,4.495381604696675,7.21753424657534,0.0,1.9249560080442432,0.6282096288490706,89.0,0.0,0.0,0.0,0.0,0.0,0.0,0.0,0.0,2.8597165581619777,0.6195267283668121,3.025088062622313,91.94863013698631,6.911154598825831,dailydialog-10647,26.866927592954987,3.8876404494382024,346,7,44.0,73,56,0.011235955056179775,True,0.19614132933311634,17.456578310647355,0.10112359550561797,0.056179775280898875,0.06741573033707865,0.07865168539325842,0.033707865168539325,0.06741573033707865,0.011235955056179775,0.12359550561797752,0.02247191011235955,0.011235955056179775,0.0898876404494382,0.0898876404494382,0.1348314606741573,0.02247191011235955,0.011235955056179775,0.0,0.07865168539325842,0.0,0.47640594699418226,0.04777732731391202,0.5,0.0,0.7671232876712328,1.7142857142857142,0.5835306361317635,10.428571428571429,8.0,5.996597674804388,7.957251820313856,1.2328767123287672,1.0,0.5618108672441062,0.0,4.397260273972603,4.0,2.130918677873352,0.03588516746411483,0.0,0.0
24,0.8591549295774648,5.440327868852457,7.70360655737705,0.0,2.1279864253393663,0.8669794242103177,71.0,0.0,0.0,0.0,0.0,0.0,0.0,0.0,0.0,2.3838880485680956,0.6375330970622599,5.610622950819671,76.56675409836066,8.814426229508198,dailydialog-8928,36.79016393442623,3.9859154929577465,283,5,36.0,61,46,0.014084507042253521,True,0.1527745721890347,10.846994625421464,0.04225352112676056,0.056338028169014086,0.07042253521126761,0.09859154929577464,0.056338028169014086,0.07042253521126761,0.0,0.14084507042253522,0.0,0.028169014084507043,0.16901408450704225,0.0,0.1267605633802817,0.0,0.014084507042253521,0.0,0.1267605633802817,0.0,0.4293778280542987,0.10165913665740141,0.5,0.0,0.7540983606557377,3.0,0.5196570850287875,12.2,14.0,6.794115100585212,9.3871,1.3934426229508197,1.0,0.7077715785220624,0.0,4.409836065573771,4.0,2.6138160607347665,0.043859649122807015,0.0,0.0
25,0.9090909090909091,4.272307692307692,5.895384615384614,0.0,2.5841269841269843,0.533408913767828,44.0,0.0,0.0,0.0,0.0,0.0,0.0,0.0,0.0,1.4648663562962647,0.7048265635967255,5.818461538461541,76.50153846153849,7.251282051282051,dailydialog-6873,30.94871794871795,3.75,165,3,23.0,39,35,0.022727272727272728,True,0.09834011204633382,4.326964930038688,0.045454545454545456,0.09090909090909091,0.045454545454545456,0.13636363636363635,0.045454545454545456,0.11363636363636363,0.022727272727272728,0.11363636363636363,0.0,0.06818181818181818,0.06818181818181818,0.06818181818181818,0.09090909090909091,0.0,,0.0,0.09090909090909091,0.0,0.43174603174603177,0.02730896910172262,0.0,0.0,0.8974358974358975,2.3333333333333335,0.560336709022522,13.0,13.0,0.816496580927726,7.793537801064561,1.3846153846153846,1.0,0.7717906124765338,0.0,4.076923076923077,3.0,2.5758704317690997,0.0,0.0,0.0
26,0.8795180722891566,4.3228767123287675,5.209315068493151,0.0,2.134391534391534,0.8979052043806527,83.0,0.0,0.0,0.0,0.0,0.0,0.0,0.0,0.0,3.03048584768119,0.5751149924471974,5.945095890410961,78.443397260274,10.223561643835616,dailydialog-3611,33.77808219178082,3.6144578313253013,300,5,51.0,73,50,0.0,True,0.24948543054235686,20.70729073501562,0.07228915662650602,0.04819277108433735,0.04819277108433735,0.0963855421686747,0.060240963855421686,0.060240963855421686,0.0,0.10843373493975904,0.0,0.04819277108433735,0.18072289156626506,0.012048192771084338,0.10843373493975904,0.024096385542168676,,0.0,0.12048192771084337,0.012048192771084338,0.40582010582010575,0.07518144303694298,0.0,0.0,0.684931506849315,2.8,0.5015369405349096,14.6,9.0,11.412274094149684,10.355215969177355,1.3424657534246576,1.0,0.7065094223686371,0.0,3.9178082191780823,3.0,2.5089070078779363,0.0,0.0,0.0
27,0.8876404494382022,4.987662337662339,5.645194805194809,0.0,2.406096659272703,1.002050234134669,89.0,0.0,0.0,0.0,0.0,0.0,0.0,0.0,0.0,3.3974215221135147,0.6228343644179404,5.587428571428571,82.43257142857144,8.237922077922079,dailydialog-7359,33.581818181818186,3.651685393258427,325,5,54.0,77,57,0.011235955056179775,True,0.33580828990292483,29.886937801360308,0.0898876404494382,0.06741573033707865,0.056179775280898875,0.0898876404494382,0.0449438202247191,0.056179775280898875,0.0,0.07865168539325842,0.0,0.07865168539325842,0.1797752808988764,0.011235955056179775,0.10112359550561797,0.011235955056179775,0.011235955056179775,0.0,0.12359550561797752,0.0,0.42074679034751633,0.04966152425479331,0.5,0.0,0.7402597402597403,2.8,0.5418033224220077,15.4,17.0,8.777243302996677,8.238735603445708,1.2857142857142858,1.0,0.6998542122237652,0.0,3.9740259740259742,3.0,2.5069981323664736,0.0,0.0,0.0
28,0.8148148148148148,6.353750000000002,8.928333333333335,0.0,2.018009768009768,0.8953744920164538,54.0,0.0,0.0,0.0,0.0,0.0,0.0,0.0,0.0,1.450690912322342,0.477230004966259,4.085833333333333,87.14250000000001,7.300000000000001,dailydialog-9654,32.833333333333336,4.277777777777778,231,4,23.0,48,42,0.018518518518518517,True,0.07900112909765013,4.266060971273107,0.037037037037037035,0.07407407407407407,0.12962962962962962,0.05555555555555555,0.037037037037037035,0.037037037037037035,0.0,0.14814814814814814,0.07407407407407407,0.037037037037037035,0.07407407407407407,0.05555555555555555,0.1111111111111111,0.0,0.018518518518518517,0.0,0.1111111111111111,0.0,0.46321733821733824,0.05374724600690619,0.5,0.0,0.875,2.5,0.3076305165886879,12.0,14.0,6.819090848492928,8.07648339933343,1.2708333333333333,1.0,0.6993920971497717,0.0,4.625,4.0,2.554611842661555,0.0,0.0,0.0
29,0.845360824742268,8.639437751004017,10.964337349397585,0.0,2.1700105042016804,0.6455722427936468,97.0,0.0,0.0,0.0,0.0,0.0,0.0,0.0,0.0,3.3357937582392103,0.7280903995037079,8.002590361445783,62.32669678714862,10.834538152610444,dailydialog-4557,41.54417670682731,4.402061855670103,425,6,38.0,83,57,0.030927835051546393,True,0.2896977270061056,28.10067951959224,0.061855670103092786,0.020618556701030927,0.030927835051546393,0.08247422680412371,0.061855670103092786,0.10309278350515463,0.0,0.23711340206185566,0.0,0.061855670103092786,0.030927835051546393,0.010309278350515464,0.12371134020618557,0.0,0.030927835051546393,0.0,0.14432989690721648,0.0,0.4286064425770308,0.0954931820824279,0.3333333333333333,0.0,0.6867469879518072,3.8333333333333335,0.66449985653162,13.833333333333334,15.0,7.581043610362773,10.864195022040775,1.5421686746987953,1.0,0.7808121323382963,0.0,4.9156626506024095,4.0,2.9297181873483535,0.0594059405940594,0.0,0.0
30,0.9101123595505618,8.464852320675103,11.05417721518987,0.0,2.0287734487734483,0.9131191816226653,89.0,0.0,0.0,0.0,0.0,0.0,0.0,0.0,0.0,2.4088470782730016,0.6424796558916569,7.469050632911394,64.96450421940929,10.836286919831224,dailydialog-106,39.74894514767932,4.573033707865169,407,6,42.0,79,67,0.011235955056179775,True,0.12495653883483047,11.121131956299912,0.11235955056179775,0.07865168539325842,0.011235955056179775,0.033707865168539325,0.06741573033707865,0.056179775280898875,0.0,0.19101123595505617,0.0,0.056179775280898875,0.10112359550561797,0.033707865168539325,0.07865168539325842,0.011235955056179775,0.011235955056179775,0.0,0.15730337078651685,0.0,0.4653968253968254,0.044878829613111355,0.5,0.0,0.8481012658227848,3.5,0.5744032599031925,13.166666666666666,15.5,8.234412884690418,10.864195022040775,1.518987341772152,1.0,0.8246327835393585,0.0,4.949367088607595,4.0,2.6332765082769836,0.0,0.0,0.0
31,0.7980769230769231,0.951666666666668,3.5411764705882334,0.0,1.6329724945533768,0.9499513029637415,104.0,0.0,0.0,0.0,0.0,0.0,0.0,0.0,0.0,3.509999326316054,0.3261943474750627,1.8877941176470614,94.14424019607844,5.186274509803922,dailydialog-2615,22.377450980392158,3.5961538461538463,372,12,50.0,85,60,0.038461538461538464,False,0.32161774279222566,33.448245250391466,0.057692307692307696,0.038461538461538464,0.028846153846153848,0.07692307692307693,0.019230769230769232,0.10576923076923077,0.019230769230769232,0.1346153846153846,0.0,0.019230769230769232,0.125,0.04807692307692308,0.16346153846153846,0.019230769230769232,0.038461538461538464,0.0,0.10576923076923077,0.0,0.3522866090880796,0.1642175182891358,1.0,0.0,0.7058823529411765,1.0833333333333333,0.24878286924213172,7.083333333333333,7.0,5.8374985129667385,6.816661863887846,1.2470588235294118,1.0,0.592221785818975,0.0,4.0,4.0,2.108805070064422,0.03296703296703297,0.0,0.0
32,0.8414634146341463,4.849166666666665,7.050000000000001,0.0,2.0351689976689977,0.8927845458816832,82.0,0.0,0.0,0.0,0.0,0.0,0.0,0.0,0.0,2.5480865841335443,0.5113222256302834,3.184444444444445,93.605,5.911111111111111,dailydialog-6924,27.27777777777778,3.951219512195122,324,6,39.0,72,55,0.012195121951219513,True,0.15588563288495036,12.78262189656593,0.04878048780487805,0.06097560975609756,0.10975609756097561,0.07317073170731707,0.012195121951219513,0.08536585365853659,0.012195121951219513,0.2073170731707317,0.036585365853658534,0.024390243902439025,0.036585365853658534,0.04878048780487805,0.0975609756097561,0.024390243902439025,0.012195121951219513,0.0,0.10975609756097561,0.0,0.4527306027306028,0.07123139050300725,0.5,0.0,0.7638888888888888,1.8333333333333333,0.5063759852200747,12.0,11.0,7.571877794400365,6.42735559955562,1.1944444444444444,1.0,0.5685969302905199,0.0,4.305555555555555,4.0,2.2830224173285494,0.0,0.0,0.0
33,0.8349514563106796,4.53965909090909,7.764090909090907,0.0,1.7175422719695166,1.2538366884909586,103.0,0.0,0.0,0.0,0.0,0.0,0.0,0.0,0.0,2.976891099276158,0.3045796374272969,4.871545454545458,75.80981818181822,8.065454545454546,dailydialog-5574,29.254545454545458,4.155339805825243,428,10,45.0,88,67,0.02912621359223301,True,0.19055052643488718,19.62670422279338,0.07766990291262135,0.02912621359223301,0.038834951456310676,0.0970873786407767,0.038834951456310676,0.06796116504854369,0.009708737864077669,0.17475728155339806,0.0,0.038834951456310676,0.1262135922330097,0.0,0.13592233009708737,0.019417475728155338,0.02912621359223301,0.0,0.11650485436893204,0.0,0.3344759574790535,0.1848104715431179,0.75,0.0,0.7613636363636364,1.8,0.22755497065372765,8.8,8.0,7.4806416837060175,8.841846274778883,1.4431818181818181,1.0,0.8098534455725832,0.0,4.579545454545454,4.0,2.766362852149382,0.029354207436399216,0.0,0.0
34,0.8333333333333334,5.489666666666668,7.263999999999999,0.0,2.0244047619047616,1.0572924939677069,96.0,0.0,0.0,0.0,0.0,0.0,0.0,0.0,0.0,3.1910496443882046,0.5967595774680376,4.950000000000003,83.32166666666669,9.333333333333334,dailydialog-4552,28.333333333333336,3.8125,366,6,44.0,80,58,0.010416666666666666,True,0.253270156659054,24.313935039269182,0.14583333333333334,0.13541666666666666,0.0625,0.07291666666666667,0.041666666666666664,0.052083333333333336,0.010416666666666666,0.14583333333333334,0.010416666666666666,0.020833333333333332,0.052083333333333336,0.0,0.14583333333333334,0.020833333333333332,0.010416666666666666,0.0,0.07291666666666667,0.0,0.4822619047619048,0.07057877427870794,0.5,0.0,0.725,2.0,0.4798715393990278,13.333333333333334,14.0,9.655165571973493,9.725611199111238,1.3,1.0,0.714142842854285,0.0,4.3,4.0,2.336664289109584,0.060948081264108354,0.08803611738148984,0.0
35,0.7378640776699029,1.6567318757192169,4.4172151898734136,0.0,1.9297550933914571,0.7267011660779251,103.0,0.0,0.0,0.10091743119266056,0.0,0.0,0.0,0.0,0.0,3.913909840554033,0.3884792533237487,2.7450863060989654,88.1733026467204,6.417031070195627,dailydialog-2547,23.637514384349828,3.5145631067961167,360,11,38.0,79,52,0.04854368932038835,True,0.4863536972424172,50.09443081596898,0.02912621359223301,0.05825242718446602,0.038834951456310676,0.05825242718446602,0.019417475728155338,0.04854368932038835,0.009708737864077669,0.10679611650485436,0.0,0.019417475728155338,0.1262135922330097,0.11650485436893204,0.22330097087378642,0.0,0.038834951456310676,0.0,0.10679611650485436,0.0,0.47608174653629187,0.12218695618797155,0.75,0.0,0.6582278481012658,1.1818181818181819,0.33904237548510235,7.181818181818182,6.0,3.903801918833434,7.686295010490155,1.3164556962025316,1.0,0.6664529914475029,0.0,4.139240506329114,4.0,2.5244835401896264,0.034403669724770644,0.0,0.0
36,0.8387096774193549,5.0565999999999995,8.628799999999998,0.0,1.6967948717948715,0.71128633786814,31.0,0.0,0.0,0.0,0.0,0.0,0.0,0.0,0.0,0.8445383370163738,0.37382088725765544,3.3674999999999997,82.05125000000002,4.1000000000000005,dailydialog-3527,34.25,4.32258064516129,134,4,15.0,25,22,0.0,True,0.07506139746556395,2.3269033214324826,0.0967741935483871,0.0967741935483871,0.0,0.06451612903225806,0.03225806451612903,0.0967741935483871,0.0,0.22580645161290322,0.0,0.0,0.12903225806451613,0.0,0.16129032258064516,0.0,,0.0,0.0967741935483871,0.0,0.42371794871794877,0.0632085087773319,0.0,0.0,0.88,1.75,0.362504206597805,6.25,6.5,4.602988159880492,5.985473137389441,1.4,1.0,0.848528137423857,0.0,4.96,4.0,2.986369032788814,0.0,0.0,0.0
37,0.7796610169491526,-1.437537993920973,0.5591489361702102,0.0,1.386340852130326,0.8322248077683148,59.0,0.0,0.0,0.0,0.0,0.0,0.0,0.0,0.0,2.2758049658056456,0.4340384138437609,-0.16717325227963542,108.22000000000003,2.685714285714286,dailydialog-5514,10.969604863221885,3.135593220338983,185,7,32.0,47,37,0.01694915254237288,True,0.16501275944526297,9.735752807270515,0.03389830508474576,0.1016949152542373,0.01694915254237288,0.1016949152542373,0.01694915254237288,0.01694915254237288,0.03389830508474576,0.06779661016949153,0.01694915254237288,0.03389830508474576,0.22033898305084745,0.01694915254237288,0.1864406779661017,0.0,0.01694915254237288,0.0,0.11864406779661017,0.0,0.41967418546365914,0.18048010418981583,0.5,0.0,0.7872340425531915,0.2857142857142857,0.2866171170026064,6.714285714285714,8.0,5.547567953985028,3.1291,1.0851063829787233,1.0,0.27903993720434045,0.0,3.5319148936170213,3.0,1.6223317055921913,0.0,0.0,0.0
38,0.7857142857142857,1.9800000000000004,4.746666666666663,0.0,1.5833333333333333,1.0833333333333333,14.0,0.0,0.0,0.0,0.0,0.0,0.0,0.0,0.0,0.2574021437300164,0.04359811171889305,3.4666666666666686,80.89500000000001,5.733333333333333,dailydialog-1674,31.0,4.071428571428571,57,2,7.0,12,11,0.0,True,0.09239751580850587,1.2935652213190822,0.14285714285714285,0.0,0.0,0.07142857142857142,0.07142857142857142,0.07142857142857142,0.0,0.14285714285714285,0.0,0.0,0.14285714285714285,0.0,0.14285714285714285,0.07142857142857142,,0.0,0.07142857142857142,0.07142857142857142,0.41666666666666663,0.08333333333333334,0.0,0.0,0.9166666666666666,1.5,,6.0,6.0,5.0,,1.4166666666666667,1.0,0.6400954789890506,0.0,4.333333333333333,3.5,2.4267032964268394,0.0,0.0,0.0
39,0.8823529411764706,-0.41000000000000014,1.8133333333333326,0.0,1.45,0.050000000000000044,17.0,0.0,0.0,0.0,0.0,0.0,0.0,0.0,0.0,0.3952802697745472,0.5546450614929199,3.068333333333335,86.42250000000001,5.666666666666668,dailydialog-1519,14.166666666666668,3.3529411764705883,57,2,8.0,15,14,0.058823529411764705,True,0.08734119277934893,1.484800277248932,0.11764705882352941,0.11764705882352941,0.11764705882352941,0.058823529411764705,0.0,0.058823529411764705,0.058823529411764705,0.058823529411764705,0.0,0.0,0.058823529411764705,0.11764705882352941,0.11764705882352941,0.058823529411764705,,0.0,0.058823529411764705,0.0,0.4916666666666667,0.09166666666666667,0.0,0.0,0.9333333333333333,0.5,,7.5,7.5,4.5,,1.3333333333333333,1.0,1.0110500592068734,0.0,3.6666666666666665,3.0,1.9550504398153574,0.0,0.0,0.0
40,0.8979591836734694,4.79646551724138,7.431264367816091,0.0,1.7892414860681116,0.9441839282894928,98.0,0.0,0.0,0.0,0.0,0.0,0.0,0.0,0.0,3.356450656511219,0.44363533492599216,5.876537356321844,72.30032327586207,9.407471264367818,dailydialog-6224,33.86350574712644,4.122448979591836,404,8,45.0,87,58,0.02040816326530612,True,0.2927264212090836,28.68718927849019,0.08163265306122448,0.09183673469387756,0.02040816326530612,0.061224489795918366,0.05102040816326531,0.05102040816326531,0.0,0.11224489795918367,0.0,0.061224489795918366,0.10204081632653061,0.09183673469387756,0.08163265306122448,0.02040816326530612,0.02040816326530612,0.0,0.15306122448979592,0.0,0.38515590446704995,0.15970548580284427,0.6666666666666666,0.0,0.6666666666666666,2.5,0.2937486960242192,10.875,13.5,7.270445309607934,9.827888789773866,1.4597701149425288,1.0,0.9444891303068567,0.0,4.413793103448276,4.0,2.8143790239637494,0.024539877300613498,0.0,0.0
41,0.9090909090909091,1.912105263157894,4.294736842105262,0.0,2.017543859649123,1.3508771929824561,22.0,0.0,0.0,0.0,0.0,0.0,0.0,0.0,0.0,0.6157091608470399,0.4535446763038635,4.262368421052631,81.42407894736841,5.905263157894737,dailydialog-1584,14.763157894736842,3.590909090909091,79,2,13.0,19,18,0.045454545454545456,True,0.08413494403698824,1.8509687688137413,0.045454545454545456,0.09090909090909091,0.0,0.09090909090909091,0.045454545454545456,0.0,0.0,0.045454545454545456,0.0,0.09090909090909091,0.13636363636363635,0.13636363636363635,0.09090909090909091,0.045454545454545456,,0.0,0.18181818181818182,0.0,0.5175438596491228,0.14912280701754385,0.0,0.0,0.9473684210526315,0.5,,9.5,9.5,7.5,,1.368421052631579,1.0,0.929659038560826,0.0,3.9473684210526314,4.0,1.637510440642531,0.0,0.0,0.0
42,0.8383838383838383,5.811785714285712,7.355714285714285,0.0,2.2903554175293306,1.3112571779065887,99.0,0.0,0.0,0.0,0.0,0.0,0.0,0.0,0.0,3.0333378315261927,0.5894243851304054,5.462857142857143,80.83214285714287,8.457142857142857,dailydialog-5881,36.61904761904762,3.898989898989899,386,6,45.0,84,62,0.020202020202020204,True,0.20976193826652265,20.766431888385743,0.08080808080808081,0.050505050505050504,0.020202020202020204,0.09090909090909091,0.030303030303030304,0.09090909090909091,0.0,0.1414141414141414,0.010101010101010102,0.020202020202020204,0.1414141414141414,0.04040404040404041,0.12121212121212122,0.010101010101010102,0.020202020202020204,0.010101010101010102,0.12121212121212122,0.0,0.45251897860593515,0.043274138255928074,0.6666666666666666,0.0,0.7380952380952381,3.1666666666666665,0.36037810053676367,14.0,15.5,10.567244989431572,8.841846274778883,1.3214285714285714,1.0,0.6928325965214982,0.0,4.2976190476190474,4.0,2.5013318447843793,0.0,0.0,0.0
43,0.78,3.874092827004219,5.32303797468354,0.0,1.9474164724164726,1.3268396506526172,100.0,0.0,0.0,0.07211538461538461,0.0,0.0,0.0,0.0,0.0,3.0379809022911264,0.5616323205176741,4.929810126582279,83.16956751054852,6.785654008438819,dailydialog-5635,34.68565400843882,3.45,345,6,45.0,79,51,0.04,True,0.2086307609049129,20.86307609049129,0.02,0.08,0.02,0.07,0.01,0.06,0.01,0.13,0.01,0.04,0.13,0.09,0.16,0.01,0.04,0.02,0.1,0.0,0.34771432271432273,0.163410979680981,0.4,0.0,0.6455696202531646,2.8333333333333335,0.4468831225531176,13.166666666666666,11.5,10.714735440296954,7.168621630094336,1.3037974683544304,1.0,0.536147305937908,0.0,3.9746835443037973,3.0,2.25003338115493,0.0,0.0,0.0
44,0.8405797101449275,2.7384210526315798,5.326315789473686,0.0,2.2759136696636695,0.2802567812533017,69.0,0.0,0.0,0.0,0.0,0.0,0.0,0.0,0.0,2.178165937787458,0.5630784034729004,4.055350877192982,82.90828947368422,8.010526315789475,dailydialog-9891,27.043859649122805,3.6956521739130435,253,6,36.0,57,46,0.028985507246376812,True,0.12797241234973789,8.830096452131913,0.11594202898550725,0.043478260869565216,0.07246376811594203,0.11594202898550725,0.0,0.07246376811594203,0.0,0.08695652173913043,0.0,0.043478260869565216,0.15942028985507245,0.014492753623188406,0.13043478260869565,0.028985507246376812,0.028985507246376812,0.0,0.08695652173913043,0.0,0.4155816405816406,0.043197954444658536,0.5,0.0,0.8070175438596491,1.6666666666666667,0.6433288902044296,9.5,9.5,2.9860788111948193,8.841846274778883,1.3508771929824561,1.0,0.7606836276729404,0.0,4.12280701754386,3.0,2.636253158773591,0.0,0.0,0.0
45,0.8625,7.3269117647058835,9.43470588235294,0.0,2.34008658008658,1.0178964393775907,80.0,0.0,0.0,0.0,0.0,0.0,0.0,0.0,0.0,2.6869708237734278,0.6009460426867008,7.2404705882352935,67.37511764705883,10.734117647058824,dailydialog-4333,32.71764705882353,4.175,334,5,35.0,68,53,0.025,True,0.18358898247536054,14.687118598028842,0.175,0.0875,0.0375,0.075,0.075,0.0625,0.0125,0.1375,0.0125,0.025,0.075,0.0,0.125,0.0,0.0125,0.0,0.0875,0.0,0.44086580086580085,0.03739878928826281,0.5,0.0,0.7794117647058824,2.6,0.53660890335838,13.6,17.0,6.6211781428987395,10.793553405168563,1.4852941176470589,1.0,0.7950702347596041,0.0,4.661764705882353,4.0,2.5472608940357357,0.0,0.0,0.0
46,0.9240506329113924,6.599520547945204,6.1786301369863,0.0,2.0257056040460073,0.9571346044661445,79.0,0.0,0.0,0.0,0.0,0.0,0.0,0.0,0.0,2.370954804842774,0.47860046848654747,6.075445205479454,84.00988013698631,8.943835616438356,dailydialog-711,30.57876712328767,3.8354430379746836,303,4,48.0,73,51,0.012658227848101266,True,0.13553938080724487,10.707611083772344,0.05063291139240506,0.12658227848101267,0.0,0.11392405063291139,0.05063291139240506,0.0379746835443038,0.0,0.13924050632911392,0.0,0.06329113924050633,0.13924050632911392,0.06329113924050633,0.06329113924050633,0.0379746835443038,0.012658227848101266,0.0,0.10126582278481013,0.0,0.4540643608777225,0.03934524104227309,0.5,0.0,0.6986301369863014,2.25,0.32947516068816185,18.25,16.5,14.095655359010449,8.07648339933343,1.2328767123287672,1.0,0.5618108672441063,0.0,4.013698630136986,3.0,2.0573500090799177,0.0,0.0,0.0
47,0.8194444444444444,1.0788940092165902,3.4296774193548387,0.0,1.4736842105263157,0.8917811086283288,72.0,0.0,0.0,0.0,0.0,0.0,0.0,0.0,0.0,2.3651104624865074,0.3398927858409782,1.757834101382489,98.23532258064516,4.188018433179724,dailydialog-7527,21.76036866359447,3.5277777777777777,254,7,32.0,62,44,0.027777777777777776,True,0.1478502034645241,10.645214649445736,0.027777777777777776,0.09722222222222222,0.027777777777777776,0.06944444444444445,0.013888888888888888,0.027777777777777776,0.013888888888888888,0.1111111111111111,0.041666666666666664,0.027777777777777776,0.18055555555555555,0.041666666666666664,0.1388888888888889,0.0,0.027777777777777776,0.0,0.1527777777777778,0.0,0.4192163100057837,0.1842571746763072,0.6666666666666666,0.0,0.7096774193548387,1.1428571428571428,0.22834078688174486,8.857142857142858,7.0,7.472398188926869,5.288315135182226,1.1774193548387097,1.0,0.4926620757839117,0.0,3.838709677419355,3.0,2.126587061141872,0.0,0.0,0.0
48,0.7608695652173914,3.08944099378882,5.654492753623188,0.0,2.209362066504924,0.37869343959159857,92.0,0.0,0.0,0.0,0.0,0.0,0.0,0.0,0.0,3.102418551032001,0.617922306060791,3.132546583850935,90.16043478260872,7.421118012422361,dailydialog-8785,27.248447204968944,3.5217391304347827,322,7,42.0,69,54,0.021739130434782608,True,0.24186633841325703,22.251703134019646,0.13043478260869565,0.06521739130434782,0.03260869565217391,0.09782608695652174,0.05434782608695652,0.043478260869565216,0.0,0.13043478260869565,0.0,0.03260869565217391,0.10869565217391304,0.021739130434782608,0.1956521739130435,0.0,0.021739130434782608,0.0,0.06521739130434782,0.0,0.41097473954616814,0.06711633036749166,0.5,0.0,0.782608695652174,1.7142857142857142,0.5854095757007599,9.857142857142858,8.0,3.795808644453264,8.418075326091056,1.2608695652173914,1.0,0.6516906422004962,0.0,4.159420289855072,4.0,2.4234553628693485,0.030690537084398978,0.061381074168797956,0.0
49,0.75,2.3500000000000014,3.417777777777779,0.0,0.8466666666666667,0.8059776671843955,24.0,0.0,0.0,0.0,0.0,0.0,0.0,0.0,0.0,0.8808232003724219,0.2841162639670074,3.514000000000003,76.28100000000002,8.106666666666667,dailydialog-2045,31.37777777777778,3.875,93,5,11.0,18,17,0.0,True,0.10053688237755702,2.4128851770613684,0.041666666666666664,0.08333333333333333,0.041666666666666664,0.041666666666666664,0.041666666666666664,0.041666666666666664,0.0,0.16666666666666666,0.0,0.0,0.16666666666666666,0.0,0.25,0.0,,0.0,0.125,0.0,0.3022222222222222,0.2627865866505686,0.0,0.0,0.9444444444444444,1.0,0.31213180472453433,3.6,2.0,3.720215047547655,7.554174236665414,1.5,1.0,0.8975274678557507,0.0,4.666666666666667,4.0,3.0000000000000004,0.0,0.0,0.0
50,0.86,5.265000000000001,7.969090909090909,0.0,1.7989898989898991,1.1426895752393462,100.0,0.0,0.0,0.0,0.0,0.0,0.0,0.0,0.0,3.375486020680102,0.4168351269992335,4.790909090909089,80.30636363636367,8.036363636363637,dailydialog-6201,36.0,4.14,414,8,44.0,88,65,0.02,True,0.2923849083969624,29.23849083969624,0.08,0.06,0.01,0.08,0.02,0.09,0.01,0.18,0.0,0.03,0.12,0.01,0.12,0.02,0.02,0.0,0.15,0.0,0.33605699855699855,0.15444038417997422,0.6666666666666666,0.0,0.7386363636363636,2.75,0.2607243697469433,11.0,10.0,9.447221813845593,8.841846274778883,1.3636363636363635,1.0,0.642824346533225,0.0,4.5,4.0,2.5045413298101655,0.018072289156626505,0.0,0.0
51,0.8426966292134831,3.5216883116883118,5.792727272727273,0.0,1.9097643097643098,0.49428910208796684,89.0,0.0,0.0,0.0,0.0,0.0,0.0,0.0,0.0,3.7659688382944636,0.683728406826655,4.790909090909089,80.30636363636367,7.5168831168831165,dailydialog-1291,29.181818181818183,3.741573033707865,331,7,52.0,77,53,0.02247191011235955,True,0.48545555927333817,43.2055447753271,0.033707865168539325,0.0898876404494382,0.033707865168539325,0.0898876404494382,0.0449438202247191,0.0898876404494382,0.0,0.12359550561797752,0.0,0.033707865168539325,0.19101123595505617,0.0,0.1348314606741573,0.0,0.02247191011235955,0.0,0.11235955056179775,0.0,0.47084027084027075,0.06945318723201699,0.5,0.0,0.6883116883116883,2.0,0.6404046475887298,11.0,10.0,6.676183683170241,8.418075326091056,1.3636363636363635,1.0,0.8514173196407151,0.0,4.12987012987013,3.0,2.712887230607069,0.03694581280788178,0.0,0.0
52,0.85,-0.6950000000000003,1.2976470588235287,0.0,1.9053030303030303,0.8463430082438832,40.0,0.0,0.0,0.0,0.0,0.0,0.0,0.0,0.0,1.5437824300602827,0.4039625506848097,1.2602941176470601,101.16632352941178,4.576470588235295,dailydialog-9044,20.264705882352942,3.225,129,4,23.0,34,26,0.025,True,0.11705667917962101,4.682267167184841,0.025,0.05,0.025,0.125,0.0,0.075,0.025,0.1,0.0,0.025,0.225,0.0,0.125,0.025,0.025,0.0,0.15,0.0,0.44507575757575757,0.10155118650344327,0.5,0.0,0.7647058823529411,1.0,0.3801015503704548,8.5,10.0,4.55521678957215,5.985473137389441,1.1470588235294117,1.0,0.42925057409783596,0.0,3.5,3.5,1.94407092584244,0.0,0.0,0.0
53,0.84375,2.4818181818181806,4.494545454545452,0.0,1.7805425328025948,0.822777608879117,64.0,0.0,0.0,0.0,0.0,0.0,0.0,0.0,0.0,2.1971544894785535,0.6171645382419229,2.2163636363636385,98.76454545454547,5.854545454545455,dailydialog-4803,18.272727272727273,3.546875,227,5,30.0,55,40,0.015625,True,0.1406151442404043,8.999369231385876,0.0625,0.109375,0.03125,0.09375,0.015625,0.078125,0.0,0.1875,0.0,0.0,0.125,0.046875,0.140625,0.015625,0.015625,0.0,0.078125,0.0,0.4345186495650892,0.044341939990786755,0.5,0.0,0.7272727272727273,0.8,0.4086682678510745,11.0,15.0,7.0710678118654755,6.742157984588678,1.1454545454545455,1.0,0.4438747496630438,0.0,3.909090909090909,4.0,1.6762808104168883,0.0,0.0,0.0
54,0.875,11.477391304347826,14.522898550724637,0.0,2.372040229885058,0.42481580723333157,80.0,0.0,0.0,0.08260869565217391,0.0,0.0,0.0,0.0,0.0,2.1904846686719246,0.8237196058034897,9.971710144927538,48.149739130434796,14.215652173913043,dailydialog-10299,52.9304347826087,4.925,394,5,33.0,69,55,0.025,True,0.11174430977749235,8.939544782199388,0.1125,0.0875,0.0125,0.0625,0.0375,0.0125,0.0,0.1875,0.0,0.05,0.1375,0.0125,0.1125,0.0125,0.0125,0.0,0.15,0.0,0.4663218390804598,0.03181147398550403,0.5,0.0,0.7971014492753623,5.4,0.7863068580627441,13.8,14.0,6.337191807101943,13.023866798666859,1.710144927536232,1.0,1.0229461469577563,0.0,5.521739130434782,4.0,3.05793667128184,0.0,0.0,0.0
55,0.896551724137931,12.775769230769235,13.212820512820517,0.0,2.987157287157287,0.7387129523850936,87.0,0.0,0.0,0.05725971370143149,0.0,0.0,0.0,0.0,0.0,2.618929156487435,0.8119754195213318,12.589358974358976,39.53480769230771,15.492307692307694,dailydialog-10133,57.96153846153847,4.7701149425287355,415,4,46.0,78,55,0.011494252873563218,True,0.15771290399072696,13.721022647193244,0.13793103448275862,0.034482758620689655,0.022988505747126436,0.10344827586206896,0.11494252873563218,0.04597701149425287,0.0,0.13793103448275862,0.0,0.05747126436781609,0.12643678160919541,0.011494252873563218,0.09195402298850575,0.0,0.011494252873563218,0.0,0.10344827586206896,0.0,0.3999037999037999,0.02341726524844595,0.0,0.0,0.7051282051282052,7.5,0.7309457063674927,19.5,21.5,6.422616289332565,14.191785591663535,1.7435897435897436,1.0,1.0911755297924723,0.0,5.1923076923076925,4.0,3.512095189950603,0.03067484662576687,0.0,0.0
56,0.8712871287128713,5.513238095238094,7.508444444444439,0.0,2.390790162218733,0.552367164885577,101.0,0.0,0.0,0.0,0.0,0.0,0.0,0.0,0.0,3.3043388090482693,0.7183660020430883,5.157619047619047,80.98500000000001,8.253968253968255,dailydialog-5925,32.85714285714286,4.01980198019802,404,7,57.0,90,59,0.019801980198019802,True,0.26960921836150514,27.230531054512017,0.039603960396039604,0.12871287128712872,0.06930693069306931,0.0594059405940594,0.019801980198019802,0.0891089108910891,0.009900990099009901,0.16831683168316833,0.0,0.019801980198019802,0.13861386138613863,0.0,0.10891089108910891,0.009900990099009901,0.019801980198019802,0.0,0.1188118811881188,0.0,0.4261381475667191,0.10749904852936042,0.5,0.0,0.6555555555555556,2.5714285714285716,0.7026839911937713,12.857142857142858,11.0,7.298308442539886,8.841846274778883,1.3333333333333333,1.0,0.7149203529842405,0.0,4.355555555555555,4.0,2.500271590186026,0.0,0.0,0.0
57,0.8235294117647058,6.399651162790697,9.479069767441857,0.0,2.2670401493930905,1.0357726012917225,51.0,0.0,0.0,0.0,0.0,0.0,0.0,0.0,0.0,1.788637848065664,0.4616565989951293,6.988546511627909,64.10514534883723,12.672093023255815,dailydialog-9459,38.656976744186046,4.254901960784314,217,4,22.0,43,35,0.0196078431372549,True,0.11728038188601424,5.981299476186726,0.0784313725490196,0.17647058823529413,0.0392156862745098,0.0196078431372549,0.0,0.09803921568627451,0.0196078431372549,0.17647058823529413,0.0196078431372549,0.0196078431372549,0.058823529411764705,0.058823529411764705,0.13725490196078433,0.0,0.0196078431372549,0.0,0.0784313725490196,0.0,0.41526610644257705,0.07129456865111701,0.5,0.0,0.813953488372093,3.0,0.341634564101696,10.75,13.5,5.7608593109014565,11.698219412168324,1.558139534883721,1.0,0.8707741965976304,0.0,4.767441860465116,4.0,2.987082338634572,0.0,0.0,0.0
58,0.9130434782608695,14.63148148148148,11.26962962962963,0.0,2.8588888888888886,0.31944782606905775,92.0,0.0,0.0,0.0,0.0,0.0,0.0,0.0,0.0,2.5281150688796936,0.8918288350105286,12.567160493827163,53.05222222222224,14.750617283950618,dailydialog-3150,51.691358024691354,4.380434782608695,403,3,43.0,81,60,0.03260869565217391,True,0.13619419488437923,12.52986592936289,0.08695652173913043,0.10869565217391304,0.06521739130434782,0.06521739130434782,0.05434782608695652,0.05434782608695652,0.0,0.16304347826086957,0.0,0.05434782608695652,0.08695652173913043,0.03260869565217391,0.07608695652173914,0.010869565217391304,0.010869565217391304,0.0,0.13043478260869565,0.0,0.4372043010752688,0.058055754018296116,0.5,0.0,0.7407407407407407,6.666666666666667,0.9375400543212891,27.0,27.0,4.898979485566356,12.457975602129121,1.4938271604938271,1.0,0.8183611565025457,0.0,4.790123456790123,4.0,2.4379512213327663,0.0,0.0,0.0
59,0.8840579710144928,7.984210526315792,7.503157894736841,0.0,2.144087938205585,1.1831362719172078,69.0,0.0,0.0,0.0,0.0,0.0,0.0,0.0,0.0,2.170906414840839,0.6064876616001129,8.381403508771932,68.81315789473686,11.810526315789474,dailydialog-1139,40.05263157894737,3.782608695652174,261,3,39.0,57,45,0.0,True,0.1270467576567084,8.766226278312878,0.07246376811594203,0.057971014492753624,0.057971014492753624,0.07246376811594203,0.028985507246376812,0.043478260869565216,0.014492753623188406,0.13043478260869565,0.0,0.07246376811594203,0.17391304347826086,0.014492753623188406,0.11594202898550725,0.014492753623188406,,0.0,0.13043478260869565,0.0,0.4545454545454546,0.06428243465332249,0.0,0.0,0.7894736842105263,4.0,0.3257305324077606,19.0,27.0,13.490737563232042,11.20814326018867,1.4035087719298245,1.0,0.8134753066224302,0.0,4.228070175438597,4.0,2.797351779367684,0.0,0.0,0.0
60,0.8153846153846154,9.306111111111111,11.951851851851849,0.0,2.389411027568922,1.0922536716679372,65.0,0.0,0.0,0.0,0.0,0.0,0.0,0.0,0.0,2.1886263783116617,0.570250346014897,8.249074074074077,59.965833333333364,12.066666666666666,dailydialog-750,44.98148148148148,4.446153846153846,287,4,27.0,54,46,0.015384615384615385,False,0.13727612212245224,8.922947937959396,0.12307692307692308,0.06153846153846154,0.046153846153846156,0.09230769230769231,0.03076923076923077,0.03076923076923077,0.015384615384615385,0.18461538461538463,0.0,0.03076923076923077,0.1076923076923077,0.015384615384615385,0.16923076923076924,0.015384615384615385,0.015384615384615385,0.0,0.06153846153846154,0.0,0.3957584177835894,0.08594436949475054,1.0,0.0,0.8518518518518519,4.25,0.43159053148701787,13.5,17.0,7.297259759663212,11.698219412168324,1.5740740740740742,1.0,0.9545573310266571,0.0,5.092592592592593,4.0,2.9456089008865662,0.0,0.0,0.0
61,0.9238095238095239,12.447551020408163,9.99183673469388,0.0,2.8330702861952863,0.3507025535896443,105.0,0.0,0.0,0.0,0.0,0.0,0.0,0.0,0.0,3.5317528107675,0.8720779617627462,11.06295918367347,59.383826530612254,13.881632653061224,dailydialog-10834,50.01020408163265,4.3619047619047615,458,4,58.0,98,69,0.009523809523809525,True,0.3255603135578193,34.183832923571025,0.06666666666666667,0.11428571428571428,0.009523809523809525,0.047619047619047616,0.06666666666666667,0.0761904761904762,0.0,0.23809523809523808,0.0,0.02857142857142857,0.1523809523809524,0.0,0.06666666666666667,0.02857142857142857,0.009523809523809525,0.0,0.09523809523809523,0.0,0.46693497474747475,0.02095181600580979,0.0,0.0,0.7040816326530612,6.25,0.842939704656601,24.5,24.0,2.958039891549808,12.161744961471694,1.4489795918367347,1.0,0.8466313678649607,0.0,4.591836734693878,4.0,2.842235160580193,0.0,0.0,0.0
62,0.7916666666666666,-2.198157894736841,-0.9873684210526328,0.0,1.476190476190476,0.5839404032586057,24.0,0.0,0.0,0.0,0.0,0.0,0.0,0.0,0.0,0.7498405755990563,0.3252293753127257,1.1677631578947363,95.15059210526319,4.0052631578947375,dailydialog-3733,20.539473684210527,3.2083333333333335,77,4,11.0,19,17,0.041666666666666664,True,0.08819427258561595,2.1166625420547827,0.125,0.0,0.0,0.125,0.041666666666666664,0.08333333333333333,0.0,0.16666666666666666,0.0,0.0,0.16666666666666666,0.0,0.16666666666666666,0.0,0.041666666666666664,0.0,0.08333333333333333,0.0,0.4345238095238095,0.10429413969009066,0.5,0.0,0.8947368421052632,0.75,0.2775331297889352,4.75,5.0,2.48746859276655,5.985473137389441,1.263157894736842,1.0,0.5469634129164876,0.0,3.5789473684210527,3.0,2.23172789969623,0.0,0.0,0.0
63,0.872093023255814,3.2695428571428558,5.584533333333329,0.0,1.8038548752834467,1.1446082561264297,86.0,0.0,0.0,0.0,0.0,0.0,0.0,0.0,0.0,3.1124099143678676,0.5112237753346562,4.9512380952381,78.64800000000001,6.9523809523809526,dailydialog-4741,26.714285714285715,3.744186046511628,322,7,39.0,75,49,0.0,True,0.2613388646201131,22.475142357329723,0.08139534883720931,0.11627906976744186,0.03488372093023256,0.023255813953488372,0.046511627906976744,0.05813953488372093,0.0,0.1511627906976744,0.0,0.023255813953488372,0.12790697674418605,0.03488372093023256,0.12790697674418605,0.023255813953488372,,0.0,0.1511627906976744,0.0,0.32169709989258866,0.2086657962643834,0.0,0.0,0.6533333333333333,1.7142857142857142,0.4584572330117226,10.714285714285714,13.0,7.125693664765672,7.957251820313856,1.3866666666666667,1.0,0.6510162995057974,0.0,4.1066666666666665,4.0,2.430765768687354,0.0,0.0,0.0
64,0.875,5.995315315315317,8.339459459459455,0.0,2.2017543859649122,1.2102084505118804,40.0,0.0,0.0,0.0,0.0,0.0,0.0,0.0,0.0,1.1120342621139359,0.4842284321784973,6.441621621621625,70.8463963963964,9.257657657657658,dailydialog-1307,33.95495495495496,4.25,170,3,19.0,37,31,0.025,True,0.07601343393604816,3.0405373574419263,0.15,0.1,0.0,0.05,0.025,0.125,0.0,0.15,0.025,0.025,0.1,0.0,0.075,0.025,,0.025,0.1,0.025,0.41228070175438597,0.06202691063039892,0.0,0.0,0.8378378378378378,2.6666666666666665,0.42157071828842163,12.333333333333334,18.0,8.013876853447538,9.725611199111238,1.4594594594594594,1.0,1.153012378794678,0.0,4.513513513513513,4.0,3.2183731127792856,0.0,0.0,0.0
65,0.8901098901098901,10.791296296296302,10.323456790123462,0.0,2.835794878296146,0.6542045953628792,91.0,0.0,0.0,0.0,0.0,0.0,0.0,0.0,0.0,2.773681108636383,0.8400366902351379,8.769228395061731,68.25902777777779,12.544444444444444,dailydialog-3814,46.175925925925924,4.329670329670329,394,4,53.0,81,61,0.01098901098901099,True,0.17601634870645091,16.017487732287034,0.10989010989010989,0.07692307692307693,0.03296703296703297,0.06593406593406594,0.054945054945054944,0.02197802197802198,0.0,0.16483516483516483,0.0,0.08791208791208792,0.14285714285714285,0.0,0.0989010989010989,0.03296703296703297,0.01098901098901099,0.0,0.0989010989010989,0.0,0.46282327586206895,0.038109853524280216,0.5,0.0,0.7530864197530864,5.25,0.9038313627243042,20.25,19.5,8.728545125048045,11.698219412168324,1.3950617283950617,1.0,0.7806140720759129,0.0,4.691358024691358,4.0,2.701814549422784,0.0,0.0,0.0
66,0.8913043478260869,8.539390243902439,9.572195121951218,0.0,2.0771157495256167,1.0341162717310775,92.0,0.0,0.0,0.0,0.0,0.0,0.0,0.0,0.0,3.1843172682937753,0.6214894792065024,9.081609756097563,59.162170731707334,11.925853658536585,dailydialog-1654,45.668292682926825,4.293478260869565,395,5,50.0,82,54,0.021739130434782608,True,0.26250863329320423,24.15079426297479,0.08695652173913043,0.11956521739130435,0.010869565217391304,0.09782608695652174,0.03260869565217391,0.07608695652173914,0.0,0.1956521739130435,0.0,0.03260869565217391,0.11956521739130435,0.0,0.08695652173913043,0.03260869565217391,0.021739130434782608,0.0,0.08695652173913043,0.0,0.4750094876660341,0.05118149032700776,0.3333333333333333,0.0,0.6585365853658537,4.8,0.4747873302549124,16.4,18.0,12.142487389328434,11.602472056035307,1.548780487804878,1.0,0.9126808410764712,0.0,4.621951219512195,3.0,3.026872506127764,0.03805496828752643,0.0,0.0
67,0.8157894736842105,0.35806451612903345,2.7561290322580625,0.0,1.6920634920634918,0.6483663599847613,38.0,0.0,0.0,0.0,0.0,0.0,0.0,0.0,0.0,1.079561440678496,0.5362383244792,0.15058064516129122,105.02587096774194,2.4800000000000004,dailydialog-6227,15.877419354838711,3.5526315789473686,135,5,20.0,31,27,0.02631578947368421,True,0.07745758993525205,2.9433884175395777,0.05263157894736842,0.07894736842105263,0.02631578947368421,0.13157894736842105,0.02631578947368421,0.0,0.02631578947368421,0.10526315789473684,0.0,0.02631578947368421,0.23684210526315788,0.0,0.15789473684210525,0.0,0.02631578947368421,0.0,0.10526315789473684,0.0,0.41460317460317464,0.0659171777765607,0.5,0.0,0.8709677419354839,0.6,0.4712152648717165,6.2,8.0,2.9257477676655586,3.1291,1.1290322580645162,1.0,0.3352356401746214,0.0,3.967741935483871,4.0,1.7867590224679006,0.0,0.0,0.0
68,0.8767123287671232,4.562153846153848,6.25723076923077,0.0,1.8943386243386242,0.9126107403639712,73.0,0.0,0.0,0.0,0.0,0.0,0.0,0.0,0.0,2.4968192946615626,0.5518402643501759,5.45538461538462,79.1046153846154,8.276923076923078,dailydialog-4554,33.0,3.835616438356164,280,5,40.0,65,52,0.0136986301369863,True,0.16635351501776346,12.143806596296733,0.0547945205479452,0.1095890410958904,0.0136986301369863,0.1095890410958904,0.0410958904109589,0.0410958904109589,0.0,0.1643835616438356,0.0,0.0273972602739726,0.1643835616438356,0.0,0.1095890410958904,0.0273972602739726,0.0136986301369863,0.0,0.1232876712328767,0.0,0.41468915343915347,0.07571084819286858,0.5,0.0,0.8,2.6,0.37134629487991333,13.0,6.0,11.610340218959994,8.841846274778883,1.353846153846154,1.0,0.6663510100833142,0.0,4.138461538461539,4.0,2.3262840826382525,0.0,0.0,0.0
69,0.8631578947368421,3.9516402116402105,6.105679012345675,0.0,2.0804473304473303,0.7593346927509305,95.0,0.0,0.0,0.0,0.0,0.0,0.0,0.0,0.0,2.842608978199787,0.684962185099721,2.616684303350972,96.91222222222223,4.628571428571429,dailydialog-7428,30.08994708994709,3.8105263157894735,360,7,48.0,81,53,0.021052631578947368,False,0.18063661577382242,17.16047849851313,0.1368421052631579,0.06315789473684211,0.042105263157894736,0.06315789473684211,0.031578947368421054,0.08421052631578947,0.0,0.18947368421052632,0.0,0.0,0.12631578947368421,0.0,0.11578947368421053,0.042105263157894736,0.021052631578947368,0.0,0.08421052631578947,0.0,0.451984126984127,0.06148361014082209,1.0,0.0,0.654320987654321,2.142857142857143,0.6131649954244495,11.571428571428571,10.0,5.924697529522207,3.1291,1.1604938271604939,1.0,0.3670634258597162,0.0,4.160493827160494,4.0,2.0635387926393167,0.05442176870748299,0.0,0.0
70,0.782608695652174,4.10495670995671,7.459740259740261,0.0,1.713057081807082,0.922835788096987,92.0,0.0,0.0,0.0,0.0,0.0,0.0,0.0,0.0,2.6572279216422827,0.5307761105624113,4.535876623376627,73.97143398268402,5.6835497835497835,dailydialog-10415,25.89718614718615,4.130434782608695,380,12,35.0,77,55,0.08695652173913043,True,0.15496427764874082,14.256713543684157,0.06521739130434782,0.043478260869565216,0.021739130434782608,0.06521739130434782,0.03260869565217391,0.05434782608695652,0.021739130434782608,0.22826086956521738,0.021739130434782608,0.0,0.13043478260869565,0.010869565217391304,0.17391304347826086,0.0,0.043478260869565216,0.0,0.08695652173913043,0.0,0.44467338217338215,0.10265363423733315,0.8,0.0,0.7142857142857143,1.25,0.5199337631464005,6.416666666666667,6.0,4.071411166768702,7.168621630094336,1.4935064935064934,1.0,1.1466877950464474,0.0,4.740259740259741,4.0,2.414257420734988,0.013363028953229399,0.0,0.0
71,0.86,6.042760834670947,8.232808988764042,0.0,1.9139151938691108,0.9486769042311436,100.0,0.0,0.0,0.0,0.0,0.0,0.0,0.0,0.0,4.206305822626082,0.5600477306482693,5.9416051364366,75.10977528089889,8.681219903691815,dailydialog-5977,36.30979133226324,4.16,414,7,53.0,89,55,0.03,True,0.6710817184487875,67.10817184487875,0.01,0.12,0.03,0.04,0.04,0.14,0.0,0.17,0.0,0.04,0.1,0.0,0.11,0.02,0.03,0.0,0.15,0.0,0.4161655815632974,0.1745920168792575,0.6666666666666666,0.0,0.6179775280898876,3.0,0.6168209552764893,12.714285714285714,11.0,8.647283400240887,9.236282656511921,1.404494382022472,1.0,0.7453089416528988,0.0,4.48314606741573,4.0,2.7686542366346676,0.04790419161676647,0.0,0.0
72,0.8913043478260869,9.472375,10.941499999999998,0.0,2.322705314009662,1.208654331866304,92.0,0.0,0.0,0.0,0.0,0.0,0.0,0.0,0.0,2.9263308780724318,0.3950929641723633,9.530000000000005,55.235000000000014,14.4,dailydialog-2664,44.75,4.413043478260869,406,5,45.0,80,56,0.043478260869565216,True,0.20281567872694783,18.6590424428792,0.08695652173913043,0.05434782608695652,0.010869565217391304,0.07608695652173914,0.06521739130434782,0.06521739130434782,0.0,0.17391304347826086,0.0,0.043478260869565216,0.09782608695652174,0.0,0.10869565217391304,0.05434782608695652,0.021739130434782608,0.0,0.14130434782608695,0.0,0.37037037037037035,0.18898983208133208,0.6666666666666666,0.0,0.7,4.6,0.5689874291419983,16.0,19.0,7.848566748139434,13.348371206891418,1.6,1.0,1.0319883720275147,0.0,4.8625,4.0,2.8885279555510626,0.07484407484407485,0.09355509355509356,0.0
73,0.8651685393258427,5.8580000000000005,8.096,0.0,1.9156045751633988,0.9364226868624413,89.0,0.0,0.0,0.0,0.0,0.0,0.0,0.0,0.0,3.1151107812551033,0.5785119298845529,5.175666666666668,80.21950000000001,9.266666666666667,dailydialog-6065,36.5,4.0,356,6,46.0,75,58,0.011235955056179775,True,0.25321266037603035,22.535926773466702,0.11235955056179775,0.056179775280898875,0.06741573033707865,0.0898876404494382,0.033707865168539325,0.033707865168539325,0.02247191011235955,0.10112359550561797,0.0,0.02247191011235955,0.15730337078651685,0.0,0.12359550561797752,0.033707865168539325,0.011235955056179775,0.0,0.1348314606741573,0.0,0.4377995642701525,0.04780844585952025,0.5,0.0,0.7733333333333333,3.0,0.4070888087153435,12.5,8.5,11.161690433502146,9.725611199111238,1.3466666666666667,1.0,0.7022503510540635,0.0,4.466666666666667,4.0,2.5051058970741247,0.027906976744186046,0.0,0.0
74,0.7789473684210526,4.553321917808223,7.69808219178082,0.0,1.8414476148851149,0.8354415646762365,95.0,0.0,0.0,0.0,0.0,0.0,0.0,0.0,0.0,3.5948602300820798,0.6265071437561086,4.294777397260276,80.52380993150686,7.485616438356164,dailydialog-5820,35.15239726027397,3.8421052631578947,365,8,39.0,73,60,0.021052631578947368,True,0.38326958446490517,36.41061052416599,0.05263157894736842,0.05263157894736842,0.07368421052631578,0.05263157894736842,0.021052631578947368,0.031578947368421054,0.021052631578947368,0.18947368421052632,0.0,0.031578947368421054,0.12631578947368421,0.0,0.2,0.0,0.021052631578947368,0.0,0.12631578947368421,0.0,0.4260192932067932,0.11225498001769332,0.6666666666666666,0.0,0.821917808219178,2.375,0.6003401170795163,9.125,10.0,5.9041828393097715,8.472884824447931,1.3835616438356164,1.0,0.6949945695323738,0.0,4.5479452054794525,4.0,2.755025773145542,0.027586206896551724,0.0,0.0
75,0.8181818181818182,-0.24576923076923052,2.0353846153846114,0.0,1.7019230769230769,1.1719160221835967,33.0,0.0,0.0,0.0,0.0,0.0,0.0,0.0,0.0,0.9312879194930301,0.41375865414738655,1.9219230769230755,92.86057692307695,7.215384615384616,dailydialog-3432,18.03846153846154,3.3333333333333335,110,4,16.0,26,23,0.0,True,0.07690228861628112,2.537775524337277,0.12121212121212122,0.030303030303030304,0.0,0.06060606060606061,0.030303030303030304,0.09090909090909091,0.0,0.12121212121212122,0.0,0.030303030303030304,0.15151515151515152,0.0,0.18181818181818182,0.030303030303030304,,0.0,0.15151515151515152,0.0,0.46602564102564104,0.15552899064049613,0.0,0.0,0.8846153846153846,0.75,0.2729414673522115,6.5,6.5,5.5901699437494745,8.07648339933343,1.2692307692307692,1.0,0.6538461538461539,0.0,3.8076923076923075,3.0,2.201734120209494,0.0,0.0,0.0
76,0.7835051546391752,6.510158730158729,9.299753086419749,0.0,2.028349801459045,1.032632181940922,97.0,0.0,0.0,0.0,0.0,0.0,0.0,0.0,0.0,3.128542611634962,0.4347715548550089,7.278412698412701,63.49000000000001,11.048324514991183,dailydialog-10980,42.435626102292765,4.154639175257732,401,7,39.0,81,56,0.020618556701030927,False,0.23547079949426933,22.840667550944126,0.061855670103092786,0.061855670103092786,0.0,0.10309278350515463,0.041237113402061855,0.061855670103092786,0.0,0.23711340206185566,0.030927835051546393,0.041237113402061855,0.07216494845360824,0.0,0.14432989690721648,0.010309278350515464,0.020618556701030927,0.010309278350515464,0.10309278350515463,0.0,0.38742962067770254,0.17462460257565202,1.0,0.0,0.691358024691358,3.5714285714285716,0.4117443025112152,11.571428571428571,13.0,6.986868148935705,10.914260884657427,1.5555555555555556,1.0,0.816496580927726,0.0,4.703703703703703,4.0,2.9289716918174133,0.0375,0.0,0.0
77,0.8613861386138614,3.7030756302521013,5.5590588235294085,0.0,1.9095519587145202,1.4256891888759518,101.0,0.0,0.0,0.0,0.0,0.0,0.0,0.0,0.0,3.425089662387273,0.3921760205800335,5.249243697478992,79.0558823529412,8.621848739495798,dailydialog-4374,29.789915966386555,3.6831683168316833,372,7,62.0,85,57,0.019801980198019802,True,0.3042118776305176,30.725399640682276,0.04950495049504951,0.10891089108910891,0.019801980198019802,0.10891089108910891,0.039603960396039604,0.04950495049504951,0.009900990099009901,0.10891089108910891,0.0,0.06930693069306931,0.12871287128712872,0.04950495049504951,0.10891089108910891,0.0297029702970297,0.019801980198019802,0.0,0.09900990099009901,0.0,0.38731193273065195,0.19097741532022458,0.6666666666666666,0.0,0.6705882352941176,2.142857142857143,0.22260389514267445,12.142857142857142,12.0,10.384446768792142,9.236282656511921,1.3647058823529412,1.0,0.7490709355167814,0.0,4.047058823529412,3.0,2.634190945568727,0.0,0.0,0.0
78,0.7333333333333333,-3.1225000000000023,-1.6233333333333348,0.0,1.4423076923076923,0.9423076923076923,15.0,0.0,0.0,0.0,0.0,0.0,0.0,0.0,0.0,0.5388932206432355,-0.048651520162820816,-0.4666666666666668,109.09500000000001,2.4000000000000004,dailydialog-10617,14.333333333333332,3.0,45,2,7.0,12,11,0.06666666666666667,True,0.11427391145642894,1.7141086718464342,0.0,0.06666666666666667,0.06666666666666667,0.06666666666666667,0.0,0.13333333333333333,0.0,0.13333333333333333,0.0,0.06666666666666667,0.06666666666666667,0.0,0.2,0.0,0.06666666666666667,0.0,0.13333333333333333,0.0,0.4423076923076923,0.05769230769230768,0.5,0.0,0.9166666666666666,0.5,,6.0,6.0,5.0,,1.0833333333333333,1.0,0.2763853991962833,0.0,3.25,3.0,1.689427911059441,0.0,0.0,0.0
79,0.845360824742268,10.56883534136546,13.37301204819277,0.0,1.9071599718111347,0.8615487171858422,97.0,0.0,0.0,0.0,0.0,0.0,0.0,0.0,0.0,2.7576689188138674,0.6154536113142968,9.424277108433735,52.13392570281127,13.726104417670683,dailydialog-1169,48.773092369477915,4.731958762886598,459,6,38.0,83,61,0.010309278350515464,True,0.16250572294823323,15.763055125978624,0.07216494845360824,0.061855670103092786,0.030927835051546393,0.05154639175257732,0.030927835051546393,0.12371134020618557,0.010309278350515464,0.2268041237113402,0.0,0.020618556701030927,0.041237113402061855,0.010309278350515464,0.14432989690721648,0.0,0.010309278350515464,0.0,0.16494845360824742,0.0,0.4241108762038994,0.09300619915616111,0.5,0.0,0.7349397590361446,4.833333333333333,0.5735370786860585,13.833333333333334,10.0,11.71063144706078,12.745084868956482,1.6626506024096386,1.0,0.9219819985401924,0.0,5.325301204819277,4.0,3.108900684083125,0.0,0.0,0.0
80,0.8928571428571429,9.269594594594597,9.377837837837834,0.0,2.534782608695652,0.4087187782541224,84.0,0.0,0.0,0.0,0.0,0.0,0.0,0.0,0.0,2.7978636269055137,0.7903605103492737,7.889864864864865,71.44668918918921,10.643243243243244,dailydialog-9980,42.82432432432432,4.166666666666667,348,4,40.0,74,49,0.023809523809523808,True,0.19535181393929707,16.409552370900954,0.047619047619047616,0.07142857142857142,0.05952380952380952,0.10714285714285714,0.047619047619047616,0.10714285714285714,0.0,0.17857142857142858,0.0,0.03571428571428571,0.08333333333333333,0.011904761904761904,0.08333333333333333,0.0,0.023809523809523808,0.0,0.14285714285714285,0.0,0.4101449275362319,0.04483393709640006,0.0,0.0,0.6621621621621622,4.5,0.7998281419277191,18.5,19.5,3.3541019662496847,10.125756701596842,1.3783783783783783,1.0,0.7109700777278867,0.0,4.554054054054054,4.0,2.656668773116275,0.021479713603818614,0.0,0.0
81,0.7640449438202247,2.2305821917808224,4.798356164383559,0.0,1.8639880952380952,0.7885962994086665,89.0,0.0,0.0,0.0,0.0,0.0,0.0,0.0,0.0,2.6692497649829265,0.5203936866351536,4.941352739726028,75.8881934931507,7.485616438356164,dailydialog-10403,25.56335616438356,3.651685393258427,325,8,38.0,73,48,0.14606741573033707,False,0.16212516724763898,14.429139885039868,0.056179775280898875,0.056179775280898875,0.0449438202247191,0.056179775280898875,0.02247191011235955,0.02247191011235955,0.02247191011235955,0.16853932584269662,0.011235955056179775,0.056179775280898875,0.12359550561797752,0.02247191011235955,0.15730337078651685,0.011235955056179775,0.07865168539325842,0.0,0.0898876404494382,0.0,0.3779304029304029,0.16110770751690548,0.875,0.0,0.6575342465753424,1.5,0.6031229396661123,9.125,10.0,4.512136411945011,8.472884824447931,1.4383561643835616,1.0,1.158486274622793,0.0,4.054794520547945,4.0,2.0666325660982037,0.02072538860103627,0.0,0.0
82,0.8490566037735849,1.0661797752808972,3.4031460674157294,0.0,1.954188355504145,0.6940094978575646,106.0,0.0,0.0,0.06153846153846154,0.0,0.0,0.0,0.0,0.0,3.98246308340801,0.5656077572041087,1.9349325842696636,97.04194943820225,6.256629213483146,dailydialog-2803,20.135955056179775,3.4716981132075473,368,10,54.0,89,63,0.018867924528301886,True,0.5061227699805854,53.64901361794205,0.08490566037735849,0.08490566037735849,0.04716981132075472,0.05660377358490566,0.03773584905660377,0.0660377358490566,0.009433962264150943,0.14150943396226415,0.0,0.009433962264150943,0.18867924528301888,0.0,0.1320754716981132,0.009433962264150943,0.018867924528301886,0.0,0.11320754716981132,0.0,0.46098258466679515,0.08166355887608218,0.6666666666666666,0.0,0.7078651685393258,1.0,0.5841887625865638,8.9,8.5,5.262128846769149,7.554174236665414,1.1910112359550562,1.0,0.5781878800120723,0.0,3.831460674157303,3.0,2.1683937774989523,0.026373626373626374,0.0,0.0
83,0.8548387096774194,3.2440384615384623,5.6653846153846175,0.0,1.924718045112782,0.737502605032907,62.0,0.0,0.0,0.0,0.0,0.0,0.0,0.0,0.0,2.011620626660551,0.5883471416309476,2.989076923076926,92.15592307692307,6.467692307692308,dailydialog-8751,27.707692307692305,3.725806451612903,231,5,32.0,52,37,0.016129032258064516,True,0.12057132910690792,7.475422404628291,0.08064516129032258,0.0967741935483871,0.0,0.0967741935483871,0.016129032258064516,0.08064516129032258,0.03225806451612903,0.14516129032258066,0.0,0.016129032258064516,0.16129032258064516,0.0,0.12903225806451613,0.0,0.016129032258064516,0.0,0.12903225806451613,0.0,0.43404818865345185,0.04661546706607468,0.5,0.0,0.7115384615384616,1.8,0.5317439502105117,10.4,11.0,5.161395160225576,7.554174236665414,1.2307692307692308,1.0,0.6965680875490321,0.0,4.134615384615385,4.0,2.337230824928099,0.0,0.0,0.0
84,0.8247422680412371,7.389505494505492,10.566666666666663,0.0,2.240051020408163,0.7498857159908193,97.0,0.0,0.0,0.0,0.0,0.0,0.0,0.0,0.0,3.0578657666767777,0.6549729884912571,6.001868131868132,71.87884615384617,9.072527472527472,dailydialog-4010,39.34798534798534,4.237113402061856,411,7,48.0,78,61,0.010309278350515464,True,0.21940296615762997,21.282087717290107,0.08247422680412371,0.061855670103092786,0.030927835051546393,0.10309278350515463,0.05154639175257732,0.030927835051546393,0.0,0.13402061855670103,0.0,0.030927835051546393,0.14432989690721648,0.0,0.16494845360824742,0.030927835051546393,0.010309278350515464,0.0,0.12371134020618557,0.0,0.41343537414965986,0.08442785653963879,0.5,0.0,0.782051282051282,3.142857142857143,0.6055553436279297,11.142857142857142,12.0,6.05754715631834,9.606745405546679,1.4615384615384615,1.0,0.7627935784945394,0.0,4.935897435897436,4.0,2.6715007958638375,0.0,0.0,0.0
85,0.7272727272727273,2.5004838709677415,5.418064516129029,0.0,2.134967320261438,0.08711893643892175,44.0,0.0,0.0,0.0,0.0,0.0,0.0,0.0,0.0,1.6126101944358844,0.5293674816687902,3.419596774193547,84.34939516129033,4.390322580645162,dailydialog-2677,23.879032258064516,3.4318181818181817,151,4,16.0,31,29,0.022727272727272728,True,0.1139974226151362,5.015886595065993,0.06818181818181818,0.045454545454545456,0.022727272727272728,0.06818181818181818,0.022727272727272728,0.045454545454545456,0.045454545454545456,0.09090909090909091,0.0,0.022727272727272728,0.11363636363636363,0.045454545454545456,0.25,0.0,0.022727272727272728,0.0,0.13636363636363635,0.0,0.36625816993464055,0.09341301196738418,0.5,0.0,0.9354838709677419,1.25,0.3907018154859543,7.75,6.0,4.322904116447646,5.985473137389441,1.3548387096774193,1.0,0.649981989664835,0.0,4.258064516129032,4.0,2.2428055865508,0.0,0.0,0.0
86,0.8311688311688312,0.9111038961038957,3.066060606060603,0.0,1.955720470006184,0.8177689931834866,77.0,0.0,0.0,0.0,0.0,0.0,0.0,0.0,0.0,2.621294341401887,0.5354692932839195,0.7810822510822497,106.25590909090911,4.377489177489178,dailydialog-7573,15.48917748917749,3.3896103896103895,261,7,42.0,66,44,0.012987012987012988,True,0.17861706248868392,13.753513811628661,0.025974025974025976,0.05194805194805195,0.06493506493506493,0.14285714285714285,0.012987012987012988,0.06493506493506493,0.012987012987012988,0.1038961038961039,0.012987012987012988,0.012987012987012988,0.14285714285714285,0.07792207792207792,0.14285714285714285,0.012987012987012988,0.012987012987012988,0.0,0.1038961038961039,0.0,0.41014223871366734,0.07032918573220082,0.5,0.0,0.6666666666666666,0.5714285714285714,0.38517232835292814,9.428571428571429,8.0,5.678459118386225,5.288315135182226,1.0757575757575757,1.0,0.3167355297025284,0.0,3.742424242424242,4.0,1.6078463485745231,0.06441717791411043,0.0,0.0
87,0.75,4.195699855699857,7.391168831168834,0.0,1.966931216931217,0.5384280990942392,96.0,0.0,0.0,0.0,0.0,0.0,0.0,0.0,0.0,3.5273603488868983,0.4904583562165499,4.603809523809524,77.29396825396826,8.617027417027415,dailydialog-6216,29.334776334776336,3.8333333333333335,366,9,38.0,77,51,0.052083333333333336,True,0.3545209481759988,34.03401102489588,0.052083333333333336,0.052083333333333336,0.07291666666666667,0.052083333333333336,0.0,0.052083333333333336,0.020833333333333332,0.13541666666666666,0.0,0.020833333333333332,0.11458333333333333,0.0625,0.19791666666666666,0.010416666666666666,0.052083333333333336,0.0,0.10416666666666667,0.0,0.42255291005291007,0.09661555310487474,0.0,0.0,0.6623376623376623,1.7777777777777777,0.5501866830246789,8.555555555555555,7.0,5.230489909306587,9.150863307647796,1.4285714285714286,1.0,0.8127006673850399,0.0,4.532467532467533,4.0,2.826518282197236,0.0,0.0,0.0
88,0.9038461538461539,6.014318181818183,8.904545454545453,0.0,2.047058823529412,0.9155214614242176,52.0,0.0,0.0,0.0,0.0,0.0,0.0,0.0,0.0,1.207504775727506,0.5100555308163166,4.254545454545454,84.15181818181821,7.127272727272727,dailydialog-4422,36.0,4.25,221,4,32.0,44,37,0.019230769230769232,True,0.06432937283092961,3.34512738720834,0.11538461538461539,0.057692307692307696,0.0,0.1346153846153846,0.038461538461538464,0.038461538461538464,0.0,0.07692307692307693,0.0,0.019230769230769232,0.23076923076923078,0.0,0.07692307692307693,0.057692307692307696,0.019230769230769232,0.0,0.1346153846153846,0.0,0.45457516339869275,0.06114954577598683,0.5,0.0,0.8409090909090909,2.75,0.421918211504817,11.0,13.5,5.873670062235365,8.07648339933343,1.3181818181818181,1.0,0.6664944681188719,0.0,4.659090909090909,4.0,2.531108109991118,0.0,0.0,0.0
89,0.8064516129032258,3.8871978021978038,6.19435897435897,0.0,2.199300334168755,0.7325059740903728,93.0,0.0,0.0,0.0,0.0,0.0,0.0,0.0,0.0,3.0263093725280736,0.6696153419713179,3.5813553113553134,89.23269230769232,5.995604395604396,dailydialog-10485,26.527472527472526,3.7311827956989245,347,7,38.0,78,60,0.021505376344086023,True,0.2217310494266376,20.620987596677296,0.043010752688172046,0.10752688172043011,0.010752688172043012,0.053763440860215055,0.010752688172043012,0.053763440860215055,0.010752688172043012,0.21505376344086022,0.021505376344086023,0.03225806451612903,0.11827956989247312,0.0,0.15053763440860216,0.0,0.021505376344086023,0.010752688172043012,0.13978494623655913,0.0,0.46548663324979117,0.10520183535720326,0.0,0.0,0.7692307692307693,1.7142857142857142,0.6422133408486843,11.142857142857142,12.0,5.054801717986895,6.868970318607317,1.2564102564102564,1.0,0.5172882308162056,0.0,4.1923076923076925,4.0,2.006768625323272,0.0,0.0,0.0
90,0.7567567567567568,3.1082258064516104,6.176774193548383,0.0,1.7797619047619047,0.8384832367567019,37.0,0.0,0.0,0.2569832402234637,0.2569832402234637,0.0,0.0,0.0,0.0,0.8119139435134322,0.5116826817393303,3.419596774193547,84.34939516129033,8.261290322580646,dailydialog-9125,27.10483870967742,4.081081081081081,151,4,18.0,31,22,0.08108108108108109,False,0.06087066149891566,2.2522144754598794,0.05405405405405406,0.05405405405405406,0.0,0.08108108108108109,0.05405405405405406,0.10810810810810811,0.0,0.1891891891891892,0.0,0.02702702702702703,0.10810810810810811,0.0,0.16216216216216217,0.0,0.08108108108108109,0.0,0.08108108108108109,0.0,0.4365079365079365,0.0937381889763311,0.75,0.0,0.7096774193548387,1.5,0.45556861243676394,7.75,9.0,4.14578098794425,8.841846274778883,1.3548387096774193,1.0,0.6978486339607721,0.0,4.387096774193548,3.0,2.8924531318012767,0.08379888268156424,0.0,0.0
91,0.8783783783783784,5.43322580645161,7.609032258064513,0.0,2.2402714932126697,0.9264568342205027,74.0,0.0,0.0,0.13559322033898305,0.0,0.0,0.0,0.0,0.0,2.716058410861952,0.6160959405824542,5.233096774193548,79.62964516129036,9.476129032258063,dailydialog-3598,34.98064516129032,3.9594594594594597,293,5,38.0,62,44,0.013513513513513514,True,0.204332505656651,15.120605418592174,0.13513513513513514,0.05405405405405406,0.013513513513513514,0.0945945945945946,0.04054054054054054,0.14864864864864866,0.0,0.16216216216216217,0.0,0.0,0.0945945945945946,0.013513513513513514,0.10810810810810811,0.04054054054054054,0.013513513513513514,0.0,0.08108108108108109,0.0,0.45521618903971844,0.028493295044351923,0.5,0.0,0.7096774193548387,2.8,0.5067592424650987,12.4,15.0,6.374950980203691,9.888512548439397,1.3548387096774193,1.0,0.6743401600118346,0.0,4.387096774193548,3.5,2.4844992921251237,0.0,0.0,0.0
92,0.8181818181818182,-1.0190476190476154,0.9657142857142844,0.0,1.704906204906205,0.5582690800831799,44.0,0.0,0.0,0.0,0.0,0.0,0.0,0.0,0.0,1.4909434566834994,0.590049447864294,0.5078571428571443,101.81130952380954,4.6190476190476195,dailydialog-5313,14.404761904761905,3.2954545454545454,145,6,21.0,35,31,0.022727272727272728,True,0.10093826595000585,4.441283701800257,0.045454545454545456,0.09090909090909091,0.06818181818181818,0.06818181818181818,0.045454545454545456,0.06818181818181818,0.022727272727272728,0.09090909090909091,0.0,0.0,0.13636363636363635,0.0,0.1590909090909091,0.045454545454545456,0.022727272727272728,0.0,0.13636363636363635,0.0,0.39718614718614725,0.0671780716573095,0.5,0.0,0.8857142857142857,0.5,0.5063037313520908,5.833333333333333,6.5,2.4776781245530843,6.42735559955562,1.1714285714285715,1.0,0.5062870041905528,0.0,3.7142857142857144,4.0,2.1189138534559038,0.0,0.0,0.0
93,0.8245614035087719,0.8072340425531905,2.9446808510638256,0.0,2.001904761904762,0.9333070938974343,57.0,0.0,0.0,0.0,0.0,0.0,0.0,0.0,0.0,2.286029638905772,0.5105915595777333,3.1398297872340457,89.29400000000001,6.313191489361703,dailydialog-916,22.165957446808513,3.3157894736842106,189,5,31.0,47,38,0.017543859649122806,True,0.17255804110524606,9.835808342999025,0.07017543859649122,0.12280701754385964,0.0,0.10526315789473684,0.017543859649122806,0.07017543859649122,0.03508771929824561,0.15789473684210525,0.0,0.017543859649122806,0.14035087719298245,0.017543859649122806,0.15789473684210525,0.017543859649122806,0.017543859649122806,0.0,0.05263157894736842,0.0,0.4289724310776942,0.07946697763169458,0.5,0.0,0.8085106382978723,1.2,0.3244943171739578,9.4,8.0,7.002856560004639,7.554174236665414,1.2765957446808511,1.0,0.6425391008741063,0.0,3.723404255319149,3.0,2.3763204854025046,0.0,0.0,0.0
94,0.8735632183908046,1.60257142857143,3.751999999999999,0.0,1.9821458111780694,0.6889344951571436,87.0,0.0,0.0,0.0,0.0,0.0,0.0,0.0,0.0,3.057504899257362,0.5836687386035919,2.4700000000000024,95.165,5.714285714285714,dailydialog-3752,18.57142857142857,3.425287356321839,296,7,47.0,70,47,0.011494252873563218,True,0.24453343782508263,21.27440909078219,0.10344827586206896,0.04597701149425287,0.04597701149425287,0.10344827586206896,0.022988505747126436,0.08045977011494253,0.0,0.13793103448275862,0.0,0.04597701149425287,0.14942528735632185,0.022988505747126436,0.11494252873563218,0.022988505747126436,0.011494252873563218,0.0,0.09195402298850575,0.0,0.49250856670211507,0.09663470150753424,0.0,0.0,0.6714285714285714,0.8571428571428571,0.5547014474868774,10.0,8.0,7.309485031694876,6.868970318607317,1.2,1.0,0.6,0.0,3.8285714285714287,3.0,2.235885433887297,0.0,0.0,0.0
95,0.8103448275862069,1.0880844155844152,3.679090909090906,0.0,1.6464285714285716,0.62025751729028,58.0,0.0,0.0,0.0,0.0,0.0,0.0,0.0,0.0,2.179014214515299,0.5023509105667472,1.8796103896103915,92.78227272727275,6.150649350649352,dailydialog-525,24.467532467532468,3.5,203,7,28.0,44,38,0.017241379310344827,True,0.15237224129839042,8.837589995306644,0.06896551724137931,0.05172413793103448,0.06896551724137931,0.10344827586206896,0.0,0.034482758620689655,0.034482758620689655,0.06896551724137931,0.0,0.034482758620689655,0.1896551724137931,0.034482758620689655,0.1724137931034483,0.017241379310344827,0.017241379310344827,0.0,0.10344827586206896,0.0,0.4773809523809524,0.06882146872759348,0.5,0.0,0.8636363636363636,1.1428571428571428,0.44546245262026785,6.285714285714286,6.0,3.010186786529354,7.447530270364452,1.2727272727272727,1.0,0.616575453011388,0.0,4.113636363636363,4.0,2.5064998149439486,0.036585365853658534,0.0,0.0
96,0.8260869565217391,3.1303846153846173,5.739487179487178,0.0,2.0666666666666664,1.0977249200050074,46.0,0.0,0.0,0.0,0.0,0.0,0.0,0.0,0.0,1.7921643255775583,0.41148194919029873,3.0381410256410284,90.64644230769231,4.925641025641026,dailydialog-5168,25.134615384615387,3.760869565217391,173,4,20.0,39,30,0.021739130434782608,True,0.13048760064976908,6.002429629889377,0.043478260869565216,0.06521739130434782,0.021739130434782608,0.06521739130434782,0.043478260869565216,0.08695652173913043,0.0,0.15217391304347827,0.0,0.043478260869565216,0.10869565217391304,0.043478260869565216,0.15217391304347827,0.0,0.021739130434782608,0.0,0.15217391304347827,0.0,0.40208333333333335,0.06134346610139774,0.5,0.0,0.7692307692307693,1.5,0.27692484948784113,9.75,5.5,10.18270592720815,5.985473137389441,1.2564102564102564,1.0,0.49188015623720205,0.0,4.17948717948718,4.0,2.2403272983387468,0.0,0.0,0.0
97,0.8225806451612904,4.059230769230769,6.683076923076921,0.0,2.113713527851459,0.9204421664863411,62.0,0.0,0.0,0.0,0.0,0.0,0.0,0.0,0.0,2.0340110657414647,0.45522194635123014,3.669846153846155,87.27515384615384,6.467692307692308,dailydialog-6572,29.630769230769232,3.838709677419355,238,5,28.0,52,40,0.016129032258064516,True,0.1233014240625861,7.644688291880338,0.12903225806451613,0.08064516129032258,0.016129032258064516,0.0967741935483871,0.04838709677419355,0.06451612903225806,0.0,0.14516129032258066,0.016129032258064516,0.0,0.14516129032258066,0.03225806451612903,0.12903225806451613,0.0,0.016129032258064516,0.0,0.08064516129032258,0.0,0.43855437665782493,0.06751660487157556,0.5,0.0,0.7692307692307693,2.0,0.41388419022162753,10.4,9.0,7.709734106958553,7.554174236665414,1.2884615384615385,1.0,0.688826718791243,0.0,4.3076923076923075,4.0,2.453713524267166,0.0,0.0,0.0
98,0.845360824742268,9.060250000000003,10.427,0.0,2.0337362637362637,1.2731559874332594,97.0,0.0,0.0,0.0,0.0,0.0,0.0,0.0,0.0,3.4338958570560587,0.6053286101669073,7.317499999999999,71.0975,11.4,dailydialog-4386,42.25,4.185567010309279,404,5,45.0,80,59,0.010309278350515464,False,0.31955843669104966,30.997168359031818,0.041237113402061855,0.09278350515463918,0.0,0.061855670103092786,0.061855670103092786,0.08247422680412371,0.0,0.21649484536082475,0.0,0.020618556701030927,0.09278350515463918,0.010309278350515464,0.14432989690721648,0.010309278350515464,0.010309278350515464,0.0,0.15463917525773196,0.0,0.4794642857142858,0.028178096139391973,1.0,0.0,0.7375,4.2,0.5042256144806743,16.0,22.0,12.441864811996632,11.20814326018867,1.4125,1.0,0.8169111028747252,0.0,4.775,4.0,2.788256623770488,0.0,0.0,0.0
99,0.8275862068965517,1.2433333333333323,3.8591304347826068,0.0,1.8101606726606727,0.6220702595364918,58.0,0.0,0.0,0.0,0.0,0.0,0.0,0.0,0.0,2.1900917695997824,0.4909714564681053,2.2782608695652193,92.38376811594205,5.67536231884058,dailydialog-1084,22.884057971014496,3.5,203,6,32.0,46,39,0.017241379310344827,True,0.15406953678027702,8.936033133256068,0.10344827586206896,0.034482758620689655,0.06896551724137931,0.13793103448275862,0.017241379310344827,0.06896551724137931,0.0,0.10344827586206896,0.0,0.034482758620689655,0.13793103448275862,0.017241379310344827,0.15517241379310345,0.0,0.017241379310344827,0.0,0.10344827586206896,0.0,0.48541458541458543,0.053806815782426236,0.5,0.0,0.8478260869565217,1.1666666666666667,0.47850023210048676,7.666666666666667,8.0,3.39934634239519,7.168621630094336,1.2608695652173914,1.0,0.568552036114001,0.0,4.0,4.0,2.12643813228478,0.0,0.0,0.0
