,PC1,PC2,PC3,PC4,PC5,PC6,PC7,PC8,PC9,PC10,PC11,PC12,PC13,PC14,PC15,PC16,PC17,PC18,PC19,PC20,PC21,PC22,PC23,PC24,PC25,PC26,PC27,PC28,PC29,PC30,PC31,PC32,PC33,PC34,PC35,PC36,PC37,PC38,PC39,PC40,PC41,PC42,PC43,PC44,PC45,PC46,PC47,PC48,PC49,PC50,PC51,PC52,PC53,PC54,PC55,PC56,PC57,PC58,PC59,PC60,PC61,PC62,PC63,PC64
alpha_ratio,0.16127557450636,0.254219092897757,0.24555193667836384,5.551115123125783e-17,0.15453399983556138,-0.01895356677788867,0.03113318680057102,-9.138127985782597e-05,0.003470874094748925,0.004297266604593352,0.0020769941565144624,0.001203017317629282,0.0014087916392533902,0.00264304403671626,-0.0,-0.03833637661523454,0.25054569614086647,-0.24607558765107507,0.2419506931124874,0.24805981392903997,0.24331788055840317,0.042959924904037446,-0.0028588356977362482,0.023052626098736023,0.03457667893523388,0.04561141201852165,0.05891702132792116,0.15411040467548062,-0.03080764899559067,0.05740927455214871,0.13431953337264807,-0.07211314056707271,-0.0803531381408215,0.06745259346412984,0.104109572114407,-0.11358493004705811,0.12700412505813524,0.03289074894837454,0.02341246437971914,-0.15310918475026383,0.09121276602730038,0.0366802898582357,0.003609705380242209,0.01912783730472834,-0.0452190135926045,0.1008347213725366,-0.050349273621058885,-0.008983204038706057,-0.01105266001025039,-0.0566592770724219,0.233765230757835,0.21329706888648067,0.21135508549147883,0.03514552229762316,0.21283818485130818,0.05786955588172322,0.20577453320213823,0.00277417534756615,0.23100048819216307,0.17604775466680223,0.17576853591646804,0.045943476801989444,0.024132555110155156,0.01504225190335967
automated_readability_index,0.07868361884533807,-0.007021914693076059,-0.013137634239282048,1.1102230246251565e-16,0.04320463311701722,0.14901817697337655,0.2736191800528095,0.009485470471082443,0.12602397434754525,0.20921952513228922,0.1882902127873315,0.17056468593073154,0.15297259220118944,0.137907810705188,-0.0,-0.23152115115100938,-0.024385296665031607,0.05552184279341141,-0.028896116468042025,-0.035624813137770106,-0.021370281761887665,0.2674934440088371,0.26356748592214685,0.2748939982909688,0.272293262496709,0.266440598583217,-0.05720326348275141,0.034252314069230225,-0.11318574987301508,0.0005518505091463883,0.008525385269135962,0.018126929817513387,-0.012004864306207497,0.1017020193497671,0.057686038530170125,-0.051570166681613544,-0.041623714461471846,-0.06681098531963776,0.035497576617212014,0.07872970252162653,-0.08858171946836295,0.07141934385577196,-0.036373826695133844,0.06147880720237838,-0.029431564167950515,-0.015141722297835518,0.18031628161629432,0.025088027158622135,0.0011247688966665326,-0.27397515976861336,-0.041068469127086525,0.02630125921604987,0.014916839683319368,0.16501013185547225,-0.08483081698056104,-0.05474287357541716,-0.031597206763736244,0.006801777543032269,-0.04452367139026364,-0.04857112298934142,-0.05658496829329634,0.17182789097693643,0.18061710612686016,0.14310031277973012
coleman_liau_index,-0.09954757691279993,0.015971975057490262,-0.02143238596381669,-2.7755575615628914e-17,0.08439960930674373,-0.06948358234363572,-0.13633682734146754,0.04862556672752119,0.3705481728499497,0.2518392346593138,0.3130219747389683,0.3517689198499002,0.37183818769654314,0.37649114546258844,-6.617444900424222e-24,0.08832510503005431,0.03161121438280731,-0.027716336273313474,0.0331339985629662,0.025965722062324323,-0.025475483552168887,-0.14300085447015493,-0.12640948124771367,-0.13403954144399913,-0.13921272301839294,-0.15893940341739515,0.03832781254438347,-0.1477673603088752,0.07412305235821726,-0.024442831339075127,-0.024425673122882692,-0.0164341764396187,0.0062248416698545885,-0.052061788137371834,-0.05865527395862628,0.029863771711896546,0.00875637366861401,0.07547407130467541,-0.023893945422569316,-0.03753377544450135,0.05975224768473322,-0.04032256661997156,0.04967527493502923,-0.05377025472450366,0.013786188952035879,-0.013935427558897187,-0.10675104569126628,0.015606877417415692,0.007239932993163394,0.10826362839953337,0.051206455608602236,0.031876652683181586,0.032665073994709415,-0.08696540920755343,0.020089322786393818,0.03979149119067441,-0.014535511980436778,0.01514122307505206,-0.007377392663239578,0.010878503965318184,0.0044358156517923355,0.034521446444248795,0.11756703661360472,0.18339112350345982
contains_lorem ipsum,-0.08700533607663363,0.04942848558592669,-0.11362251647792661,4.85722573273506e-17,0.25117888418451495,-0.08416909066625664,0.0021537212651213666,-0.024265802889069044,-0.06614521802497397,-0.050148287141042136,-0.06559842161117363,-0.07369467813868218,-0.07601266633931753,-0.07264940779032733,4.336808689942018e-19,-0.07527948759447504,0.04926619797360401,0.09079557431951434,0.02850891292376389,-0.005170095522255607,-0.13344094558008873,0.002877945428897953,-0.04460127880818752,-0.0035741106172583275,0.006207836989264289,0.012794086480563318,0.07695308491974899,-0.06462695354966291,-0.08302755513517399,-0.14146160060792337,0.22930324061649962,-0.1361848354979968,-0.1384766079614253,-0.02506216319428056,0.09644795997071064,-0.04838850173492629,0.09830098406472564,0.32640183942061024,-0.0582613704328372,-0.13896222067403818,0.10297229014360662,-0.03929026784968838,0.2544135688407689,-0.13107296130724588,-0.08355260362795154,0.0677994996797035,-0.11915047169357527,-0.024119589195187183,-0.0011149869905028441,-0.05039117638913428,0.06562107512503575,0.24941005273473094,0.2493631968414785,-0.01945393237481666,-0.24080043906562762,-0.216852229886074,-0.22448641663184302,-0.004654863171742974,-0.20145757762816854,-0.1840109867022063,-0.23331773810500775,0.11056520823180369,0.09017977804564639,0.07912650436438659
dependency_distance_mean,0.24152603190337393,0.048688751181580725,-0.03829462301172981,2.7755575615628914e-17,0.1966969744197316,-0.21831696460916905,-0.08119377277290629,-0.002119751496537592,-0.003262051244992681,0.00022631064491951403,0.002119537204167077,0.0008159458627435695,-0.0016413028288881151,-0.0026451800273512814,4.336808689942018e-19,-0.16780480870215778,0.0843938506793778,-0.013324393610214931,0.09452648866565798,0.01960358451231422,-0.049665171426735766,-0.0837625487294804,-0.11461085517392426,-0.05623407660574791,-0.0750708325358188,-0.08510863902453338,-0.2260085884771081,0.04487947129857755,-0.21341951873471174,-0.004124451925550461,-0.11429571418585,0.05650051890731926,0.23945907094729282,0.11251880084062008,-0.06704614438780344,-0.08947510842265688,-0.18933264885423973,-0.1826996509130751,0.22579842949566276,0.2676839084151218,-0.16819370304781872,0.24403078925401211,-0.13693411947213188,0.24871561788112573,-0.07098794362866485,-0.13130402060862806,-0.16153019051529185,-0.07064151113835516,-0.02082129464063904,0.03519488859979924,0.06976906194064687,0.1755399319898516,0.18513531017486123,-0.13726883262918763,-0.06957740118953162,-0.07541462142116481,-0.04666285488151799,-0.04344610570883337,-0.11534149826372149,-0.14579706831201766,-0.07790007127573341,-0.05883567923035235,-0.029093952202424767,-0.01784067087579515
dependency_distance_std,-0.12784914446295223,-0.0010829800025349279,-0.004132716583085144,4.163336342344337e-17,0.11286724444453648,-0.37067419519638045,0.14991678491529206,-0.010451397877008328,-0.04654771367286442,0.02271899771610353,0.002062433522766416,-0.017014950109865368,-0.03180186266789764,-0.0416165055467822,2.0816681711721685e-17,0.15242620205715904,-0.010894017551546963,-0.006112819803558039,-0.014507304294684303,0.00439330357424483,0.008862939561549541,0.14819440679445606,0.1563676471177497,0.1481574397756526,0.14912628782500328,0.1263443465598635,0.11953850647606706,-0.1447688914390893,0.2898344591434105,-0.09564824040129682,-0.1480456344489825,-0.06583193412046232,-0.2410798236007319,-0.012613441967581875,-0.2094284177128913,-0.12532177393678287,0.04297371543670426,-0.017672459480823452,0.05365385740289381,0.0743700860977948,0.1282513294102307,0.0795109421556069,-0.001762376434068068,0.21956572824286166,-0.2444712713700023,-0.15216487581693336,-0.15781975936155293,0.025754276943711626,0.0383545183989261,-0.010495578859160587,0.023528632898653475,-0.03433536368345698,-0.031378703151461074,-0.3339273814799045,0.024888266972476134,0.22802513669973004,-0.08192396843145328,0.0007663057653779996,0.03862094522221718,0.14942458957997745,-0.1051098598515454,-0.04297847916227403,0.023308724467532505,0.001600267393135775
doc_length,-0.20891056874140862,0.034368147830708684,-0.041526698387440164,5.551115123125783e-17,0.22871164180894477,0.04454860460123991,0.012128593583233427,-0.08645473167341772,-0.09143498736754413,-0.06513763179331872,-0.09658155304551805,-0.10999470364725614,-0.1123001715527216,-0.10685705197428169,-1.3877787807814457e-17,0.030136313732837552,0.06516574258325512,-0.06699650716917877,0.08049585808129833,0.04833365121007521,-0.06919428024651945,0.021685495188467997,-0.02239147873472705,-0.00094027808413288,0.010476952403275112,0.012969377467150172,-0.20161274726831455,-0.13067949803086992,0.09936896611414181,0.23715348971097844,-0.24450836985131005,0.1402443713210636,0.06521181478162524,0.03199448581129438,-0.019241012770864867,0.19097624447478917,0.021562861346869206,-0.06948696296831461,-0.1405465067556712,-0.031441978358672754,-0.17706914270008708,-0.031726789113202016,-0.03451276523326168,-0.2521180658535627,0.16584417752434105,-0.32129479004909345,-0.021133638980101822,0.03716664741324822,0.051685143790364846,0.011311296163670648,0.10553227505212062,0.051015510873114754,0.051707176798022024,-0.022011209830051073,0.061437223931705864,0.1117498158003857,0.03116885259462488,0.039040518733245044,0.004950052291253829,0.001272837135971317,0.05414254575648608,0.2075268935762959,0.33439404499304515,0.33399719870489075
duplicate_line_chr_fraction,0.011586095224366922,0.020954655015594112,0.03230863330689898,2.6020852139652106e-17,0.06634708179114024,0.26717405176148273,-0.08607506260968784,-0.047971196335723415,-0.041238527435727375,-0.06553226742087205,-0.07632046056362392,-0.07363607974878321,-0.06548001311136357,-0.05544619512877044,1.3877787807814457e-17,0.0707399414213778,-0.007930412980246881,0.01871414147768713,-0.026546273169466672,0.012135530626747493,0.02517500673561404,-0.09478761020707865,-0.04959482550297299,-0.09227598312548126,-0.09266651919479095,-0.06686460042353841,0.37773409390801005,0.05977828245618272,0.006494376286127185,-0.16295980116101755,-0.11026841144841519,0.03880023426887869,0.04331566836167884,-0.007935227909464491,-0.26519692469025713,-0.044971215121357565,-0.2830945055120994,-0.0030223788922359657,0.23945993410011363,0.055329773209258436,0.3246090058724252,0.11939503414939451,-0.018441693007256846,0.22423638558984557,-0.005540385347966603,0.05915083989115485,0.18002502003495593,0.0977951657625073,-0.02370414171815811,0.014468796758446688,0.022033284018746675,0.009533920613434187,-0.003194462213428799,0.17195598799626638,-0.02892377590790371,-0.005334220586461926,-0.035787123106702214,0.08236024475148797,0.028575888948664672,0.07120326590566686,-0.0547567564785103,0.24674278602121852,0.23804080055493546,0.2548798826892334
duplicate_ngram_chr_fraction_10,0.20650876158097403,-0.0066522604216529765,-0.04404034734809267,-2.7755575615628914e-17,-0.011295307140839317,0.06298081044850491,-0.06097815833961345,-0.020720484028170182,0.003909195875592408,-0.020128066242722675,-0.01872047520771114,-0.013234906042118189,-0.007220509307140244,-0.0007184193033256125,-8.326672684688674e-17,0.1246709880384185,-0.03108337925536262,0.0622111692767475,-0.048535630096267386,-0.031335099330268616,-0.0038362417227680995,-0.05612967224940947,-0.08143741381377646,-0.06497506028001658,-0.05726467332907192,-0.05271325853366334,-0.020540305027469744,0.02524539532729961,0.1719949468528946,-0.060072435217835084,0.09455568913259133,-0.16790211588013276,-0.17590866020512516,-0.027731297204389712,0.25515464914581293,0.07892566465019854,0.3314458528128091,-0.4079548993838337,-0.05983800158987476,-0.07749377606656585,-0.0008013461963618121,0.0008950423849613089,-0.5307487460175235,0.0544953315204298,-0.1423825014427573,0.10399920752335962,-0.02956913307469638,-0.03498142112376509,0.04296841296470788,0.0117196670847929,0.002792369494359333,0.02076406290181361,0.021408533039208415,0.05717658649839952,-0.09074573390653408,0.007161882559782329,-0.1531827082473539,-0.04224139462768298,-0.03725965961391092,0.02625317803303414,-0.1811684929108819,0.12700942745288998,0.12811752066864293,0.13059812759417852
duplicate_ngram_chr_fraction_5,-0.05980169336313811,-0.06661417610282577,0.0027863306845526264,3.469446951953614e-17,-0.07371446379017745,0.05722240689067172,-0.0725952817455428,-0.07507322021340401,-0.027820357102601084,-0.014918319923288667,-0.029193016647303907,-0.03353140872072449,-0.03482623851765912,-0.03368820138921908,8.326672684688674e-17,-0.08784103277937233,-0.03143419435213751,-0.038931464609287814,-0.018121770712751534,-0.019760893365749432,0.026819125623224416,-0.0719503406840514,-0.048611478934678515,-0.07454756805463403,-0.07441570803489223,-0.07357547972778614,-0.2846267901487681,0.007370452525570178,-0.12527072260502395,-0.2694719630614924,0.026318465836926846,-0.13917579580788048,-0.21958194872711886,0.07659727590657202,0.011283704648548255,-0.0270839805968925,0.23659437962983196,0.17579820229755536,0.08413194288379276,0.10688929452336983,-0.3471725969296605,-0.15041347067332575,0.22178638395559172,0.37627424147452215,-0.21072013887439509,0.06481296335479005,0.036803881972024444,0.0362461871709449,-0.05660688371838811,0.04003270561559247,-0.0340665023475219,-0.13081314705167577,-0.1291642834214958,-0.017872164730512598,0.11505613477520799,0.06532569865820946,0.12756220851319813,0.043061373672042026,0.028239770920311387,-0.04324501441174128,0.16008743438306627,0.13047448583225182,0.1879806366586768,0.20000911761217255
duplicate_ngram_chr_fraction_6,-0.09649086888357486,0.06617818134897137,-0.023469595165389837,-2.7755575615628914e-17,0.018735275989075748,0.17675811925631513,0.010570761182636529,0.13479878880213925,0.042511385035885474,-0.030897360928556633,-0.00520056888866894,0.015266914387970038,0.031064313687075518,0.039276667011282906,-0.0,0.047196981882440425,0.07941358582699147,-0.04334668077321924,0.07259792336783155,0.06779498560354269,-0.03075709989251435,0.013178099036749658,-0.015093506576694116,0.006061452063694364,0.01038626323314415,0.023364549034357404,-0.07515500253999671,-0.10946576296767928,0.07836496230585879,-0.3945574620405836,-0.14784025336544787,0.13435829137161662,-0.23880871824558986,-0.06578621595727324,0.11680545175455369,0.36357580586898497,0.008907630647129919,-0.022068467748159345,0.051896211133955754,-0.09483484735255406,-0.02421765078102583,0.19159331275818256,0.050181640861141824,0.2080219674735777,0.09626679574337944,-0.2686236650115129,0.025878350159245708,0.1536314054372737,0.2937046956225857,-0.015333114737633336,0.08229990297361794,0.11925712642862997,0.1096183700521015,0.2509666915704003,-0.0029054964587457398,-0.03998028858913956,-0.011989360928808437,-0.008500042805024496,-0.015377436207566928,-0.0468473920119284,0.016328135818975867,-0.14057616118488586,-0.19381049234587872,-0.1900379983002668
duplicate_ngram_chr_fraction_7,-0.028509474868776072,0.01854371996822116,-0.038292475966331826,5.898059818321144e-17,-0.03166347174955714,0.1028916379897367,-0.03874690811298395,0.14406526171206663,0.024867042716495286,-0.017928068576345553,-0.0036376068256283346,0.007711346182567538,0.01791641747625164,0.02276781611158099,-4.163336342344337e-17,-0.022360984896764753,0.02608452782635398,-0.0016880582855900716,0.021325880662266025,0.01578477128620158,-0.02499385262079043,-0.030203901421863265,-0.06567532785713852,-0.05039825262067582,-0.03694167534601828,-0.011211638640608923,0.017173384703063732,-0.11992296746968428,0.04560901078179597,0.3983359536110631,-0.18225724939321988,-0.3196593620123971,-0.051841299077732966,0.4543279171360437,-0.23623225742086965,-0.003254387545981114,0.15709408550976975,-0.0026057162098838023,0.27099733838738244,-0.04268931888555281,-0.06267380691628727,-0.1758594779048292,0.06319691577319374,-0.05467871816762155,-0.1973818039511536,-0.044082413265860806,0.12110411104024874,0.09243919460603763,0.1593731275476582,-0.0288679995705618,0.02566493723860659,0.057878624631076896,0.0518900163521707,0.19222353021003244,-0.026440405670285303,0.017037668631200764,-0.08560202740689546,0.1376314716536735,-0.03329189162288394,0.01593491048828767,-0.13508817962292222,0.017452223919257843,-0.15242336836543258,-0.16725599594075508
duplicate_ngram_chr_fraction_8,-0.04261226853563432,0.02164529568620043,0.019588695629609035,-8.326672684688674e-17,0.055813707285165444,0.07082045297405985,-0.014070825850020126,0.16129680421915893,0.026555084646735134,-0.004026367309713036,0.0013941581927550094,0.011244776030442452,0.016227910017419144,0.024575438781353126,-1.942890293094024e-16,0.010153688178070004,-0.013041686988327333,0.03157726795525128,-0.03200487990003334,0.0034578466775411487,0.0060485456928903725,-0.010942742984566295,-0.04592692350645386,-0.01414579307054259,-0.010518450352836939,-0.006876246154493393,0.00613115430224484,0.18488941671159187,0.044675024046243184,-0.032635547944554644,-0.11639470189212672,0.1926098476982644,-0.20862161825117093,0.2028531734968097,-0.05587953464834544,0.07510889875520138,0.03173251814947828,0.03851944718856563,-0.04508849122596906,-0.067418751358547,-0.011185714835954801,-0.03648048000175498,0.04713846667529986,0.08159800220768382,0.06462939249103315,-0.13659265260329423,0.02616418530043001,-0.7185893102312431,-0.404334361553453,0.00043479445533553193,0.0005751437188565785,0.016873517752139616,0.01431448551923185,0.10393544586321242,-0.04919342839894921,0.07752709525866448,-0.08880635505027061,-0.014188111249728023,0.021193838175912506,0.10188448529708494,-0.10657869941194077,-0.003916410705971686,-0.0339643085399442,-0.032006982211860754
duplicate_ngram_chr_fraction_9,0.003310780608309088,-0.0074947794057210965,-0.00646412582904334,8.977193988179977e-17,0.03181557793358489,-0.05770138855260442,0.017285344406634567,-0.04562972259133124,0.007648697186507186,-0.0018643262830886987,0.005724788224309236,0.008124945260899213,0.011425877958148443,0.009491951475361167,2.7755575615628914e-17,0.019331866740209556,0.00013238803711017322,0.001943002001694072,0.0040776214028003955,-0.013165213116909408,-0.027331420175988302,0.016110966541395016,0.027485769606867307,0.012274238118921903,0.01464641974362814,0.013490086530267214,0.038132157365090825,0.009885695696635223,-0.031683699005116715,-0.04219646773852115,-0.03938180755985334,-0.12036467692520403,-0.04895457849321669,-0.049493548291025855,0.1497692268899321,0.028730056009480663,0.04798969174921796,-0.09520425927769091,0.10591274079997248,-0.05461207883708449,0.020418153692296832,0.013430871318693634,-0.03595314129802478,0.007765483132874493,0.1746184711711622,-0.12244433515124917,-0.03082928816765821,0.17814820644880042,-0.43277225870289077,0.0003516529380789158,-0.013778873082139632,0.0032027971524699675,0.004149943059298476,-0.07274168826868123,-0.0040974357847664775,-0.08774510089911462,0.026943708037269906,0.7886528622686801,-0.01805564666064821,-0.05942172803212864,0.03769258310676722,-0.058619334677482884,-0.046330312065589185,-0.04084659023889037
duplicate_paragraph_chr_fraction,0.011798121612670492,-0.029185551713875768,-0.00869363276696939,1.214306433183765e-16,-0.02862338336702546,-0.04776626502287441,0.0169348115842679,-0.09551137131289883,-0.02684574339756773,0.0332551009455075,0.019399610694143615,0.00506551137832888,-0.008902227744097171,-0.019982631659507713,-7.112366251504909e-17,-0.008003496801156744,-0.011715764207757412,-0.009369535742334921,-0.0032559265019467924,-0.012846551244540134,0.0007573725434021072,0.017914468629085405,0.00789655510435009,0.02236980966668568,0.018779967655083985,0.005764935631504386,0.04211355571715031,0.06573217837262962,0.06588738709596285,-0.040819561647108774,0.0034561017792131346,-0.142420490991565,0.09616106717733447,-0.06553733663911351,0.03705458762995051,4.188880127001075e-05,-0.0158983159257563,-0.002353571850345607,0.10193184399517008,0.011103882433391644,0.011375225881866293,0.028355449036886242,0.043308300971821624,-0.0030279489389581776,0.10799409702837631,0.08672622375841127,-0.046706326048126,-0.5408086957018952,0.6424736618243221,-0.011048317886248889,-0.03043273559444254,-0.04109251353502953,-0.03722236865066746,-0.06496580510075205,0.032442950350263317,-0.055085411929869404,0.0702629435672193,0.3966398075248489,-0.006845819610698713,-0.07550672908293903,0.08361638849026051,0.027480307361063695,0.05327851948065093,0.05868100098096954
entropy,0.08607683088352974,0.02261481046102213,0.02502571078429857,-6.245004513516506e-17,-0.012272053110077757,0.060510534315203715,-0.02469205937705131,0.5422689401338664,0.016410928977316608,-0.06129531654761547,-0.05166361423827539,-0.032547085182894286,-0.014350557704079156,0.0008324099053140799,-2.7755575615628914e-17,0.004361111299775788,-0.013280424512094796,0.037325150395654316,-0.034934556415661955,0.0016238980675259695,0.04905668730051492,-0.029298644751270836,-0.01589213858300978,-0.020223357725674365,-0.024291949686093578,-0.015302324587714716,-0.13447913646811924,0.012233248516064082,-0.007420655211458179,0.10712623406524713,0.14718679055069192,0.3060543098319556,0.024410479436939053,-0.12654226094726528,-0.04939512087382392,-0.15896863967217353,-0.022533748480530448,0.09140876540334882,-0.26027205517262886,0.057029949750623726,-0.14780102346806187,0.1512688974789463,0.05707057604995223,0.04520496598904908,-0.12293787588112298,0.16245021833711423,0.001970577779781768,0.11289041780201725,0.1564547446499646,0.02616330259909372,0.019421796410635822,0.024888648670646232,0.023461171463269113,0.03393691026384843,-0.06059284083038047,0.2587361880184552,-0.14886986102419814,0.34783715194413506,0.013542028313584226,0.16957757744098875,-0.17083938582782568,0.020284027427108015,0.038610215231326295,0.04730548731667314
flesch_kincaid_grade,-0.055370283635520955,-0.043012372597991955,-0.015046533074615315,5.551115123125783e-17,0.04084393318095586,-0.08621963273908194,0.02338186971065065,0.7687974617398847,-0.007919391013173606,-0.03491664769249882,-0.04597184851407626,-0.04416305669220359,-0.03610894961937224,-0.023246414025615475,-1.457167719820518e-16,0.009237471366622771,-0.011888286153337896,-0.025391272646487512,0.010171204343631085,-0.02232710754451556,-0.02825873103665215,0.02854513023634385,0.029489823429206183,0.01544103399471781,0.022298412891231162,0.02055635353799319,0.10128706675943584,0.03338941538205584,-0.011807870260865966,-0.053145003767198565,-0.05762079729543117,-0.2761536729866466,0.060767398661526494,-0.07198384076933459,0.07793974846851705,0.024989266703240587,0.0237341946004554,-0.054480903312089116,0.14157714859278736,0.002975578350069785,0.06110565619468977,-0.029768301203099257,-0.04419821799500197,-0.0379067756315397,0.08375111290410875,-0.08217210162000398,-0.007610137235298131,-0.025184210117033236,-0.05403862354895292,-0.0032296968858323075,-0.033753483432863766,-0.06537423918065073,-0.06141804762617629,-0.1324498202447783,0.06517739537616804,-0.2300876481673398,0.16082095722807932,-0.16837387281717478,-0.004385389863250183,-0.15336302273135022,0.18573332928252134,0.08003853932589441,0.11168584011358101,0.09128287560675818
flesch_reading_ease,-0.055998123623942166,0.02114832930701621,-0.006490450828932737,-3.469446951953614e-17,0.04258073203090976,-0.09570612671202096,0.006746516168621909,0.0577859529932427,-0.0025156572179854727,-0.003268390846031602,-0.003273804709492109,-0.005613346625205878,-0.004886971683564861,-0.004163082457321665,-6.938893903907228e-17,-0.02418506034240704,0.03422604984146689,-0.02603414767446459,0.05784550259964669,0.0150983387330558,-0.04066046845702549,0.008954137853398207,-0.0011562893476771419,0.0022948490191496973,0.005887854918050439,0.009457611150350154,0.06605507312330412,-0.03484516951461131,-0.08214799902956124,-0.17433453440571997,0.13346910729892686,0.29805219115308906,-0.19648409942917133,0.3476828427356341,-0.2448288273185388,-0.007682762226912457,-0.09449912965816747,-0.11905856683215872,-0.2878199199731431,0.1877891063279193,0.08808982302689729,-0.4892303337528682,-0.26257568824952193,0.033760521111671465,0.05329898577471679,0.07127251836358603,-0.006758834132824784,0.06955279593426035,0.12938185130886415,-0.0006109694937375797,0.02985144842508905,0.040438417414796354,0.04132922456282689,-0.06948638593088907,0.01367897961649625,-0.24369930827499042,0.08806550940304408,0.1256698220531463,-0.007672205927420336,-0.10466264121500798,0.11587654170419316,-0.008878625664014539,-0.016683173505605553,-0.01601048294731262
gunning_fog,0.07707564851203307,0.00228880132895581,-0.00131119313066113,-1.3183898417423734e-16,-0.015328877644916111,-0.06926586363666806,0.018317480675364768,0.0477101584011263,-0.009752338436629182,0.004632784663845618,-0.001583657469754557,-0.005474539835143427,-0.0067801361290383,-0.008956454568895517,-2.7755575615628914e-17,0.004589971908689566,-0.0069327766192172945,0.03239144146319525,-0.017262968401683617,-0.011045179190619703,-0.01377061420065305,0.01798476027696355,0.019419546227058715,0.017814717226400323,0.01872701297293053,0.011919017458437847,-0.056477904444925814,-0.01188131894783212,0.01401704490282362,0.05969801485449083,0.0040493951015269924,0.2653827258923508,-0.14167827068585512,-0.07755737141541931,0.12688036203094866,-0.11316770768522816,-0.010697573429257284,0.006495466159524094,0.5577862306924757,-0.17169037064115045,-0.0816134865541468,-0.37839243841710374,0.0007283322044904783,0.08532490496050932,0.46426495456083317,0.16955288999151003,-0.07591401883559859,0.08613220392684458,0.0700049424600746,-0.0066397678292096415,0.010129079925333927,0.03223141888948991,0.036930564062829706,-0.08928947041600582,-0.05784195593747938,0.18918786861526907,-0.10622783337878643,-0.10024635416033459,-0.03383372004717615,0.06462852400615313,-0.10367700179940892,-0.007167692884995518,0.04223617468199973,0.03479934953135659
lix,0.08885502960308246,-0.012957695313509928,0.06638056440224445,3.469446951953614e-17,0.07124923838996836,-0.014282105389004152,-0.03935958907505661,-0.06130999080223434,0.04081690349176682,-0.0252347507864375,-0.006165777877214007,0.011857143052658253,0.028015245525147087,0.03639227479305983,-1.1102230246251565e-16,0.14899830297137995,-0.07304148946468589,0.07408277057319097,-0.07888288574974002,-0.05606401055196303,0.07109501771743244,-0.038621143528156765,-0.020147052421732425,-0.04059237140852556,-0.03858276342836381,-0.02720343776939288,0.08093199401720225,0.20509370911986038,0.2444443857797908,0.14435344376213574,-0.16455046667836273,0.2772480919829245,-0.11497849636201211,0.17262783403951998,0.14028956230816286,-0.4007321458448334,0.16283908748539977,0.09886023156580079,-0.03257192091947822,-0.1286367634434754,-0.13551816268887082,0.21015303937216068,0.0873922030564177,0.07032487199848592,0.045897769062169975,-0.1631676223016252,0.026967424324407786,0.12627116792760018,0.11500487778851727,0.019651136945852035,-0.11142942724143141,-0.058687733995647966,-0.05882404678748634,-0.04814189378776445,-0.06680973568624458,-0.4886793236627183,0.05383339683255835,-0.03017434671047218,0.044879493005821065,-0.01901776574926691,0.04797364690848498,0.019918948432223957,0.018908323524596836,0.022870540629939574
mean_word_length,-0.004511000566187561,-0.009321891679148986,0.046293425728685784,2.3418766925686896e-17,0.06639167582388944,-0.06002304005244931,-0.045211710533992054,-0.009922510684934927,-0.014409913688861693,0.02266713010014653,0.018285114434968136,0.0053069910841907954,-0.001709978484058322,-0.009786950133841921,2.949029909160572e-17,-0.11380506332490058,-0.04644644206351431,0.04772899736353598,-0.05811389930589551,-0.03824252872769902,0.029484207540511922,-0.05053675677485817,-0.025632251934256833,-0.048230755674933894,-0.04608207179610534,-0.04372150493302134,0.09410475067544283,0.047709398904050564,-0.2654739248800635,0.11175277363325585,0.006123345578898827,-0.3658723026841525,-0.2280638921298156,0.1973904362867924,0.0505151419172625,-0.02370583097629729,-0.05017242862318946,0.01932803232919781,-0.3462442898647992,0.05255987118069039,0.024176118218402654,0.1802062650277447,0.007985583546929555,0.2200369276527242,0.5470200776196178,-0.07294840689321119,0.08079937607358435,0.08943050787113317,0.12100601010358053,-0.0017470297091435605,-0.03095801564507193,-0.03639421549083219,-0.031039303438079494,-0.1299776484712123,-0.04374365900927564,0.1672107319066665,-0.057915794521193546,-0.08268830923319054,0.025383548979452053,0.14010611385546834,-0.09626098114171938,0.028434919155148584,-0.006104109920778887,-0.016308455083176507
n_characters,-0.09099944504866976,0.044521767500406484,-0.09021552544160999,9.020562075079397e-17,-0.10226743575757342,0.055115421075359314,0.0430336839122208,-0.021682669474764077,0.018349064901617765,-0.03305050904063976,-0.024327033948170262,-0.008453786157560598,0.001227088916735397,0.011402617954644131,5.551115123125783e-17,0.1498504887964748,0.08119404696593002,-0.04530819266206518,0.10364763881366357,0.04984629398705205,-0.05942456727496906,0.05101861746997571,0.0014631088470345999,0.03997151249340766,0.04671215687543612,0.051312935043588,-0.06853875840610685,-0.12345817120246498,0.3748827976712883,0.15413390406316402,0.04107199685395521,-0.14463674804911986,-0.09972819339925793,-0.14630760011755345,-0.298998925446692,-0.018568913009444958,-0.0014715134754122727,0.02374846832670161,-0.061797325439215324,0.21902093014568158,-0.23610101112607254,0.18671190057456344,-0.033201188274739946,0.15811059036348657,0.3060940375691049,0.41380010614669943,-0.030693786575561828,-0.05663440386234146,-0.16630775902278433,0.006570130062878286,0.07869595999397326,0.12045565799456202,0.11292918546750325,0.13108621476355478,-0.0009608096619353893,-0.18633357339620277,0.027192184656463458,-0.03563344267839306,-0.058004758364720146,-0.12836797355509322,0.06495959976027811,-0.03769129433534154,-0.003056466019744646,0.006539190263183726
n_sentences,0.0721377971387284,-0.012758865549923136,-0.010590805155442223,-7.632783294297951e-17,-0.0657176933145466,-0.026235390752740617,0.004511361030267742,0.04556596526390383,-0.07109186966264085,0.07845123414170196,0.0441495737774279,0.0015513312147944318,-0.03331749551922332,-0.057880503205051295,5.551115123125783e-17,0.020039642981483363,0.002566066495463565,-0.002178275099586402,-0.011449334243433279,0.007627674480515462,0.005532654887428379,-0.0018748429133250422,-0.004903238177744906,0.02769347151196655,0.009407654486650319,-0.010990602882018197,0.049963735544225896,-0.03357382812262236,0.2133423704093113,-0.47347211708780607,-0.09138463391733437,0.02032171966179755,0.3832239127713252,0.4795428819197781,-0.01728533932483877,-0.08251883554357933,0.22619163704167006,0.036204953789533034,-0.034030250868857005,-0.04559932893539504,-0.046291893694782274,0.15925896022088457,0.04177612016435915,-0.20074260608595776,0.2079253436199352,0.17531053573983255,-0.1069656160027278,0.07601959755676169,-0.0530205633064568,-0.05549350831883454,-0.027802992603680507,0.0026943738210373903,0.008706130260986683,0.004396598954352092,0.0014853187960942957,0.25372842383986205,-0.024863586075387047,-0.004260724533592013,-0.02746961786711867,-0.07647113220161844,0.016364804828157005,0.08074982132306606,-0.0018053598040008723,-0.022971522869714437
n_stop_words,0.02188263245873749,-0.0024771819996095247,-0.06879425012262687,8.847089727481716e-17,0.05264352881190772,0.12486371547183281,-0.005873379802297178,-0.007045450689736749,0.05099942645212208,-0.06737827706606853,-0.042287445659536835,-0.010072846045486424,0.016997576884117318,0.039407573460401024,4.380176776841438e-17,0.10658579992188369,0.057955091612804745,-0.034819502490299616,0.057657413697554984,0.024882779025170075,-0.09145224192821029,-0.014443914854803522,-0.021981621128513838,-0.003338947364589881,-0.007122459817962931,0.0037554752576090394,0.031098814005137643,0.011782730393534585,0.21900265751533649,-0.040088534648744484,-0.015983521504934456,-0.15660522093453783,0.1272436261614464,-0.1132677314840183,0.26967520328842803,-0.4853524205595677,-0.09480343186942537,-0.10844414714030587,-0.17452610115757042,0.24665424469985137,0.06751586060893866,-0.3391683239628085,0.13458217570567918,0.12973858969752,0.0311522998489905,-0.27777347699382166,0.036150918934448585,-0.035801455370380354,-0.0028901559935741034,-0.029757603648619804,0.004239374615829689,0.08228390956642723,0.06619037178204376,0.24189589395779032,0.004348930091802584,0.25093434301944456,0.007072957086937809,-0.026923770008765717,-0.10220606460451792,-0.1503118593981498,0.0535907638643901,-0.04932849630470133,-0.05301544361687813,-0.029890482967481504
n_tokens,0.20623408852967787,-0.009245272403758682,0.03278277229190998,-4.163336342344337e-17,-0.008526369163150943,0.03597677939977312,0.021419968238102854,0.026104689409169823,-0.0031278505964384418,0.008476141713294333,0.0025944078078031507,-0.0005011071925226096,-0.004668217025369771,-0.0048391866163930986,5.551115123125783e-17,0.11666007055206556,-0.031947406963114044,0.03648641609978262,-0.03454596628870743,-0.019407359938061433,0.060237649023083595,0.008252756263847118,0.04249418390194115,0.040477630992887634,0.021545581148642953,-0.001189222493086159,-0.2861928457942348,0.29554406044438997,0.3345919570332628,0.08118039734668754,0.14238284982110957,-0.13538996475253554,0.002765843121521838,0.27773639482588464,0.11954859959728192,0.33492932870423475,-0.35962109972824985,0.003157116402271287,-0.02979372749064749,-0.0013936477018821752,0.18785095608821478,-0.08990296976368828,0.23571900854943215,0.07493847697916368,-0.0431035115010948,0.039162489724865135,-0.1736061529503036,0.11790947477867646,-0.0021857760437742103,0.04313575760453831,-0.04895235180844451,-0.019582225165451224,-0.009415816476930561,-0.03641556488879895,-0.03751461225921285,-0.040002120472280724,-0.006584240336598542,0.005183262334811451,0.005609966787629756,-0.0015265399546173283,-0.06443976836608448,-0.2295255639508691,0.1226724676230371,0.1877522726126805
n_unique_tokens,0.04283991516657329,0.02125199799844464,0.05246085770641736,2.0469737016526324e-16,0.2451718869653934,0.03978442570780616,0.033267409191958926,-0.04115824806828406,0.14885025737200552,-0.1708063468282412,-0.10656148469891473,-0.013014242199693868,0.06094681705867714,0.11603953931129328,2.3592239273284576e-16,0.07616105821037154,-0.028170045480915493,0.050286310570900515,-0.05442635758483076,-0.010224877515121328,0.03474423495497072,0.021387447138758328,0.07768467969753186,0.030811489702021244,0.026248934082093167,0.045818813162890826,0.04784197179558608,0.3658692394908625,0.030800984388967306,-0.15052420977239495,0.24423850890932458,-0.12989642155608708,0.19769616786156333,-0.12206222198600511,-0.3428060698148122,0.08601595351623348,0.2492911468895094,0.19125353082077212,0.09803383084992855,0.12068430964898287,-0.2114558632209531,-0.11436446487518187,-0.1674952516221221,-0.09215372889584647,0.11211022113284327,-0.24881104514938443,0.14231920213821544,0.05952315572121825,0.052432512014134534,0.0643788721592187,-0.006440069860703196,0.009734057708182337,0.0001471170614282917,-0.005884050576046056,-0.06986472590789972,0.013985630297702455,-0.04628844123958258,-0.011966585408126153,0.028904536808523895,0.12951250837468958,-0.05736086368879452,-0.23676061243561758,-0.01818057403190137,0.0663486180967659
oov_ratio,0.06479472999222743,0.05744374982702233,0.03770563812727791,9.020562075079397e-17,-0.09141142088792842,-0.1177822422465068,0.033494747568730436,-0.013500647086794326,0.04992103435137174,-0.058926454682947105,-0.03972987802003049,-0.006669692559553381,0.017129421435078993,0.0386612094703096,-5.551115123125783e-17,0.040446722439065705,0.007407702849656861,0.02505367491762836,-0.012623659245794627,0.053254083937108704,0.07596667661322923,0.046275752493228545,0.022738673418104344,0.024920010643446566,0.0378818581001724,0.03800862977342201,0.42360335260542376,0.019454755069317653,-0.031176942856706018,0.0518443115769715,-0.2426596904841183,0.012274192333765088,0.33511779295573324,-0.0648073490439932,0.14592590599403998,0.31167531146956,0.04101396037863156,-0.07011808296104656,-0.196911485188508,-0.009652832094458441,-0.31607659159780105,-0.27192426775438666,0.1997151696721741,0.30470905883709565,-0.04873395421765819,0.0969303683457104,-0.09961088872990664,0.02197698380504129,-0.010466399728361182,-0.002104155679542523,0.07882316552333961,0.05449688102629096,0.054974141256987824,-0.04527327377177355,-0.059361238701049465,-0.13322495280748084,-0.1162870806678114,-0.0066693447658152105,0.04473287521017702,0.1224927287205106,-0.0913274556176919,0.11833020499496452,0.005395937554634092,-0.02582141390290695
passed_quality_check,0.08257542053544056,-0.06246716887166869,-0.09911969221557532,-6.591949208711867e-17,0.07602458217658764,-0.10020133197895897,-0.03264708998749723,-0.02470317802166748,0.0749837332702194,-0.07337814360252914,-0.0466015772120551,-0.0017810754794153477,0.0325897558587675,0.05989199698692181,3.885780586188048e-16,-0.01054119727395142,0.019393644626819903,-0.02234690458618549,0.04274213664474383,-0.048447658825061135,-0.07726662347473788,-0.03920687329540633,-0.021685292476401996,-0.019635647984563284,-0.02972382789936137,-0.02149353620480854,0.37270918953942433,0.21934097364620997,0.0757677843884611,0.11848388240063744,0.25300906871118134,0.1510310237537842,-0.2569932844080705,0.05364302698574307,0.0009823437018461577,0.18373459928516642,-0.014244504816330023,-0.25559007101029585,0.0782396897999384,0.0789746954802858,-0.2049249292895158,0.15845275989587346,0.23842613774069155,-0.13774507650063225,-0.0742413604280138,0.006419049267199321,0.12014897812497612,0.047890123678323945,0.011685183497839105,-0.04820992433937252,-0.0639623793994243,0.011592440794028727,0.01182466781243574,-0.09626299411054039,0.023175022148398457,0.3077354597253511,0.11001662142776593,-0.021348712713331434,-0.13259600034679794,-0.321301789448976,0.15210824185938127,0.13374322946329217,-0.022516166837897724,-0.06016443954804522
perplexity,-0.07098169122795578,-0.03576125655122623,-0.019317210651582085,-2.463307335887066e-16,0.06797895877229032,0.1714226591513181,0.05306509469016729,-0.0010141571836880386,0.06494429855694113,-0.10577928798003802,-0.08102046020842163,-0.030297854977757832,0.008918916461491566,0.043742380009536674,2.3592239273284576e-16,0.051463668737937035,-0.0027335476639825038,-0.00586702515377624,0.003148423309196152,-0.01630781029192828,-0.058757651918525194,0.05293905209683436,0.03158934516858741,0.04511079710283132,0.05058729048575193,0.03947928770483935,0.2829608165899139,-0.06404401160915786,-0.2507693193265473,0.08118174957942541,-0.19954097459194012,0.022351749612440255,-0.08563076501024611,0.14590544487245882,0.1478636578090152,-0.0592430156509091,0.0064686610063758865,0.13039320425183815,-0.0007125096238554951,-0.031077703739458694,-0.08316332275010699,0.08827768972628747,-0.17357275407680817,-0.003603149168955322,-0.09824166227381831,0.1793316155138736,-0.2523995254871064,-0.017214835263099554,0.015718770335383464,0.09842927761359291,-0.019853072276399424,-0.015074614651684984,-0.017196801343604382,0.09194220994890881,0.015044830212800203,0.14552055689616733,0.025416349760249896,-0.006001468288322917,-0.0501847202459714,-0.1609621007895723,0.09083623127559273,-0.5781241535256876,0.100758579682183,0.2759616166170588
pos_prop_ADJ,0.014706247479371538,0.011964614515163337,0.016717369933846725,-3.729655473350135e-17,0.001989999191417048,0.04652356788284642,0.02439580215363453,-0.009355263200407042,0.0917497945982098,-0.12538901973206962,-0.09377990740887114,-0.029469421422681948,0.026229350054233977,0.07058978088744629,3.122502256758253e-16,0.04765692337975685,-0.019042602716503418,0.021051177339641167,-0.029539213907826763,0.026205243531975314,0.008063375990174822,0.03545996684316163,0.010327978819132718,0.005247956142237196,0.022416347264473616,0.03374136284299219,-0.11451002741647263,-0.051000417579808346,-0.21428642409504364,-0.10864017901853555,-0.06485439893005854,0.01277611375252228,-0.05283670680367099,-0.03125620329855619,-0.1475418493490306,-0.10393933629813004,0.24336888866993106,-0.5726653447283011,0.007493620318089575,0.11787196743522153,0.15889813430839536,0.03137523854814757,0.48522660861850014,-0.17413782244336684,0.07763634514151169,0.10311692635917004,-0.02713176325763974,-0.018528739314493933,0.017263002937454516,0.06574873406641978,0.07176725838335468,-0.012711088390671824,-0.013067150630665422,0.006461313298760846,-0.020945629286073977,-0.1521926700563009,-0.07556069712751677,-0.032139512773487346,0.03782645388621784,0.17190415231493433,-0.037494250006351544,-0.18822982987386006,0.064156978947184,0.10893822108097
pos_prop_ADP,-0.08201805031270532,-0.017571285503977827,-0.024738330095121795,2.983724378680108e-16,0.016939414805465285,-0.059530301932934376,0.04334852820815114,-0.062362036627756384,0.379204877262981,-0.4546111671054349,-0.3272295526608211,-0.0833580673763242,0.13608488728744905,0.2989211528797485,1.3877787807814457e-17,0.05958019258664282,-0.004151431940607138,-0.005535153698992462,0.00179670945976948,-0.015710450234504746,-0.03253758979768254,0.05725832857208446,0.053445025887237624,0.01564924256110445,0.04198396419549014,0.07892101363810172,-0.22960641365716647,0.13358888388210183,-0.07121954668196992,-0.031803957349981773,-0.22897475536241557,-0.02435917461044535,0.0002910746261396424,0.06199993731833822,0.07699852922173278,-0.003923863001717896,-0.08162285091049337,0.10918076452367943,-0.026714688311415546,-0.05086654291809218,0.1679203590943803,0.030370172258990295,-0.10266700805606167,-0.011543991443676752,-0.012931856235326528,0.2013318714863749,-0.04351824022556136,0.010853381497597164,0.016157972972086043,0.017108748426982116,-0.001781049661376266,-0.017862823075317773,-0.023978205669744804,-0.07238125329780892,0.015994437910495034,0.07250034683840746,0.03192344755667865,0.00883008407968864,-0.012269757048584018,-0.08243035740893888,-0.002991636878363363,0.3171358002983117,-0.04497698378854958,-0.1562231493122765
pos_prop_ADV,-0.055712336923992696,0.019450681081677912,-0.09637604257140366,2.3505503099485736e-16,0.049237883936712176,-0.10028803487063828,-0.027739181047251635,0.0024446033181517177,-0.007946788349870816,0.0065461967492016215,-0.0009272557697318357,-0.000565440321439163,-0.004000529465299371,-0.007708893626255875,-5.898059818321144e-17,0.0237826770362599,0.048269030512197025,-0.026722532138059113,0.06114048282328856,0.02830251295319687,-0.04055366978614121,-0.03663577377036058,0.04703308737702129,-0.03174454096359865,-0.03299862476115098,-0.01860892604828071,-0.08286964504526542,-0.01951520083662476,0.07974290993731281,-0.04796586618073516,-0.15000431626667463,0.02142790121623811,0.09119617593938033,0.03415061939223139,0.14831756982577482,0.004523710100509434,-0.01588061076959986,-0.004423813349759283,-0.0512534316908554,-0.12438868096289601,0.031483882487131756,-0.01674985282057217,0.0010191738916967424,0.05478521631789397,-0.05988366847970264,0.19881842467476885,0.775864291137468,-0.03753281786232941,-0.01060340896915872,-0.01145723840010232,0.13093785237514768,0.07192674828269222,0.08809969035366703,-0.30213993577639126,-0.00100319284292303,0.013263901001542983,-0.00025843809145143296,0.0022018283110039442,-0.04821080524491332,-0.0470324008981474,-0.04960825761441701,-0.2843506265813266,0.010500534011496393,0.09347601711279187
pos_prop_AUX,0.1589966919901895,-0.03517132824615128,0.028202526614735504,1.5959455978986625e-16,0.014319162665265915,0.05265222800855332,0.0207718550824674,-0.016606429699281985,0.14403205377950495,-0.21083177432545705,-0.1730711322603144,-0.0691219753805862,0.03234725880844119,0.11100811990453338,-2.7755575615628914e-17,0.044192482543444794,-0.02657270172928261,-0.015772850874676808,-0.014263629606718342,-0.009049155877922654,0.10176222483882624,0.0463381979892481,0.003904355073442667,0.011961846643431862,0.027722922771721448,0.04552147827937794,0.05133588756136811,-0.5889945231622866,0.04077212741400069,0.01392451568985234,0.45874400400311677,0.015922650838251118,0.14312558585899945,0.18659289710370094,0.006390301999404144,-0.02824177314144026,-0.1187923718335826,-0.044384938591722614,0.0380224449146307,-0.2477289765861666,-0.09211357319495224,0.07135818437287175,0.02496353070331507,0.1633325738814983,0.04604331091320706,-0.19688136253085337,0.06806847382615909,-0.1345268771041851,-0.04811062978458558,0.038143443978670255,0.0265167202664087,-0.0850364506983919,-0.0834471194074258,-0.06033220743728283,0.062458959830336114,-0.0648902119582506,-0.007504650771084562,-0.009975938464971966,0.033830749143022226,-0.00967323648208153,0.005953717399491593,-0.019257036323165555,0.030496942714670624,0.04721240082172231
pos_prop_CCONJ,0.17544321920939038,0.03604529754363723,0.05569506302261173,1.432773170939594e-16,-0.09215700389940462,-0.032567761851803184,-0.032075521998746886,-0.0013911977846117335,0.05426926676354005,-0.07934796487621061,-0.07466688859332404,-0.032577582174720565,0.007934285813827073,0.042593372688963974,-1.1102230246251565e-16,-0.05852393199412269,-0.011076550781097011,0.018619487897546444,-0.01591516743740161,0.04796672068186729,0.08508087906981142,-0.029548143739095534,-0.028351748265673937,-0.008190788455515963,-0.02820631805833873,-0.02945320322313283,0.11333207975439624,-0.22032046124647484,0.10048215490048396,-0.10992174742044525,-0.07278279120314975,-0.02671713349462812,-0.21245588894142714,0.06598636814307376,0.30053794052945076,0.06330034148887165,-0.13404196194680584,0.20490050006694366,0.14029376305525432,0.5762228244290641,-0.11888381636918341,0.02121407300277935,-0.026012017563068573,-0.37034027949896603,-0.007844299583604969,-0.010368306245144749,0.09178181269534116,-0.04017102428628978,-0.013929706275145157,-0.044162496124818165,0.05390289512499773,0.002108410743496103,0.006426531682288931,-0.04649829882815104,-0.025129017846305828,-0.09722903438369493,-0.048461853855505575,0.0074231174803976886,0.0660879495782436,0.29269967651010537,-0.013499690255229034,0.0031106481388703255,0.04146029940559938,0.002073092074730217
pos_prop_DET,-0.3205824852638761,-0.012598497544198756,0.08460483263702791,1.6479873021779667e-16,0.5816689248965035,0.2683220906642445,-0.01308000415991023,0.002209882360745541,-0.028912955287513715,0.021081922875525405,0.04144271774598063,0.016915858521351218,-0.0041026414315128296,-0.023657777943051753,1.3877787807814457e-16,-0.11582977562071445,-0.07052157863539182,0.06205519555759316,-0.09485362647219642,-0.02060612944034612,-0.10674375089666861,-0.030593185704006473,-0.009825777660683988,-0.0075755870903619765,-0.02342397713982315,-0.023232631650542013,-0.00502770791044721,-0.021520252163474293,0.1372989458949476,-0.058963285029169726,0.061791255347976526,-0.06870314063848093,0.05361689252818187,0.04236432463974027,0.1355504586251947,-0.03956413333708406,-0.19304533645844296,-0.18547909946884678,0.05028325110062719,-0.028876621661800855,-0.1913461140555221,-0.015937313258261816,-0.0067756885649930265,0.0015866756736740602,-0.07968804131312518,0.25018708714521415,-0.07999833223137891,0.002528260593783683,-0.006981079763348233,-0.04819331680483432,-0.04471940396416655,-0.07078176263570993,-0.055027350803736795,-0.11747547557775426,-0.04526963641804069,-0.0364307046751737,-0.0011398303732467058,-0.00468213990939223,0.05989234820488271,0.25750954397047743,0.1305339882819149,0.048476938254704956,-0.2464224077220452,-0.08615229179487763
pos_prop_INTJ,0.43697012246738387,-0.058890402115077484,0.058582447573339996,-1.734723475976807e-16,0.3886173984531818,0.24381237933823086,0.02560700803945537,0.006207674534570107,-0.0884020312108719,0.05416364504466306,0.09449744256521267,0.04238355663914205,-0.009425722509703915,-0.05921147343642158,8.326672684688674e-17,0.28897708150464985,-0.014287496748283349,-0.023022060906576686,0.006047762804931245,-0.0957051005540833,0.1306070897681153,0.029378315814196393,0.048548740138117746,0.029891097534772273,0.03338710449519289,0.03767587135038673,-0.05451181596925458,-0.19752980989366695,-0.10039313332884495,0.07415303335980988,-0.16462848618043197,0.05867572232052047,-0.021867037764942893,-0.0911425664803024,-0.041342333918962915,0.14222801593675727,0.19573695747915884,0.1482549641745599,-0.05822044243074835,0.17106741783787696,0.1516986053019145,-0.07766635573072425,0.07479208846368704,0.026456695614616787,0.04682157688711129,0.09037461467783663,0.02686160549416574,-0.03390533051149451,-0.012928228556860627,0.061550027829501835,-0.06554759397910179,-0.06739766935732003,-0.05444401263287128,-0.13820699403849537,0.06311326197374494,0.04021814588362118,0.1142909789209398,-0.004731068404933165,-0.03220027073794289,-0.2269590970484706,-0.09252283902235175,0.12547820460443126,-0.24267036429952682,0.011983971001413594
pos_prop_NOUN,0.14236282027884592,-0.04258510827931503,0.03955340048432399,-8.326672684688674e-17,0.29606687948816457,-0.32001425370868586,-0.03170281516188579,-0.0017150806820964287,0.06285121555148414,-0.033876238484535706,-0.07441781795804911,-0.061845913755174155,-0.010332147814261415,0.04247218291384623,-9.71445146547012e-17,-0.4121277695594884,-0.004962021628559896,-0.028493450624400334,0.027946860129901913,-0.1861657656934808,0.011849816808968683,-0.0017622735620647784,-0.2108727938427958,-0.03181204939130723,-0.008425327441933722,-0.003065513997191488,0.02090497087190535,-0.12739247495439004,0.19843780826137342,0.020342413428581257,-0.10483287223608914,0.04776059301082773,0.018321402712229103,-0.10689741666414464,-0.042526671429355234,0.09048189051529723,0.11431800907687889,0.0217199675750835,-0.06171031018385792,-0.029952426240252503,0.13061098643218158,-0.04574078496689962,0.029387055148517832,0.06137795732394699,0.03539788006460902,0.11807281635335923,0.04611844974912348,0.02182620999936194,-0.013554826271642506,-0.1308295927913286,-0.2703325735890944,-0.05396165603433798,-0.09582093651323556,0.33876205646342167,0.06354625830545546,0.0068066841984971566,0.1974038936362022,0.01498892512223588,-0.017094387418763242,0.06740313775733378,-0.07447139756197194,-0.1740783627256832,0.22484896223659312,-0.11840095459300638
pos_prop_NUM,0.07320032975677135,0.07896711029686132,0.1610766339053177,-2.949029909160572e-17,0.11711474086416865,-0.13789957904630404,-0.010262443318890879,0.00011629996759610767,-0.011664620723135025,0.015047416732901137,0.015104780397033828,0.000503134889306197,-0.0035809511232929407,-0.006696901472424306,-1.3877787807814457e-17,-0.015448255651823936,-0.15870050516715783,0.22919171546005704,-0.29020441661125856,0.23515929788907639,0.153575887745091,0.014561131730490208,-0.06335301967540131,-0.021673091387861776,-0.0001711020934059143,0.01016733426002864,-0.0724271122340668,-0.06963308569072851,0.017103264068193062,0.06377687526888012,-0.05268830479266112,-0.009566141867498268,-0.013119666604773681,-0.03618785338218422,-0.04021143893467502,0.04361056613870254,0.03113819154707051,0.023749189301591575,-0.003883723840934661,0.01495095618295699,0.08221456779624645,-0.015540370495684908,-0.009108855864327109,0.024395939439042155,-0.00706588667646512,0.027881949172702692,0.0674418759410662,-0.002075032997212241,-0.0038875604791221152,-0.011389735614242847,0.19827799582832614,-0.025810478465218875,-0.03811020546300653,0.10782879255286096,-0.2837192848795531,0.09482635693008115,-0.34011723309326736,0.007712851948314704,0.18083763763889205,-0.2594246126017305,0.5037895165861669,-0.03190596522234842,0.12814484327637596,-0.1276144904656104
pos_prop_PART,0.07929995552750169,0.0018003346348194685,0.0027973127768926645,-5.377642775528102e-17,-0.17309668661885055,0.39682578808962693,-0.023061696548514376,-0.0037423015571925455,0.07517896530285875,-0.0476530841262026,-0.08228965870305827,-0.049862158033486634,0.0056648367332285746,0.05464831069608493,1.3877787807814457e-16,-0.6011448521398488,-0.011200179283101408,0.0023900560000677503,-0.03124673537141836,0.06977047949893489,0.05610501307740623,-0.020135364223375946,-0.026611368697848737,-0.02151792187305479,-0.023282885397537978,-0.0324124145821544,0.05885682655807617,0.005426777957943801,0.2575929914874814,0.037496382013745624,-0.09307352015998074,0.03240791077067423,-0.024690606190641257,-0.10239476104792387,-0.10467374174733436,-0.006866346752298191,0.1394795342409479,0.012505632735096778,-0.059425601015918345,-0.0029335302290875026,0.12502446780839732,-0.0419332375829321,-0.002395187037628546,0.03693579181806254,0.018200668723489813,-0.08418528538946413,-0.12884545692093555,0.014115467410570265,-0.009376541591024606,-0.1160330464291116,0.0926612125292211,-0.022369703080345624,0.07390942643717548,-0.40372691787886905,0.007971227332223274,0.007272686932903075,-0.05684638691580077,-0.00391480784858954,0.029929953281361082,-0.15232182628141278,-0.01814856620139335,-0.063635839202511,-0.10750806602892335,0.09037031546543028
pos_prop_PRON,-0.013573823793918518,-0.017609331969716827,-0.003504853834427578,-2.7755575615628914e-16,0.05264320013447553,0.2950421758642731,-0.011257602055897776,-0.004187287307608435,-0.039030754197113646,0.011241692931549405,0.046559799847938184,0.0477754735239631,0.0253480510913765,-0.009716374204315509,2.1337098754514727e-16,0.11221501881781107,0.01862948061720041,-0.04076085464640872,0.025624025069866413,0.005942297862938491,-0.011256890763846825,-0.01868446133335431,0.05634842565721605,-0.01937214392090445,-0.019200705574568433,-0.014055854838224385,0.015582034175059007,0.013036756679420749,-0.033394783404541994,-0.008252666631528443,0.013250962679993074,-0.006118472445755353,0.013933898001879295,0.005772781069051963,-0.001734360736419277,-0.018381738381212764,-0.0005281565496837726,-0.001162382909616115,0.0005306305254265868,0.02990204306673957,-0.039138901781931246,-0.014314528996559876,0.002917583872541221,0.0011402528717711592,-0.010382425198601594,0.001780076906056794,-0.04479164889942923,-0.012600907471735555,0.0016461125221005485,-0.0037638194584649655,0.04378316979795325,-0.017625018775704708,0.019731186154273543,-0.21288102213424814,0.061445035878160865,-0.013816523151857989,0.024897986721754264,1.4540159637040084e-05,-0.012623908843733732,-0.03799752004072618,-0.11685690858361342,-0.10714372427080832,0.6322012262630594,-0.6297256234372098
pos_prop_PROPN,0.11306091553250429,0.09270256540349106,-0.05718829906312076,-4.163336342344337e-17,-0.13100184249371866,0.11995603616883395,0.009004091771459187,-0.0005868931645304637,0.01767772189243677,-0.0051822203971738645,-0.025851378863864544,-0.02069785547591274,-0.004526728972117297,0.013662958566917975,-1.3877787807814457e-17,0.0899408116681341,0.019077324171276222,0.13686485051397834,0.054891464324375014,-0.27581642772675946,-0.09371802598381618,-0.013907551898397763,-0.019739371388523608,0.03571536034952802,0.014259048662843499,0.003095869073609092,-0.03145540625002391,-0.09447116454989765,-0.03577786710581851,0.036376273461025954,-0.030170967409774235,-0.004885266632832216,0.023778966197195633,0.002927925517834804,-0.05679532419071842,0.04479754281457042,0.07674362420597694,0.02616361397617785,-0.01537595066620638,-0.04891453950381913,0.07715495529635816,-0.008935435528880042,0.003044808405920793,0.06547693354316386,-0.0407568846128165,-0.03994072084703407,0.005653639003653059,-0.025867481135867787,-0.0023233940188303465,-0.017777817335015655,-0.37688033120060693,0.24818382754246904,0.3259050312856161,-0.16167067382458988,-0.29978953207342207,0.08293302521604572,0.13789121888063846,-0.0008647302038327642,-0.11766390714710394,0.3233293953512325,0.4570180483044828,0.011394966013430301,0.05036885822300694,-0.014464677088632867
pos_prop_SCONJ,-0.004126943269877661,0.009401932907914865,0.0065576564097988305,2.704000218178848e-16,-0.025892279835588946,-0.021782313398942956,0.013758915648857565,0.010401186059538325,-0.4836238423109069,-0.5258866406007539,0.05590427784992322,0.5548459258192772,0.36923833573332965,-0.1090336814239011,7.451179430406629e-17,-0.09505547146016805,-0.0013509683126888038,0.006807684571507835,-0.0007998631176271281,-0.016729845046329045,-0.0017386305510666924,0.035490164858235446,-0.07056079630738846,0.0019852404386698124,0.02070264665954818,0.048809175233417955,0.0067973035244507625,-0.009378088690786109,0.035466028434378086,-0.006726047588693163,-0.0036151984224745276,-0.0006113667257242831,-0.0010404928409487573,0.003873872801766265,0.0022160137550594206,-0.003319909524842901,-0.0009923385721156142,-0.0032911369194020823,-0.0008081811401573075,-0.006003714182583997,0.012123357546711566,0.0009766433837186395,-0.0010632100231815211,-0.001358324635831465,0.0004986911591536997,-0.004238328726112378,0.012493638444191296,0.002665317953827604,-0.0031521174311499485,0.06706829097173415,-0.02179998393275033,0.007019684006343042,0.015515927221766427,0.008290581746847187,-0.012278077659134447,0.006638457394934794,0.012308744162928077,-0.0023858827981371455,0.00957261400789211,0.005881255879914921,0.006367373985793064,0.011819391691035339,0.016081430505664913,0.0470384542677817
pos_prop_SYM,0.2366485848981447,-0.25941661144357664,-0.3959636024918311,1.1102230246251565e-16,0.08781970908571864,-0.027450960546361272,-0.030808725540785464,0.0020449257384639735,-0.02384761827774215,-0.029278141235790117,0.007981457396846747,0.026243465709514524,0.013202411358195554,-0.011708882996178949,-1.6653345369377348e-16,-0.046106614425472384,-0.027092130867797576,-0.021871226995770987,-0.016701127084727957,0.12741672436298668,-0.1653229465909447,-0.08282298750299602,0.20621044387808807,0.014981060451056488,-0.036439548086901655,-0.0550800780286016,0.021659631220409963,0.04658323271160181,0.008512309193577552,0.05693082931670203,-0.0009272547413684065,0.038685475206902444,0.006984028805070534,0.023895142133890622,-0.015659845312264796,0.019107473455779192,0.07680971747378569,0.09266688114540647,-0.033239011669448267,-0.060938107443581774,0.09529885300942169,0.02210755329612885,-0.0032994690064409096,0.06357729737057034,0.014140151081620193,0.0012545492938477185,-0.07434509930814892,0.002895175223078056,-0.0008711969113011676,-0.1022881363807227,0.4316553557293895,-0.09532945650354088,-0.1356765910919562,0.08138220362789644,0.07543830476278805,-0.046543662606817,0.011500244820600268,0.002946029811070316,-0.38066190477179335,0.3305746306877744,0.25499315361083313,0.003196296592409543,-0.004651229669927392,-0.036912390676113946
pos_prop_VERB,-0.05059553917201769,0.07903869267759188,0.13954673670286452,-1.734723475976807e-17,0.014193129540965188,-0.0705435826910778,-0.13164867565815677,0.005293782527411724,-0.09829905333870305,0.012865773914520949,-0.19960008441605215,0.03453506989378129,0.13410655169765043,0.02363501964708878,-6.938893903907228e-17,0.034190756474405365,0.005831331174787818,0.022462102740637202,0.06427864611027959,-0.09316714676467469,0.0729016770418548,-0.30629745507231887,0.6850254872978814,-0.08231499029689682,-0.20773829478356753,-0.18809196015266655,-0.026909584799375802,-0.08288406856175373,-0.0026234985418959744,0.0172810853149835,-0.01898011458753978,-0.0008833218964452993,-0.0027733227503394797,-0.021126676704395258,-0.026834353225063945,0.020856587511372815,0.01881252233732783,-0.03595685159710435,-0.008925855394827098,0.0006494999350076802,-0.016752457651451863,-0.010768140447156543,0.002290493505593183,-0.005468388908181243,0.005074601136622614,0.00647997227705277,-0.07256302690340816,-0.038430351578495586,-0.0054948914560322415,-0.38934809173305196,-0.07842970023410584,0.04698398307837888,0.0026277566784908,0.07476084436923278,-0.05229323175715256,0.004672535993230212,-0.0027473774929845096,-0.005790044729818963,0.09472469050059404,-0.09880437687912605,-0.03706279484208578,-0.051814338759778214,-0.005885255299499105,0.03893300104725566
pos_prop_X,0.026463359511012426,0.04297408904291327,0.049996773175681006,-1.1622647289044608e-16,0.020919012040251768,-0.028013632613374057,0.029358320843617728,0.0007098242399957099,0.12761240838967147,-0.10237497504197993,0.22631624478666654,0.007874086783537036,-0.17337647027455777,-0.08345690843216792,1.3877787807814457e-16,-0.26980522141402985,0.0011303387052454261,0.03300118573744217,0.06176687122123148,-0.07836350960443651,-0.029945903811558462,-0.05021350807574761,0.4647124979932411,0.00880742725187629,-0.025074138328286658,-0.04526479327416362,0.03005502585370516,-0.037836036470515894,0.09703442917826433,0.0034256108356784526,-0.008476817787415207,0.00048690449867957314,-0.01763545707638421,0.02594820101128732,0.04789538062143289,-0.008495271184397305,0.028402024355076383,-0.02146413579425579,0.0005734077689346778,0.005086179381222884,0.015742526756386745,0.004859335314099711,0.0056097567974123935,-0.009164307342299588,0.001997189682480749,0.013846757153094746,0.03979464021286705,-0.015208851483168778,0.0008172210831922655,0.7207250490159167,0.010116981221976767,0.05180926737173936,0.02137430839960431,0.11160647768531147,-0.06831302310642176,0.010783158126421166,0.03042227966393586,-0.002119576286355271,0.02038474729289766,-0.021617869531461872,0.007146274871022706,0.08376865705246886,0.029160521553441066,-0.05735935462850793
prop_adjacent_dependency_relation_mean,0.024632329587873113,-0.011407638101096813,-0.0078153400592983,3.8163916471489756e-16,0.027966103287924177,0.017599680813228977,0.047985057115288304,0.0033611585715885533,-0.32120550863396563,0.44995237562537166,-0.5674585579124274,-0.0914814544534612,0.4046753643132544,0.17905301482008892,-1.3877787807814457e-16,-0.0725020323187708,-0.0016997848972775814,0.004903240489346011,-0.0005154401500423525,0.023152557249349743,-0.04214121111312694,0.051088318047805975,-0.001952753283200423,0.047331351575813654,0.04718895237748702,-0.005995580419802346,0.017921090026957992,0.01434937396340634,0.024787057947295424,0.000490175172704152,0.0012341461233923295,-0.0003803328615411619,-0.006119844484023076,0.010557310004302753,0.022441881968860093,-0.005878626892560829,0.006616701858897928,0.0019067877479059525,-0.00023595006583587708,0.004629031665358288,0.0038308575318614403,0.0013146587347662442,0.0021967161881496222,-0.0001885486526435609,-0.0016187412235662332,0.007172231928169598,0.03279255989274103,0.007230489581659104,0.0024312026124627267,0.374368136279272,0.021364916431184766,0.0033732536013098002,0.00579601660621068,0.02517928221615977,-0.008011120183200326,0.0005910255363702765,0.012370856395793328,0.0008430744011146095,-0.025702895175765045,0.014012538553587861,0.008470002601679405,0.04709610468626352,-0.001574137950425103,-0.038610787981119554
prop_adjacent_dependency_relation_std,0.02245816903275007,-0.03535538319228383,-0.044070144481334346,3.191891195797325e-16,0.04565730431461134,0.03021747284801886,0.011359145697120435,0.0004228565313808847,2.858839903971313e-05,0.006526318606315772,-0.005969892122582469,0.00936728373577262,0.0067991877902804365,-0.008213976197396396,1.3877787807814457e-17,-0.02339740768913906,0.05908170645931181,-0.14081899079351431,0.5334510225905341,-0.24067783953860736,0.0732077747154234,0.009612533016683356,-0.024870427440152554,0.03338899421777272,0.018121415941041677,-0.01808509303332037,0.004122762359577883,0.06656018224051366,-0.0022967217451077687,-0.005596162366431012,-0.008056660985805306,-0.0025980015164490805,-0.001762872442076957,0.0016685495687231988,0.007487735897112213,0.0019419338762188681,-0.00657794664697664,0.021790677701394964,-0.00447336014058556,0.002602646353062177,0.017198542138453884,0.0007331366015360889,0.0003518480288348391,-0.005214187067411599,0.010107925310378421,0.008197575925088744,0.028391456435809745,0.010215484434806597,0.003262746301257788,0.014256720564101238,-0.16740894093786815,-0.07311224018137776,-0.15001113741523028,-0.019506580077152502,0.21832232938606305,-0.06902455344647368,-0.6727770426908305,-0.0016241777411415276,0.01935235699851065,0.0047903625309676165,0.22357940402411877,0.006104295936107405,0.0037324100908891628,-0.012526153912598662
proportion_bullet_points,-0.05295998759787442,0.0076014334453086314,0.010612953941948177,-2.949029909160572e-16,-0.02380972348659129,0.01687283341155201,-0.0036595607225829094,1.6431389737517343e-05,-0.043584690594887926,0.007984259653901444,0.040935030889075026,-0.05959093375452838,0.023245225323312024,0.04795006991619216,5.551115123125783e-17,0.00624289845057463,-0.22463071498148485,0.3080146863622048,0.5552052254559581,-0.26233255612372436,0.1524627060741351,0.05260786469254875,-0.10480296081524285,-0.04112235686009072,0.005907473040249078,0.04072880963171882,0.0045040081773805585,0.013259089426782486,0.012388650886887051,-0.02141739610031025,-0.0016524908050743747,-0.013850387907067857,0.005482976275845458,-0.0019295702555450073,0.0009624314050197813,-0.023599431849763305,-0.013907422730827124,-0.012919996872855222,0.009982221094672394,-0.010402540322663356,-0.0162254724547104,-0.003913550233386801,0.0015097871121838788,-0.013262206916626766,-0.01179451079897775,-0.009957575572061603,-0.03628040657317025,0.0027413973551078524,-0.0010076226007591817,-0.04033847239612828,0.3985104638102283,-0.06096727013788243,-0.18237992828609575,0.005348328039609133,-0.36829829089618554,0.06257563088601445,0.2639901430585271,0.0022107905832457753,0.08669973745008798,-0.02289708980067754,-0.06367224681044456,-0.010217491772131979,-0.011619727511189434,-0.009434829985127773
proportion_ellipsis,-0.003726729046844785,0.005128356642968325,-0.002015778756089765,-2.0491421059976034e-16,-0.004769401412601296,-0.008266926001854979,-0.009671169427346912,0.0031657576238364,-0.36706088290028155,-0.17897874225575008,0.4570121245006204,-0.6086289649018215,0.24100380904324786,0.4266482132460401,2.3592239273284576e-16,-0.006275462824013877,0.02914186143244961,-0.03746156553620773,-0.05869183998914284,-0.00982114732207759,-0.00662630675406554,-0.01353902634008814,0.04154578061744555,-0.014884930521519093,-0.013219311932876007,0.014755732345300938,0.0004987262233065639,0.0023495881073627434,0.001890786005861322,0.0008140828202180513,0.000459572226606521,0.001011760580419718,0.0005807769449840405,0.001055235306804292,-0.000664238766377237,0.002273953532513681,-0.0010221975428733598,-0.0007782528393878163,-0.00012115928228089573,0.0017275847918858667,-0.0027360048728207187,0.001383965673470336,-0.0003381355255959728,-0.0005990561755160884,-0.00017418378350403385,0.0007036248265168688,0.00031144327495302715,-0.002219628378212102,-0.00020066231475730778,-0.009019787390236102,-0.028035515274607604,0.011632824150741294,0.023497698598545044,0.0047866320910652516,0.042707478031115284,-0.005758084729820867,-0.03678594632427207,-0.001240145833796849,-0.004024829013498765,-0.00037648588212721434,0.010185452303126629,-0.0015563695456336816,0.005568564870033918,0.01453313993720063
proportion_unique_tokens,-0.04331375057265449,0.0671364731356511,-0.1457669900228995,-2.0816681711721685e-16,0.004097013487345917,-0.013738508871719703,-0.018940053094577615,-0.0008154995093762191,0.016088657037018658,0.03695321244579808,-0.021077380316794878,0.011434942471028713,0.021947327033465195,-0.04052174399294903,-2.7755575615628914e-17,-0.006475941747818792,0.09281582870607813,-0.1326146042973918,-0.3827080865662541,-0.7165047433188485,0.2116663804180084,0.07237389503317798,-0.010381276430889763,-0.08074380887168768,-0.008177622271488622,0.046892788184620074,0.004296748648607823,0.03148485547777641,0.008617761057382045,-0.016587116646841565,-0.002174531446143685,-0.011627907227577783,-0.004154831697058922,0.00564631000642456,0.0077006444680091934,-0.02388035291261284,-0.042508374280657374,-0.007730693992632459,0.007097210849561469,0.007569892307634284,-0.02077348605261522,-0.005731031945215029,-5.261899393374514e-05,-0.0254152346090412,-0.001384600263499916,-0.0009056767031828672,-0.02419342051145701,0.004858983626773922,0.0002022814129932632,-0.004109886410784698,0.3622148199820142,0.01722373933444503,0.19515230939365197,0.0468254178276796,0.16303308455371734,-0.001584475973539362,-0.047116094567666314,0.000549360288070122,0.10733832133621524,-0.033521869913175475,0.05520699320278649,-0.00497883103724589,-0.012405178332882585,-0.010967038646544476
rix,-0.001795673951125436,0.003302302700301039,-0.005067669947518083,-6.5052130349130266e-18,0.004792373652133186,0.0007371484110374452,0.0018916979614122334,0.0016329583813056243,-0.2890209519557541,0.020895456385036162,-0.09724767377012783,0.31601877375955933,-0.6112391489740788,0.6560755145786694,-5.299580219109146e-16,0.0010014212416340571,0.005609040024355839,-0.007973406206689262,-0.016250071061293943,-0.029300979631486403,0.008343638955379398,-0.00570897075756501,0.006249355631561131,0.01597325151340262,0.001780291652515675,-0.021104841529702816,-0.0007531200392991138,0.0025124984334596555,-0.0007633051680041459,-0.0007744630640647617,-0.002107076433025922,-0.0016891500854421,-0.0019019279177200548,-0.001159147764951629,-0.0018505475367374476,-0.002203631143126425,-0.002961336595929731,-0.000573664188233694,-0.0005794244483606614,-0.002900173646956064,-0.0028926294068263494,-0.0011206600997756555,-0.0006403495573795437,-0.001679881846490927,0.0003890830369512946,0.0003525741055257249,0.0007258049480691475,0.0030996660434463585,0.001308444682332021,0.0038220045127352817,0.013561146276696301,0.001101607709812935,0.006534985806305654,0.003363990387183241,0.009769647997385389,-0.0012518654956855946,-0.006799379425048699,0.0014360870054759833,0.004978316992520382,-0.0032515294560246377,0.002875846776727784,0.002817945017890122,-0.0012878726631721793,-7.063073035610927e-05
sentence_length_mean,-0.046390963922415616,-0.04975992695435813,-0.12499500596865594,6.591949208711867e-16,0.02893882156746442,-0.008812523163876249,0.06577169325944068,0.0020268685752430522,0.016821177138773485,-0.06791415962306577,0.009187040784777662,-0.0222054186398976,0.01643968244074166,-0.0037170127411065845,1.734723475976807e-16,0.014567174569830935,-0.1057603109610416,0.04401630080969163,0.02063529087167021,-0.0005874616406232602,0.12919196411154654,-0.17965439607341424,-0.09501849431800771,0.6486227084528885,0.13834087310222398,-0.5739659974467719,0.005232219094083265,-0.0038033783443201866,-0.023897500391331577,0.011591480278645531,0.0017348501586429421,-0.0022577271796677123,-0.006475861764133645,-0.004459450105379847,-0.0006241703563491241,-0.009936722490967817,0.011792031533748415,-0.010697995238119762,0.004050584111235531,-0.008453457175433075,0.006127560271191065,-0.00994494417152561,-0.0007229054797803502,0.006245532226695688,0.004252209884356928,0.0030864898494849177,0.027539271251291034,0.007681430478304663,-0.00018363334399379427,0.006550270561074434,0.025269180136913094,-0.17926093178555122,0.26777858540138266,0.05172592382880334,0.03171437677525359,-0.007954403480875255,0.0313490295945376,0.0034775492762014054,0.11771204949755978,-0.02780670465308961,-0.033216168398019996,0.015310506367167215,0.004932296696692737,-0.013143401487167139
sentence_length_median,0.0175296584622296,-0.21854422459765427,0.7314223350967859,-4.3021142204224816e-16,-0.08130054444091228,-0.028996325006890714,0.030175413579972946,-0.001072366008462236,0.011343391072999453,-0.011548614341622772,0.0004334595696632356,-0.0016196073722085863,-0.00272860482432101,0.0018432759517029752,3.642919299551295e-16,0.033233619771198805,-0.05966491678782625,-0.012990334328829463,0.03293620919135918,-0.17047847846016198,-0.40998636472973726,-0.021244315168366182,-0.04597815479012755,0.05312921588920882,0.009366913448620479,-0.02536095600325444,-0.000492950078168207,-0.004643620310024767,0.028311705922633365,0.024459830318593535,0.011589422180989802,0.013014486015948352,0.010388406808368195,0.002755443612385944,-0.0007669529370687295,0.02766538093161948,0.04654036894260377,0.021299346301029587,-0.004503218176238305,0.016025787934714764,0.02787110412396876,0.018766866213444047,0.0034683086840193167,0.026234117375746324,-0.007810670621586038,-0.008315750402149213,0.03557319266828333,-0.0015889359099333505,0.0030468266555634116,-0.031472476275758846,0.22193548400739982,-0.15750892227165367,0.2232233002858496,0.013940130200501888,0.09470100822946902,-0.006297263728138564,-0.05345713958138638,-0.0012744885011421944,-0.22921880989766838,0.006355860685037899,0.024503656184714846,0.007758314688026704,0.004678920068789904,0.013281065152115735
sentence_length_std,0.030965195067798552,0.23113482738354169,0.15353614903713447,3.0010716134398763e-16,-0.045017072429417354,0.04332467492802079,0.05806303746917608,0.0011011182329901635,0.006279495669576949,-0.025999967698366492,0.0009180203332177587,-0.007260092647679226,0.006806139360877341,-0.005316833695079244,-3.122502256758253e-16,-0.0005952464425021883,0.241981315352095,-0.08853158076795438,-0.14104162660262493,-0.15204630074165348,-0.18662656286696422,-0.08836910835183959,-0.09125485344381461,0.2782152524430216,0.05606925706589888,-0.22692524542716108,5.012441601920381e-06,-0.007321176367664342,0.006338987521803882,0.013757446173781083,2.8134498398023344e-05,0.001232364045305176,0.00032991762718821704,0.0017598933572248454,-0.005035208600604808,0.007370323647637449,0.021465794445492542,0.009134319648412076,-0.004349807499176794,-0.004349423863578325,0.011091260337519032,-0.00011270091387328984,0.0070620718623583545,0.010551571143505703,-0.0040071766378339466,-0.00577183786747968,0.010940968005798885,-9.639710383449462e-05,0.0014469286503738105,-0.014451714078753758,0.10256451828865024,0.4283053154169001,-0.6378562390806609,-0.06833569008558665,-0.09729493665279969,-0.003768164987409728,0.005682416925635217,-0.0011877490465928425,-0.06767214322615149,-0.013024135170370913,0.009384456177076754,0.002794463220584756,0.002495996942114831,-0.006146638351092498
syllables_per_token_mean,-0.44443176261177525,-0.1078092036503762,0.0676705219787497,-2.7755575615628914e-16,-0.004898426927531285,0.003262400579128244,-0.016867551718968588,-0.0001267851433078837,-0.0011287939414110215,0.0030638890044484557,-0.0021059973830070966,0.003082780042007807,-0.002028930333122375,0.0024066136112384506,-2.706168622523819e-16,-0.002843530594548463,0.03988098762880677,-0.011382955255668119,-0.02111964001557717,0.01754484096299035,0.36158799632139965,-0.015072039125053636,-0.008916889214099789,0.01592565722336601,0.0041232334659568465,0.02682644701041656,-0.006762849684228769,0.0058257053455490725,0.008282364936707021,0.19282439802411563,0.20536402078970276,0.17712630494131676,0.18373503493407026,0.11492123591925474,0.21520144127812105,0.12592145461201934,0.29955429938842204,0.02015518597163559,0.12067418114218986,0.32518997615020184,0.27777624073616125,0.07982404614585588,-0.02020297011147886,0.2006986989004328,0.03743338169216892,-0.0006125467300730925,0.0038383181185124363,0.00021357899413156946,-0.002368771981590922,0.017980071328368746,-0.026366806884116835,0.07537091039795549,-0.03237119429363608,-0.004499822539111818,-0.022549896432401413,-0.00025855192189063684,0.0031039629749814147,-0.0007945260690948672,-0.2944383754795498,0.017190583444857497,0.0036657795896929413,0.00283925832457076,-0.00032660848492748504,0.00015057899207782729
syllables_per_token_median,-0.027809410902025714,0.1808654762928308,-0.18421951132957762,3.625572064791527e-16,0.00992909655924575,-0.003207089570043155,0.06564717786152205,0.0007824768961794092,-0.005057310508223518,-0.007323977582702355,0.0001486511666875575,0.000506748079072708,0.00019482322725596947,0.002139540147718569,4.614364446098307e-16,0.02293704456132721,-0.0511341792484136,0.01353460066392928,0.03284408386896942,-0.029788416038032547,-0.5240388638392575,0.2449755410718587,0.04014408002918893,-0.20494577162822605,0.060398927450828976,-0.23146971036450104,0.015213926902772318,0.00458972534505131,-0.008915491013673504,0.1296039508334121,0.1553519037566985,0.11818379996276707,0.11971141981647482,0.0821294113130917,0.1310326430971088,0.08321570404277664,0.2130682018274027,0.08374812706251347,0.06832736788721257,0.19601050653422658,0.18587321495972514,0.06501160037296197,0.023848112560604068,0.15359367151156067,0.02468083995967188,-0.0011892498721760847,-0.004584121840745969,0.001111623218488643,0.004356827501597382,-0.05862107018941412,0.032222740033405334,-0.09821873464532103,0.017266616781774293,0.0056284128519415375,0.031065989921625417,0.0013744374300135587,-0.005528136826422225,-0.001596531818575088,0.4605187787331247,-0.005464574361794178,-0.012083532969357491,0.0018826976543997176,-0.010798983970403585,0.00020959618553852838
syllables_per_token_std,0.013536952678531949,-0.08635934820915063,0.10152881746812296,2.454633718507182e-16,0.005734811035733135,0.007831599712522563,0.15763385125464696,0.0009629897763055728,-0.0033876245072801993,-0.025188003298353436,0.004696456210297215,-0.002627375536308421,0.004021252229336746,-0.0010934161146792624,4.163336342344337e-16,0.0007288985372055183,0.030249184437504933,-0.002943797691166039,-0.009142688284143496,0.03768743173181319,0.21926017522417163,0.5477922491271245,0.07976851128911801,-0.35966056804244995,0.11799966508183543,-0.5942100245208262,-0.00803179246076316,0.004462993660250075,0.006373583315741893,-0.04914760531949891,-0.05291473582485873,-0.04048117159666986,-0.043627566447048405,-0.02755044417231578,-0.05549664066863591,-0.03258893690116642,-0.08301358682631313,-0.03015467630762847,-0.024916795496643135,-0.06354812188849324,-0.071710249959551,-0.018596187548426818,-0.010402676225282875,-0.05666017595463309,-0.011876374152811203,-0.001293241962516345,0.016251058394247814,0.00021226381857888943,-0.0011771179510935703,-0.03521836197706438,-0.04488488950296343,0.06564944543623871,-0.011431104949907005,0.009385122350801689,-0.028659061041700518,0.004298750844696178,0.005991845306318244,0.0007291076773692897,-0.242105849564716,0.015443918153911718,0.009825765380095799,-0.0009675063827612948,-0.005693220061757414,-0.002312209985334601
symbol_to_word_ratio_#,0.001603348535545671,-0.004929587908904325,-0.02196772054086376,-1.5211356479971627e-15,-0.0014225866961889784,-0.003519313549807078,0.7116620841108817,-0.00013029807617789954,-0.0009617827355946622,-0.003426344804600347,-0.0005192549944637904,-0.0014091271790888063,0.0007533532112850231,-0.0001473756793545591,-1.6332421526321639e-15,0.0010128641732437531,-0.005243549365031307,3.7583429366194396e-05,-0.0044533906562735336,-0.01016333702458904,0.03684980873221337,-0.534021145157672,-0.0727472703152746,-0.3493195793830172,0.276784667113657,-0.041609448638352295,-0.0008036342969573937,-0.0036328146319811877,-0.0001504489410732654,-0.0009939614965160798,0.0015701817629819315,0.002222805069609937,0.002336393219035976,0.0021979766565938877,0.001842753400119801,0.0009814714851801576,-0.0034265956989001506,-0.00018426428362441037,0.003258336087816782,0.004148943986889808,-0.004243329913607957,0.0016346715070775647,-0.0004232584853942345,-0.0028757942226560473,8.101590663203706e-05,-0.0006502723074163774,0.0003007852532216915,-0.0011566744806276036,-0.0005286668438465036,-0.004714317520324501,0.012196382085251603,-0.012084641946920032,0.012023235304896046,-0.0005590781502416153,0.005927886485707811,-0.0024670138839582856,0.0013209452391933496,-0.0005105983440743811,0.004938368863425149,-0.0017178001979218788,0.0015484410232007376,0.0010891531675886953,-0.001862306208346931,-0.0021978242563049644
token_length_mean,-0.0024090173914439713,0.0015688766482525348,0.020533771775199657,-6.155449414069203e-15,-0.002636134399158911,0.004865200625080317,-0.5194507334197915,-0.0003073652073018855,-7.719174011912105e-05,0.0007458252851420869,-0.00023119859446561926,0.0008543147347262643,-4.3251698911032574e-05,0.00020183530752261505,2.3227947343329447e-15,-0.0024236958393330284,0.004226445281447179,-0.0016717795606143657,6.716420070364965e-05,-0.002240634574198711,-0.007527390841747646,-0.16846174199763936,0.04929347468311932,-0.16248900832571786,0.8194854209833415,-0.016060747942029413,-0.0007647631049365472,0.0006794985100382483,0.0010405398027113766,-0.005920618603343683,-0.003999573291171232,-0.0042913653458252765,-0.003367452610864824,-0.002524798245987142,-0.004359318439798671,-0.0039606752655428346,-0.00992107585887353,-0.004184589821765641,-0.00029611188191150037,-0.004499420529328141,-0.008467986696325217,-0.001611333340032911,-0.0013321216463714203,-0.007000352218564793,-0.0017781368643466286,-0.00175817428970515,-0.00025502645052678796,0.0007590761904033294,0.00024600285151094026,0.005565693276166989,0.002504615492493173,0.007293726739788925,-0.008358237485664555,-0.0013904728837804137,-0.0014445143670855573,-0.0004879581718343906,0.00021657875659530923,0.0005733335199560596,-0.005656617372711281,-3.880774275377696e-06,-0.0013545386684650773,-0.0006571116553459426,-0.00014835897603394238,0.0017296279523137392
token_length_median,-6.117560623684859e-16,-0.6179977761378824,3.467671200119897e-16,0.1255276536312972,-5.444593216536882e-17,1.0965136342769566e-16,-2.9779086870385717e-15,-1.5992249099012367e-16,-9.234690678175179e-17,2.7195088311135177e-16,-1.041967105332252e-17,7.415889201439636e-18,-9.213556465657627e-17,2.3555094982418546e-16,0.12642585795942074,1.3441579345095357e-16,-0.29900195668747154,-0.42228789916497195,-1.8253052305848013e-16,-3.605411827477981e-16,3.2028324738698814e-16,-3.748600771047542e-16,3.779173464088355e-17,1.0518642140987222e-16,2.7175495639470492e-15,2.4982355529268627e-16,5.3498626551431475e-17,2.493705826879791e-17,3.2499811462974567e-17,5.241915012771848e-17,-1.1405762433209963e-16,-2.743757151886643e-17,1.2095059556271067e-16,9.020562075079397e-17,1.1102230246251565e-16,2.7755575615628914e-17,1.6653345369377348e-16,4.163336342344337e-17,5.551115123125783e-17,1.6653345369377348e-16,-8.326672684688674e-17,1.6653345369377348e-16,1.1102230246251565e-16,-1.3877787807814457e-16,-1.7780915628762273e-17,1.1102230246251565e-16,6.245004513516506e-17,-3.469446951953614e-17,1.3877787807814457e-17,2.7755575615628914e-17,1.1102230246251565e-16,0.42610694471109967,-4.996003610813204e-16,-2.7755575615628914e-17,-0.17763613029012712,-2.3592239273284576e-16,4.163336342344337e-17,1.3877787807814457e-17,0.324787771170799,-2.7755575615628914e-17,8.326672684688674e-17,-1.9081958235744878e-17,-5.551115123125783e-17,1.1102230246251565e-16
token_length_std,0.0,-0.24343547980608854,-2.7755575615628914e-16,0.16350414501649946,-1.9081958235744878e-17,6.591949208711867e-17,2.9698465908722937e-15,-5.410168840702667e-17,-8.933825901280557e-17,-2.6194324487249787e-16,7.45931094670027e-17,2.498001805406602e-16,-1.6046192152785466e-16,1.3704315460216776e-16,0.23508930491377483,8.109832250191573e-17,0.07288817368295046,0.6816768598963713,-2.949029909160572e-16,-1.249000902703301e-16,3.0531133177191805e-16,-9.783840404509192e-16,-6.158268339717665e-16,-1.1136924715771102e-15,-9.298117831235686e-16,5.967448757360216e-16,1.8908485888147197e-16,1.1102230246251565e-16,4.163336342344337e-17,2.7755575615628914e-17,0.0,1.3877787807814457e-17,2.498001805406602e-16,-2.7755575615628914e-16,1.6653345369377348e-16,-8.326672684688674e-17,1.249000902703301e-16,2.7755575615628914e-17,2.636779683484747e-16,1.6306400674181987e-16,1.1102230246251565e-16,-1.1102230246251565e-16,2.0816681711721685e-17,5.551115123125783e-17,-1.6653345369377348e-16,-2.42861286636753e-17,-1.9949319973733282e-16,-2.914335439641036e-16,3.5908775952719907e-16,-2.0816681711721685e-16,-5.551115123125783e-17,0.3627729541913652,8.326672684688674e-17,1.6653345369377348e-16,0.4906836309044199,9.71445146547012e-17,2.0816681711721685e-16,1.6653345369377348e-16,0.127937138227619,-1.3877787807814457e-17,-1.1102230246251565e-16,-8.326672684688674e-17,-1.1102230246251565e-16,2.498001805406602e-16
top_ngram_chr_fraction_2,0.0,0.43683653040715237,4.718447854656915e-16,0.22137637623898143,-1.1102230246251565e-16,-1.8041124150158794e-16,-3.9968028886505635e-15,3.3154902434606726e-16,1.3877787807814457e-17,-1.5265566588595902e-16,1.6653345369377348e-16,2.3592239273284576e-16,-4.163336342344337e-17,-1.3357370765021415e-16,0.09001371534321846,-2.3592239273284576e-16,-0.75264520890551,-0.11422338553885664,1.942890293094024e-16,2.7755575615628914e-16,2.7755575615628914e-17,5.273559366969494e-16,8.049116928532385e-16,-6.38378239159465e-16,3.469446951953614e-15,-2.498001805406602e-16,-3.469446951953614e-18,-5.551115123125783e-17,6.591949208711867e-17,-9.71445146547012e-17,-5.551115123125783e-17,-8.326672684688674e-17,-2.0816681711721685e-17,-2.7755575615628914e-17,2.7755575615628914e-17,0.0,-1.5612511283791264e-16,-5.551115123125783e-17,9.71445146547012e-17,-1.1102230246251565e-16,0.0,5.551115123125783e-17,0.0,-1.1102230246251565e-16,-1.3877787807814457e-17,-5.551115123125783e-17,-2.498001805406602e-16,-5.551115123125783e-17,-1.1102230246251565e-16,2.220446049250313e-16,-1.1796119636642288e-16,0.19463358251023694,-2.7755575615628914e-17,-3.382710778154774e-17,0.2862751230150429,2.7755575615628914e-17,6.938893903907228e-17,1.6653345369377348e-16,-0.22957875991655569,0.0,9.71445146547012e-17,8.326672684688674e-17,2.0816681711721685e-16,-1.6653345369377348e-16
top_ngram_chr_fraction_3,0.0,0.09802177880096738,2.0816681711721685e-16,0.5080972190504753,-8.326672684688674e-17,-1.5265566588595902e-16,1.0547118733938987e-15,1.734723475976807e-18,-4.440892098500626e-16,1.8041124150158794e-16,-1.1102230246251565e-16,2.1510571102112408e-16,-1.0408340855860843e-17,2.5673907444456745e-16,0.7676123660991001,-4.163336342344337e-17,0.19962728852793113,-0.10639251970056743,-2.4936649967166602e-17,-1.3877787807814457e-16,4.440892098500626e-16,-1.7763568394002505e-15,-4.3021142204224816e-16,-3.608224830031759e-16,8.743006318923108e-16,6.661338147750939e-16,1.3530843112619095e-16,-1.3877787807814457e-17,5.551115123125783e-17,1.6653345369377348e-16,-1.1102230246251565e-16,-6.938893903907228e-17,1.6653345369377348e-16,-2.7755575615628914e-16,0.0,0.0,-1.5265566588595902e-16,-6.938893903907228e-17,-1.1102230246251565e-16,0.0,-9.71445146547012e-17,-9.454242944073599e-17,1.1796119636642288e-16,-9.71445146547012e-17,-9.562663161322149e-17,1.942890293094024e-16,-1.6653345369377348e-16,-6.938893903907228e-17,-2.7755575615628914e-17,-1.6653345369377348e-16,2.2551405187698492e-17,-0.2370640593956952,7.112366251504909e-17,2.220446049250313e-16,-0.18159459322000762,-9.71445146547012e-17,7.632783294297951e-17,-1.3877787807814457e-17,-0.05151519356901446,1.1102230246251565e-16,5.551115123125783e-17,0.0,-2.7755575615628914e-17,2.0469737016526324e-16
top_ngram_chr_fraction_4,-0.0,-0.03612358929823482,6.245004513516506e-16,0.8064359359383206,-1.5959455978986625e-16,5.551115123125783e-17,-2.609024107869118e-15,-1.2153906353562505e-16,-2.0816681711721685e-16,1.3877787807814457e-17,1.942890293094024e-16,6.245004513516506e-17,1.0408340855860843e-16,-1.1796119636642288e-16,-0.5756894194061873,-0.0,0.11259827381346965,0.025911443938617107,2.220446049250313e-16,-4.579669976578771e-16,5.551115123125783e-17,-8.326672684688674e-16,3.3306690738754696e-16,-1.4988010832439613e-15,4.746203430272544e-15,-1.3877787807814457e-16,5.551115123125783e-17,1.3877787807814457e-16,6.938893903907228e-17,-6.938893903907228e-17,1.3877787807814457e-17,-1.1102230246251565e-16,-5.551115123125783e-17,5.551115123125783e-17,-2.7755575615628914e-17,-0.0,5.551115123125783e-17,-5.551115123125783e-17,-5.551115123125783e-17,-6.938893903907228e-17,-5.551115123125783e-17,5.551115123125783e-17,2.7755575615628914e-17,-2.1510571102112408e-16,3.469446951953614e-17,-0.0,8.326672684688674e-17,-0.0,-0.0,2.498001805406602e-16,5.551115123125783e-17,-0.043944934707401975,2.0816681711721685e-16,6.591949208711867e-17,-0.03600707898280922,-2.0816681711721685e-17,1.5265566588595902e-16,1.6653345369377348e-16,0.01898469623658519,-5.551115123125783e-17,-3.469446951953614e-17,-2.7755575615628914e-17,-0.0,2.7755575615628914e-17
